pid,abstract_no,coauthors,abstract
1597,PLPL-1460,,"The issue of plastic waste is emergent, and many strategies have been proposed to address this critical issue for our planet.  We focused attention on the concept of supramolecular polymers, which I have tightly committed from the beginning [1–12].  At the end of November 2024, we reported supramolecular plastics [13, 14], as a strategic extension of the concept of supramolecular polymers using salt-bridge-forming ionic monomer pairs.  This new class of polymeric materials disassembles into monomers when exposed to salts in the natural environment and is then metabolized by microorganisms.  Unlike conventional plastics, supramolecular plastics do not generate microplastics.  Despite their eco-friendly characteristics, these plastic materials possess mechanical properties that are comparable or even better than those of conventional plastics.  Quite recently, we developed an ultrathin low-density artificial luffa sponge from resorcinol and formaldehyde in electric bilayer [15]. References [1] Aida, Meijer, Stupp, Science 2012 , 335, 813–817. [2] Aida, Meijer, Israel J. Chem. 2020 , 60, 33–47. [3] Aida, Adv. Matter. Essay, 2020 , 1908140. [4] Meijer, Aida et al., Prog. Polym. Sci. 2020 , 101250 . [5] Aida et al. Chem. Commun. 1988 , 391–393. [6] Yanagisawa, Aida et al., Science 2018 , 359, 72–76. [7] Yamagishi, Aida et al., Science 2018 , 361, 1242–1246. [8] Yano, Aida et al., Science 2019 , 363, 161–165. [9] Fujisawa, Aida et al., J. Am. Chem. Soc. 2021 , 143, 15279–15285. [10] Meng, Aida, Sato et al., Nature 2021 , 598, 298–303 . [11] Chen, Aida et al., Nature Mat. 2022 , 21, 253–261. [12] Itoh, Chen, Aoki, Aida et al., Science 2022 , 367, 738–743. [13] Cheng, Hirano, Meijer, Aida et al., Science 2024 , 386, 875–881. [14] Chen, Hong, Inuzuka, Mizukami, J. Am. Chem. Soc. 2025 , 147, 44507–44514. [1 5] Hao, Aida et al., Nature 2024 , 636, 92–99. [15] Itoh, Aida et al., Science 2025 , 389, 73–77."
1854,PLPL-1658,,"The discovery of electrical conductivity in doped polyacetylene in 1977 by Hideki Shirakawa, Alan J. Heeger, and Alan G. MacDiarmid established conjugated polymers as a new class of electronic materials and fundamentally changed the perception that polymers must be electrical insulators. This seminal work, recognized by the 2000 Nobel Prize in Chemistry, initiated a field that has evolved from understanding charge transport in highly doped polymers to the molecular engineering of semiconducting polymers for emerging electronic and optoelectronic technologies. Over the past five decades, conjugated polymers have progressed through several transformative stages. Early research focused on controlling doping, conductivity, and charge transport in materials such as polyacetylene, polyaniline, polypyrrole, polyphenylene vinylene, and polythiophene. The development of more chemically stable and processable conjugated polymers subsequently enabled solution-based fabrication of thin films and devices. Conjugated polymers can be synthesized to have band gaps from the UV to the near infrared regions of the electromagnetic spectrum. Conjugated polymers are attractive due to their unique properties: light weight, mechanical flexibility, low cost, low-temperature processing, and simple fabrication methods such as roll-to-roll coating, spray coating or ink-jet printing into desired size and shape. This evolution led to semiconducting polymers with tunable bandgaps, energy levels, solubility, molecular packing, and charge transport for lightweight, flexible, and solution-processable organic light-emitting diodes (OLEDs), organic field-effect and electrochemical transistors (OFETs and OECTs), thermoelectrics, organic photovoltaics (OPVs), organic photodetectors (OPDs), and bioelectronics. In this talk, I will discuss the molecular design, processing, and fundamental understanding of water-soluble conjugated polymers ( aka. conjugated polyelectrolytes, CPEs ) with particular emphasis on establishing the relationship between structure-property-performance relationships. CPEs have attracted attention for their ability to combine the optoelectronic properties of conjugated polymers with the ionic conductivity and aqueous solubility of polyelectrolytes. These materials offer significant sustainable processing advantages, as the presence of hydrophilic side groups imparts solubility in environmentally benign solvents like water and alcohols, enabling straightforward fabrication and compatibility with multilayer device architectures. CPEs have been used as charge transporting layers in OLEDs, OFETs, OPVs, and OPDs and as active materials in OECTs.  In these devices, performance emerges from the interplay between molecular design, intermolecular interactions, film formation, nanoscale organization, interfaces, and the dynamics of charge injection, transport, or extraction. Specifically, I will discuss the development of CPEs and how chemical structures (conjugated backbone, ionic group, counter ion, and molecular weight) and processing protocols can be used to tune the optical, electronic and ionic charge transport, mechanical property and performance in OECTs, biosensors, organic photodetectors, and 3D printing. A combination of characterization methods such as solid state Nuclear Magnetic Resonance (NMR), GIWAXS, AFM, photoconductive AFM, X-ray photoelectron spectroscopy (XPS), and impedance spectroscopy are employed to gain insight into the material properties and device performance."
1383,PLPL-1253,,"Depolymerization usually refers to the reverse process of polymerization. On the one hand, we need to develop new methods of depolymerization for commercial polymers, and on the other hand, we need to develop new types of de-polymerizable polymers. These two approaches are very helpful for development of circular polymer economy. In this talk, I will briefly introduce the history of depolymerization and the difference between depolymerization and degradation. Then I will focus on ways to fabricate de-polymerizable polymers. (1) To fabricate de-polymerizable polymers on the basis of reversible and dynamic amidation between maleic anhydride and secondary amine is dynamic reversible. (2) To invent new radical-mediated click-clip reactions for fabrication of dynamic recyclable polymers."
1804,PLPL-1631,,"The rapid evolution of rechargeable battery technology requires not only breakthroughs in electrochemical materials but also continuous innovation in polymer science. As batteries become safer, higher in energy density, and more reliable, polymers are evolving from passive supporting materials into multifunctional components that dictate battery performance, safety, and manufacturability. This keynote highlights the pivotal role of advanced polymer materials in diverse battery applications and aims at promoting more proactive engagement of the Polymer Society in developing enabling materials for next-generation battery technologies. First, the presentation will discuss recent advances in emerging polymer binders for high-capacity silicon anodes, where molecular design strategies improve mechanical integrity, accommodate severe volume expansion, and stabilize silicon-electrolyte interphases for long-term cycling. Functional polymer coatings for separators and polymeric interfacial engineering for active materials, let alone shrinkage-free separators will also be introduced as key technologies to enhance the electrochemical stability, thermal resistance, and high-voltage performance. Furthermore, high-performance polymer materials for battery modules and packs, such as structural adhesives, electrical insulation materials, flame-retardant coatings, and high-strength protective coatings, will be presented as essential elements for improving the battery safety, durability, and system reliability. Looking beyond conventional lithium-ion batteries, the lecture will also address the growing importance of polymer materials in next generation batteries. Solid polymer electrolytes, gel polymer electrolytes, and polymer-ceramic composite electrolytes offer promising solutions to further improve the safety while enabling lithium-metal batteries with higher energy density. Advances in polymer molecular design and interface/interphase engineering are expected to play a central role in overcoming challenges related to ionic conductivity and interfacial stability. Finally, the presentation will emphasize the importance of sustainable polymer technologies, including water-based processing, environmentally friendly binder systems, recyclable polymer platforms, and low-carbon manufacturing processes. By integrating academic insights with industrial R&D experience, this keynote will demonstrate that polymer science is becoming a key enabling technology across the entire battery value chain, from molecular interface/interphase design to cell, module, and pack engineering. Continuous innovation in advanced polymer materials will accelerate the commercialization of safer, longer-lasting, higher-energy, and more sustainable batteries, supporting the global transition toward an electrified and carbon-neutral future."
1866,PLPL-1664,,"Polymer and supramolecular chemistry offer powerful strategies to create functional structures directly within living cells and to modulate cellular processes with molecular precision. In this lecture, I will discuss our recent work on bioresponsive peptide nanomaterials whose assembly and activity can be controlled by light, redox signals, enzymes, or metabolites. These molecularly programmed transformations enable intracellular self-assembly, catalytic activity, and the selective modulation of cellular processes, including mitochondrial metabolism and immune function. Complementary to these synthetic approaches, we exploit the unique quantum properties of fluorescent nanodiamonds to probe radical chemistry in single living cells with high spatial and temporal resolution. Most recently, we have developed a bottom-up route from molecularly defined nanographenes to ultrasmall nanodiamonds, opening new opportunities to combine molecular precision with quantum sensing. Together, these studies illustrate how molecular design can bridge synthetic and living matter—from constructing dynamic nanostructures inside cells to probing their chemical environment and, ultimately, controlling cellular states and functions. Figure 1. Bioresponsive caged peptide monomers enter living cells and undergo chemical transformations initiated by light and form supramolecular peptide nanofibers that can control cellular states and processes (Y. Ren et al. Nature Synthesis 2025)."
223,KES1-0142,,"Nanoparticles are widely explored for drug delivery and have entered the market, such as in mRNA vaccines. However, many challenges remain, such as the difficulty of targeting specific sites, despite the concept of targeted delivery being widely promoted. One reason is the formation of a protein corona that covers the surface of the carefully engineered nanoparticles. In our work, we try to combat this by reducing nanoparticle size to limit protein attachment. These nanoparticles need to be larger than 5 nm to avoid renal clearance, but ideally below 10 nm. This will be achieved using sing-chain nanoparticles. The underlying polymer structure can incorporate a wide range of functionalities, such as drug molecules and targeting ligands, but the key to successful drug delivery lies in balancing these functionalities and the monomer sequence. Among different systems, we focus on polymers with pendant sugar groups, so-called glycopolymers. While single-chain nanoparticles based on glycopolymers already display good targeting of GLUT transporters, which are overexpressed on many cell lines, polymer structures that resemble tadpoles were found to be superior."
1633,INS1-1496,,"Reversible-deactivation radical polymerization (RDRP) methods such as atom transfer radical polymerization (ATRP), reversible addition-fragmentation chain-transfer (RAFT) polymerization, and nitroxide-mediated polymerization (NMP) produce polymers with narrow molecular weight distributions (MWD) and controlled architectures. Dead chains still form through radical termination and chain-end degradation, however, and neither size-exclusion chromatography (SEC) nor NMR can physically separate them from the living chains. We have developed liquid chromatography methods that separate polymer chains by their end groups, so that the living chains in an RDRP product can be isolated and quantified at the molecular level. In our first study, the bromine ω-end group of ATRP-grown polystyrene was converted to a polar end group by azidation and a CuAAC click reaction. HPLC on a bare silica column then fully resolved the living chains from the dead chains, and the isolated living fraction showed a Poisson-type MWD, the theoretical limit of an ideal living polymerization. The same approach was later applied to polystyrenes prepared by RAFT and NMP, and to living polyacrylates through dihydroxyl chain-end functionalization. This talk covers our recent extension of the method from homopolymers to acrylate block copolymers. In poly(benzyl acrylate)- b -poly( tert -butyl acrylate) synthesized by ARGET ATRP, a dihydroxyl tag was attached to the ω-chain end of the living chains by a mild, catalyst-free thio-bromo click reaction with thioglycerol, and the tagged chains were isolated on bare silica. In visible-light photoiniferter RAFT polymerization, the α,ω-dihydroxyl trithiocarbonate that acts as the photoiniferter also provides the chromatographic handle. Solvent-gradient HPLC separated the RAFT agent-derived living chains, which made up about 96% of all chains even after one-pot block copolymerization, and the isolation raised the chain-end fidelity from 95% to above 99%. In both systems, MALDI-TOF MS of the isolated living fractions gave Poisson-type distributions (Đ = 1.02-1.03, close to the theoretical 1 + 1/DP). This is direct molecular-level evidence that block copolymers grown by these methods contain a nearly ideal living population. Chain-end-selective HPLC therefore works both as a quantitative analytical tool for living and dead chains and as a preparative route to block copolymers free of dead-chain impurities."
1719,KES1-1578,,"The development of alternative transportation modes such as electric vehicles has become a key need for a sustainable long term development. Among the various energy storage technologies, lithium-metal polymer batteries (LMPBs) are among the most attractive. Unfortunately, the use of lithium metal in combination with liquid electrolytes is the source of safety problems due to a possible irregular metallic lithium electrodeposits during charging. To address this issue, solid polymer electrolytes (SPE) have been developed. However, their development has been hampered by two major challenges i/ the inability to design a SPE that exhibits both a high ionic conductivity and good mechanical properties and ii/ during battery operation, lithium ions carry only a small fraction of the total ionic current favouring dendritic growth and limiting energy density. To overcome these drawbacks, in this communication we will present our latest results on the synthesis as well as their in-depth characterization of SPEs designed for LMPB, focusing on block copolymer electrolytes and composite polymer electrolytes."
451,INS1-0367,,"Thermoplastic polyurethanes (TPUs) derive their unique mechanical properties from the combination of flexible soft segments and physically associated hard domains. Despite their broad utility, the design of TPU soft segments has been largely confined to conventional polyether, polyester, and polycarbonate polyols. Here, we present α,ω-hydroxyl end-functionalized polyacrylates as a versatile new family of soft segments for functional TPU elastomers. Defect-minimized telechelic polyacrylates were prepared by visible-light-driven photoiniferter polymerization and incorporated into TPU architectures through conventional polyurethane chemistry. The resulting materials combine high toughness, robust elasticity, and efficient self-healing, demonstrating that polyacrylate soft segments can provide functions that are difficult to access using traditional TPU platforms. Furthermore, photo-crosslinkable acrylate units were introduced to realize photopatternable TPU elastomers without sacrificing elastomeric performance. These results establish telechelic polyacrylates as a powerful platform for expanding TPU molecular design and developing next-generation functional elastomers."
1263,INS1-1150,,"Mechanochemistry has emerged as a powerful and indispensable paradigm in synthetic chemistry. In the field of polymer science, its application has rapidly evolved beyond conventional chain degradation, firmly establishing its viability in fundamental polymerization pathways including radical, ionic, and coordination polymerizations. Moving forward from merely translating established solution-phase reactions to the solid state, mechanochemistry now paves the way toward the architectural design of ""new-to-the-world"" polymers via completely innovative processes. Over the past decade, our research group has intensely focused on mechanochemical polymer synthesis. Through these endeavors, we have demonstrated that solid-state polymerization can effectively transcend the critical limitations of solution-phase chemistry, particularly when confronting severe challenges related to solubility and monomer miscibility. In this presentation, we introduce our recent fundamental investigations tracing the blending and mass-transport phenomena of distinct chemical species within a ball mill. Building upon these insights, we demonstrate unprecedented polymerization cases utilizing monomer combinations that defy traditional thermodynamic mixing rules. Ultimately, this work highlights that mechanochemical synthesis is not just an alternative protocol, but a pivotal vehicle that significantly expands the boundaries and capabilities of modern polymer chemistry."
1170,INS1-1062,,"Ionic polymerizations are a powerful platform for the synthesis of well-defined polymeric materials; however, their widespread adoption is limited by stringent reaction conditions, including sensitivity to air and moisture, the use of highly reactive reagents, and the need for low-temperature operation. Developing more practical, user-friendly approaches to ionic polymerizations remains a significant challenge. In this presentation, we present two complementary strategies that expand the operational scope, safety, and accessibility of ionic polymerizations. First, we developed a reversible deactivation cationic polymerization of vinyl ethers that can be run open to the air without monomer purification. This new method enables the synthesis of new sustainable thermoplastics and thermosets from renewable resources. Second, we demonstrate a CO₂-mediated anionic polymerization in which reversible addition of CO₂ to the enolate chain end tempers its reactivity, enabling controlled polymerization at elevated temperatures using an easily handled solid initiator. This approach provides excellent molecular weight control and narrow molar mass distributions while improving scalability and operational simplicity. Additionally, we introduce an anionic reversible addition–fragmentation chain-transfer (RAFT) polymerization that reduces the required loading of an organolithium initiator. Using a chain-transfer agent, reversible aldol reactions with propagating enolate chain ends enable dynamic chain transfer and control over polymer growth. This method affords well-defined polymers with isolable aldehyde chain ends that can be reinitiated to form block copolymers."
162,INS1-0081,,"Polymer optics have transformed visible-light technologies; however, their broader use in infrared photonics remains limited by low refractive index, vibrational absorption, and insufficient thermal stability.  We have pioneered polymer-forming reactions based on elemental sulfur (S₈) and sulfur monochloride (S₂Cl₂) that afford a new class of high refractive index plastic glass and processable photopolymer systems. Inverse vulcanization of S₈ enables sulfur-rich polymer glasses with refractive indices up to n ≈ 1.8–1.9, elevated glass transition temperatures (>100 °C), and broadband infrared transparency suitable for bulk optical components. In parallel, S₂Cl₂-based polymerizations provide access to prepolymer resins and photopolymer networks with improved control over architecture, enabling fabrication of structured optical materials through casting, molding, and photolithography. Together, these complementary approaches define a continuum of materials spanning bulk glass-like optics to manufacturable photonic structures. We demonstrate fabrication of lenses and diffractive elements and evaluate system-level optical performance in infrared imaging. These results establish sulfur-derived polymer chemistry as a versatile foundation for next-generation plastic optics across multiple length scales and spectral regimes. Here, we present a unified platform for broadband VIS-IR plastic optics derived from elemental sulfur and sulfur-based petrochemicals that overcomes these limitations and extends polymer optics across the visible to infrared spectrum."
283,ORS1-0200,"Seinosuke Katahira (Institute of Science Tokyo), Takashi Ishizone (Institute of Science Tokyo)","Cyclopropane compounds are three-membered ring hydrocarbons with significant ring strain energy arising from their highly distorted bond angles. When cyclopropane derivatives are employed as cyclic monomers, ring-opening polymerization can proceed via cleavage of carbon–carbon bonds. However, compared with epoxides and aziridines, which undergo facile anionic ring-opening polymerization through cleavage of carbon–oxygen or carbon–nitrogen bonds, only a limited number of examples have been reported for cyclopropane-based systems. The main difficulty lies in the high bond dissociation energy of carbon–carbon bonds and the insufficient stabilization of the resulting propagating carbanions. As a result, applicable monomers are largely restricted to those bearing electron-withdrawing groups at suitable positions. In this study, we designed novel cyclopropane monomers incorporating an oxindole framework with a spiro-cyclic structure. The acidic amide hydrogen of oxindole ring was substituted with methyl or hexyl group. The phenyl and amide groups in the oxindole ring are expected to stabilize the propagating carbanion, thereby facilitating anionic ring-opening polymerization. The polymerization successfully proceeded to afford the desired polymers with controlled molecular weights and narrow molecular weight distributions. These results demonstrate that rational monomer design can expand the scope of anionic ring-opening polymerization of cyclopropane derivatives."
746,INS1-0658,,"Organoboranes have recently advanced ring-opening (co)polymerization (ROP) with high controllability, offering diverse polymer structures. Following the pioneering use of BEt 3 in ROP, the categories of organoborane have updated to functional borane-based catalysts, borinane, multi-boranes integrated in small organic scaffold or macromolecular framework, which circumvent some limitations of BEt 3 , such as dilution effect, limited activity and sensitivity to moisture and oxygen. In this study, we tried to incorporate multi-borane Lewis acids. Using tri-, tetra-, and octa-vinyl functional siloxane as core, we prepared tri- tetra- and octa-borane Lewis acids. This design offers high local density and closely positioned active sites targeting high activity for ROP of epoxide. Various initiators combined these multi-borane catalysts and chain transfer agents (CTAs) were investigated to endow diverse structures and molecular weights of polyethers. Density functional theory (DFT) calculations were applied to understanding the mechanism. Given the multi-borane core, a so-called “intramolecular” propagation mode was adopted, and a “self-concentrating synergistic effects” model was proposed to explain the structure–activity relationships. This work provides new designing strategy in creating remarkably active and thermally robust borane catalyst for the ROP of epoxides."
415,KES1-0331,,"Among high-performance polymers with high thermal and mechanical properties, polyimides (PI) exhibit a high glass transition temperature and low thermal expansion behavior. However, the highly aromatic and rigid nature of polyimide chains tends to form charge-transfer (CT) complexes, resulting in a yellowish-to-brown color. Removing this color to make PIs transparent without deteriorating their thermal properties remains very challenging. To overcome color and transparency issues in polyimides, various structural modifications have been explored, including incorporating flexible or unsymmetric linkages into the main chain and introducing noncoplanar or alicyclic units. However, many structural modifications in aromatic polyimides exhibit a trade-off between transparency and thermal properties. Poly(amide-imide)s (PAIs), a class of copolyimides, exhibit high thermal stability, good mechanical properties, and good processability. Hydrogen bonds between PAI chains enhance both thermal properties and processability without compromising the thermal characteristics of polyimides. PAIs offer advantages for structural modification through more versatile synthetic pathways. Leveraging these characteristics to achieve high transparency and low coefficient of thermal expansion (CTE), we synthesized aromatic poly(amide-imide)s with a biphenylene backbone bearing sterically bulky trifluoromethyl groups that could form a complex hydrogen-bonding network in two distinct directions. This approach yielded polymers with approximately 90% transparency and CTE values as low as 4 ppm/°C. We found that by controlling the fraction of asymmetrically positioned trifluoromethyl groups in the polymer backbone, the CTE could be precisely adjusted in the range of 4-20 ppm/°C without sacrificing high transparency. The glass transition temperature of aromatic poly(amide-imide)s was further improved to over 400 °C by introducing a multicyclic structure."
109,ORS1-0033,Makoto Ouchi (Kyoto University),"Organoboron Compounds are recognized as the valuable synthetic intermediate due to its versatile transformability in organic reaction. In this presentation, we describe the impact of boron chemistry on polymer synthesis leading to access to conventionally inaccessible polymers [1,2]. Vinylboron compounds, of which boron is directly attached to the vinyl moiety, exhibit radical polymerization ability and post-polymerization transformation affords various novel polymers. For example, post-polymerization hydroxylation of boron pendants gives poly(vinyl alcohol)s. The design of boron protecting group allows us to alter the polymerization behaviors, enabling access to  poly(vinyl alcohol) (PVA) derivatives. The radical homopolymerization of vinylboronic acid pinacol ester yields the branched polymer due to the frequent back-biting, and post-hydroxylation affords the branched PVAs [3]. When pinacol group of vinylboron is replaced with anthranilamide with n-alkyl substituent on amide moiety, back-biting is suppressed, affording linear PVAs. Furthermore, introduction of bulky substituent (e.g., 2-methylbutyl group) on amide results in the isotactic polymerization due to the helix induction during polymerization by the steric effect of pendants [4]. When tetrahydrofuran (THF) is used as the substituent on amide, non-classical hydrogen bond between vinyl and oxygen in THF worked to suppress the helix induction, resulting in syndiotactic regulation [5]. Thus, designability and transformability of boron pendants are useful to access the series of PVAs have various primary structures. [1] Nishikawa, T.* Polym. J. , 2024 , 56 , 873–886. [2] Suzuki, H.; Nishikawa, T.* ; Ouchi, M.* Macromolecules , 2026 , 59 , 5097–5109. [3] Kanazawa, T.; Nishikawa, T.* ; Ouchi, M.* Macromolecules , 2024 , 57 , 6750–6758. [4] Suzuki, H.; Nishikawa, T.* ; Ouchi, M.* J. Am. Chem. Soc. , 2025 , 147 , 12672–12685. [5] Suzuki, H.; Nishikawa, T.* ; Ouchi, M.* Nat. Commun. , 2026 , accepted."
257,ORS1-0175,,"Boron functionalities in polymer chemistry are currently often explored in dynamically crosslinked materials, compatibilizers, adhesives, and other biological applications because of their selective and reversible esterification/condensation properties. Some applications have been investigated for polyolefin materials, which rely on postpolymerization functionalization to introduce boron functionalities. Our recent approach enabled the direct incorporation of boronic acid functionalities via copolymerization using a newly designed comonomer applicable to versatile metal-catalyzed polymerization systems. This strategy allowed boronic acid functionalities to be incorporated into major commodity hydrocarbon-based plastics and rubbers with control over the uniform molecular weight between functional groups. Using this synthetic platform, we have developed a variety of functional materials, including boron-crosslinked elastomers and crystalline polyolefins reinforced through boron-mediated crosslinking. Here, we present another application of boron-functionalized random polypropylene (PP) and polyethylene (PE) as a compatibilizer of PP/PE blends. The covalent network formed by these copolymers at an optimized composition significantly improved the mechanical properties of the polyolefin blend."
270,INS1-0187,,"PS- block -poly(ethylene- co -1-butene)- block -PS (SEBS) is an attractive material, traditionally produced through the costly hydrogenation of PS- block -polybutadiene- block -PS.  An innovative one-pot method for synthesizing SEBS-like triblock copolymers has been developed in our laboratory. In this method, a dialkylzinc compound containing styrene moieties ((CH 2 =CHC 6 H 4 CH 2 CH 2 CH 2 ) 2 Zn) was synthesized, which is then used to grow poly(ethylene- co -1-hexene) chains via CCTP, resulting in di-end functional PO chains that are functionalized with styrene and Zn moieties. Subsequently, PS chains are attached to both ends of these PO chains through anionic styrene polymerization, initiated by Me 3 SiCH2Li·(pmdeta) initiator. Details on the concept, implementation, and scale-up process for commercialization will be presented."
191,INS1-0110,,"Rising global CO 2 concentrations and their environmental impacts have intensified the search for sustainable carbon-utilization technologies. To convert large quantities of CO 2 into industrially valuable products, efficient catalytic protocols are required to produce CO 2 -based polymers with finely tuned compositions and high performance. This presentation highlights a novel synthetic protocol for preparing CO 2 -based polymers with diverse compositions and structures, along with their application in high-performance adhesives. Offering significant economic and environmental advantages, this Zn-gallate-catalyzed CO 2 polymerization represents a promising frontier in Carbon Capture and Utilization (CCU)."
1712,KES1-1571,,"Crosslinking is one of the most effective strategies for improving the mechanical properties of polymers. Permanent crosslinks, however, often compromise recyclability. Dynamic crosslinking based on hydrogen bonds (H-bonds) provides mechanical reinforcement while enabling network rearrangement, self-recovery, and recycling. Rigid multiple H-bonding motifs, such as DNA nucleobases, have been widely employed because they efficiently form supramolecular polymer networks. However, their strong and directional interactions often suppress the dynamic behavior required for functions such as self-recoverability. In contrast, we have explored structurally flexible multiple H-bonding motifs. This concept emerged from our studies on polybutadiene bearing aliphatic vicinal diol (VD) groups. Owing to rotational freedom around the C–C bond, VDs form multiple stable H-bonded dimer structures. We propose that frequent interconversion among these structures prolongs intermolecular association, whereas multiple accessible dimer structures facilitate reassociation after dissociation. To clarify the role of structural flexibility, we compared norbornene-based copolymers bearing either flexible vicinal dimethanol (diol) or rigid g -lactam (amide) groups. Although the two motifs possess comparable H-bonding energies, a higher diol content was required to match the Young's modulus of the amide-containing polymer. At comparable Young's moduli, the diol-containing polymer exhibited greater stress at large strains and superior self-recoverability, demonstrating that structural flexibility enhances dynamic performance independently of H-bond strength. These studies establish structural flexibility as a new molecular design parameter for robust yet dynamic polymeric materials. This presentation will highlight how flexible H-bonding motifs provide a promising strategy for designing robust, recyclable, and environmentally friendly polymeric materials."
331,INS1-0248,,"Selective reactions not only enable the precise synthesis of molecular architectures but also provide efficient access to structurally diverse compounds. Our research focuses on the synthesis of functional monomers through chemo-, regio-, and stereoselective reactions and their application in metathesis polymerization for the preparation of well-defined functional polymers and chemically recyclable polymers. Recently, we developed a selective synthetic strategy for amide-containing bridged and fused bicyclic monomers via the Schmidt reaction of azido-cycloheptenones.  Due to their different ring-strain energies, the resulting monomers exhibited divergent behaviors in ring-opening metathesis polymerization (ROMP). Highly strained bridged monomers enabled molecular-weight-controlled polymerization, whereas low-strained fused monomers afforded chemically recyclable polymers that underwent ring-closing metathesis depolymerization (RCMD) to regenerate the corresponding monomers. Furthermore, copolymerization of the amide-containing monomers with cyclooctene demonstrated that the incorporation of amide functionalities significantly enhanced the mechanical properties of the resulting polyolefins while imparting degradability and recyclability."
649,INS1-0563,,"High refractive index polymers are an emerging class of transprent materials for a wide range of applications. Increasing the refractive index of these materials, however, often leads to higher birefringence and optical dispersion. In this presentation, we describe two sulfur-based polymer design strategies that address this trade-off through controlled molecular architecture. First, sulfur-rich aliphatic thermosets were prepared from episulfide, polysulfide, and elemental sulfur components, affording transparent materials with tunable refractive index, low dispersion, and low birefringence without relying on aromatic structures. Second, a modular fluorene cardo platform bearing sulfur-containing aromatic substituents was developed for thermoplastic high-index polymers. By introducing polymerizable groups at the 2,7-positions, the cardo motif was incorporated into polyesters, poly(arylene ether)s, and poly(arylene thioether)s using multiple polymerization methods. Together, these studies demonstrate how sulfur chemistry and polymer architecture can be combined to achieve high refractive index while suppressing optical anisotropy."
823,INS1-0734,,"Defect engineering has emerged as a powerful strategy in inorganic crystalline materials, yet its systematic application to polymer crystals remains challenging due to inherent structural complexities such as chain folding and broad molecular weight distributions. Here, we introduce a model conjugated polymer system — poly(cyclopentenylene vinylene) (PCPV) bearing fluorene units with two (Di, D) or one (Mono, M) neo-hexyl side chains — that bypasses chain folding entirely, enabling precise, quantitative defect control. Five series of random pDM copolymers were synthesized with a fixed degree of polymerization (DP = 20) and systematically varied D/M ratios. Despite increasing defect content, all copolymers crystallized into well-defined 2D nanosheets. Strikingly, higher defect fractions selectively promoted crystal growth along the (100) direction, compressing the d 200 lattice spacing from 16.1 to 15.6 Å. DFT calculations revealed that defect incorporation alters the electrostatic surface potential (ESP), modulating intermolecular interactions and packing order. This work establishes a quantitative, synthesis-driven framework linking defect density to crystallization pathway selection, offering a predictive design rule for engineering highly ordered conjugated polymer assemblies."
1492,KES1-1360,,"This Perspective presents advances in the synthesis of helical polymers, with a particular focus on polyisocyanates, over the past 30 years of my research career. The growing interest in helical polyisocyanates has been driven by the development of diverse synthetic strategies and by investigations into the living characteristics of polyisocyanate through kinetic studies. Through living anionic polymerization, random, gradient, block, multiblock, and alternating polyisocyanates can be synthesized by employing monomers with different reactivities, including furfuryl, allyl, and alkyl isocyanates. Future research will focus on amphiphilic, peptide-mimicking multiblock and alternating polyisocyanates with precise sequence control, improved water solubility, and degradability, enabling applications in antifreeze, antimicrobial, and environmentally sustainable materials. Furthermore, by integrating the accumulated knowledge from the living polymerization of polypeptides, polypeptoids, and polyisocyanates, I propose an “AI × Helical Polymer Synthesis” platform that goes beyond simple automated synthesis toward the intelligent design and predictive control of polymer structures, ultimately enabling autonomous polymer synthesis in the AI era."
1054,KES1-0956,,"It is known that the anionic copolymerization of styrene (St) and 1,1-diphenylethylene (DPE) proceeded to afford an alternatingly sequenced copolymer. The non-homopolymerizable property of DPE plays a crucial role to achieve this unique copolymerization behavior. Based on this copolymerization behavior of St and DPE, we designed and synthesized a new AB-type difunctional vinyl monomer, 4-vinyl-1,1-diphenylethylene ( VD ), comprising conjugated St and DPE frameworks. A series of substituents including chloro ( ClVD ), methyl ( MeVD ), methoxy ( MeOVD ), and dimethylamino ( Me2NVD ) groups were also introduced at the 4’-position of the VD framework to vary the polymerizability of VD . Anionic polymerization of VD by diphenylmethylpotassium (Ph 2 CHK) in THF at -78 to 0 °C gave a soluble poly( VD ) having a predicted molecular weight and a narrow molecular weight distribution ( M w / M n ~ 1.2). Similar to VD , ClVD , MeVD , and MeOVD underwent the anionic polymerization to give the soluble polymers with the well-defined chain structures ( M w / M n = 1.1–1.3). The 1 H and 13 C NMR measurements and MALDI-TOF-MS analysis revealed that a “self-alternating polymerization” of VD , ClVD , MeVD , and MeOVD yielded a linear homopolymer with an (AB) n -type alternating sequence through the intermolecular cross-propagation chain-growth mechanism. In particular, the resulting poly( ClVD ) exhibited only an odd-numbered degree of polymerization, indicating a mechanism of exclusive initiation and subsequent self-alternating polymerization of the VD derivative. In contrast, Me2NVD underwent the usual chemoselective polymerization in the St framework to yield an (A) n -type sequence, because the electrophilicity of the DPE framework of Me2NVD was highly reduced. Thus, the electronic effect of the substituents determines the polymerization behavior of a series of VD derivatives."
457,KES1-0373,,"Dormant species are indispensable for precision polymer synthesis. Various covalent bonds have been employed as dormant species, which are reversibly activated by appropriately selected stimuli to generate active species. 1–3 The active species undergo propagation via reactions with monomers to induce chain growth, but should be deactivated as fast as possible to enable precision control of the molecular weights of the resulting polymers. Therefore, while dormant species should be readily activated, propagating species should rapidly reform dormant species. Most of the covalent bonds used as dormant species to control radical and ionic polymerization of vinyl monomers consist of heteroatoms such as halogens, oxygen, sulfur, and metals. However, these heteroatoms often cause issues in the products or residues. One of the ultimate dormant species could be those composed of carbon and hydrogen. However, C–H and C–C bonds are generally stable, making it difficult to generate active species under mild conditions. Furthermore, deactivation of the active species into the C–H and C–C bonds is also challenging. This presentation will discuss synergistic advances in deactivation radical and ionic polymerizations, including the utilization of C–H and C–C bonds for sustainable precision polymerization. 4–6 [1] Jafari, V. F.; Grace, J. L.; Li, J.; Tanaka, J.; Jones, G. R.; Anastasaki, A.; You, W.; Zhu, J.; Kamigaito, M.; Boyer, C.; Qiao, G. G.; Adv. Sci. 2026 , 13 , e20657. [2] Kamigaito, M.; Satoh, K.; Uchiyama, M. J. Polym. Sci., Part A, Polym. Chem. 2019 , 57 , 243. [3] Uchiyama, M.; Satoh, K.; Kamigaito, M. Prog. Polym. Sci. 2022 , 124 , 101485. [4] Amano, M.; Uchiyama, M.; Satoh, K.; Kamigaito, M. Angew. Chem. Int. Ed. 2022 , 61 , e202212633. [5] Tanimoto, T.; Uchiyama, M.; Kamigaito, M. Angew. Chem. Int. Ed. 2023 , 62 , e202307791. [6] Uchiyama, M.; Ohira, N.; Yamashita, K.; Sagawa, K.; Kamigaito, M.; Nat. Chem. 2024 , 16 , 1630."
159,KES1-0078,,"The rapid expansion of artificial intelligence (AI), high-performance computing, and Beyond 5G/6G communication technologies is driving the demand for advanced polymer dielectrics capable of supporting high-frequency signal transmission. As operating frequencies continue to increase, dielectric loss and moisture-induced degradation have become critical challenges for polymer insulating materials. This presentation highlights recent advances in the molecular design of humidity-robust polymer dielectrics for high-frequency electronics. Particular attention will be given to structure–property relationships among polymer architecture, polarization behavior, moisture uptake, and dielectric performance. Molecular design strategies based on controlling molecular polarizability, free volume, and hydrophobicity will be discussed. As a representative example, semi-aromatic polyimides containing cyclohexyl-substituted double-decker-shaped silsesquioxane (C-DDSQ) will be presented. The incorporation of DDSQ as a functional building block enables the simultaneous achievement of low dielectric loss, high thermal stability, and improved humidity resistance, demonstrating how precise molecular design can tailor dielectric performance through polymer structure. This talk will also discuss emerging concepts for next-generation dielectric materials, including the control of molecular fluctuations and water-related dielectric relaxation through polymer architecture engineering. This presentation provides an overview of molecular design principles for humidity-robust polymer dielectrics and discusses future perspectives for polymer insulating materials that will underpin next-generation high-frequency electronics."
129,INS1-0048,,"Polymer nanodiscs are challenging to make. 1-3 This is because self-assembly processes typically yield micelle shapes of minimised interfacial energy, like spheres or vesicles. Flattening such assemblies is more intricate, as block ratios and solvent—polymer interactions alone cannot compensate for the energy costs to flatten a curved surface or interface. Taking on this challenge, we designed an amphiphilic, tadpole-like copolymer featuring a hydrophilic linear block and a hydrophobic bottlebrush block. The linear segment assumes a coil-like conformation, while the bottlebrush segment adopts a stiffened, rod-like structure. Using this ‘rod-coil’ architecture facilitated planar packing of brush segments and yielded nanoscale polymer discs via spontaneous self-assembly in water. A characteristic feature of this methodology is the possibility to select the chemical composition of the brush segment without compromising the disc formation. This allows the introduction of functionality into these amorphous core-shell nanodiscs, enabling triggered disassembly and/or drug release, depolymerisation, or shape-transformation. 4-9 My talk will introduce our approach. References 1) ERL Brisson, MJH Worthington, S Kerai, M Müllner. Chem. Soc. Rev. 2024, 53, 1984-2021. 2)   Y Shi, W Zhu, D Yao, M Long, B Peng, K Zhang, Y Chen. ACS Macro Lett. 2014, 3, 70-73. 3)   M. Long, Y. Shi, K Zhang, Y Chen. Macromol. Rapid Commun. 2016, 37, 605-609. 4)   H Zeng, X Liang, DA Roberts, ER Gillies, M Müllner. Angew. Chem. Int. Ed. 2024, 63, e202318881. 5)   H Zeng, P Zeng, J Baek, B-S Kim, M Müllner. Angew. Chem. Int. Ed. 2025, 64, e202424269. 6)   SD Kerai, S Takano, P Zeng, M Müllner. ACS Macro Lett. 2025, 14, 834-840. 7)   S Takano, M Müllner. J. Polym. Sci. 2025, 20250568. 8)   S Takano, T Nishimura, YT Cheng, M Müllner. Polym. Chem. 2025, 16, 2244-2253. 9)   P Zeng, H Zeng, J Baek, B Yoo, B-S Kim, M Müllner. JACS Au 2026, 6, 2089."
467,INS1-0383,,"The synthesis of precisely defined block copolymers remains challenging. To address this issue, a complementary complexation strategy based on 2,2′:6′,2″-terpyridine (tpy)-derived ligands and Zn(II) ions was developed for the facile construction of metallosupramolecular block copolymers. The highly selective metal–ligand coordination process was unambiguously confirmed by 1 H NMR spectroscopy and X-ray crystallography. By introducing sterically hindered substituents at the 6,6″-positions of the tpy unit, undesired homoleptic complexation was effectively suppressed, while favorable π-stacking interactions further promoted the exclusive formation of the desired heteroleptic complexes. This coordination-driven supramolecular strategy, conceptually analogous to click chemistry, enabled the efficient preparation of a variety of block copolymers, including P3HT- b -PEO, P3HT- b -PS, P3HT- b -P n BA, and PLA- b -PEO. Notably, the dynamic and labile metal–ligand junctions between polymer blocks allowed the self-assembled nanostructures and phase-separated thin films to be precisely regulated through decomplexation–recomplexation processes, thereby imparting adaptive and dynamic functionalities to the resulting polymeric materials. This presentation will discuss the molecular design, synthetic strategy, structural characterization, and potential applications of these metallosupramolecular block copolymers, highlighting complementary ligand pairing as a powerful and versatile platform for the rational design of functional polymer architectures."
373,INS1-0290,,"Conventional batch photopolymerization often faces limitations in scalability and structural control due to light penetration and heat transfer issues. In this study, we present a continuous-flow platform that integrates photoinduced polymerization and thermal degradation. Using n-butyl acrylate and bio-based α-lipoic acid, we achieved rapid synthesis of statistical copolymers under low-intensity UV light (365 nm), maintaining steady-state conversion even with 100-fold scale-u p. In-line UV–vis monitoring confirmed constant and predictable conversion from a stable radical flux across the residence-time distribution, evidencing homogeneous photon and mass transport even under weak irradiation. Furthermore, the resulting copolymers exhibited complete, catalyst-free thermal depolymerization within 4 hours under continuous-flow conditions. This reversible process demonstrates a sustainable approach for the production and circularity of dynamic, degradable polymer materials."
259,INS1-0177,,"Living vinyl-addition polymerization (VAP) of norbornene (NB) derivatives has been regarded as a route to structurally well-defined vinyl-addition polynorbornenes (VA-PNBs), yet achieving both high catalytic activity and living characteristics remains challenging. While previous studies have primarily sought solutions through catalyst design, our recent work suggests that the environment in which a catalyst operates can be equally important. By controlling the catalytic environment surrounding palladium(II) active species, the VAP of NBs proceeded with improved living characteristics over a broad molar mass range while maintaining high monomer conversion. The resulting VA-PNBs exhibited controlled molar masses, narrow molar mass distributions, and the ability to form block copolymers through sequential monomer addition. This level of molecular control enabled the synthesis of model VA-PNBs, providing desirable materials for investigating how subtle molecular variations influence thermal, mechanical, and dielectric properties"
187,KES1-0106,,"The incorporation of biobased monomers into polymer structures offers the possibility to develop materials in a more climate-friendly and sustainable way. In the recent years we have developed thermoplastic and duroplastic polymer materials with specific biobased units for integrating specific functions. An example will be given for liquid crystalline polyesters with bio-based vanillic acid units allowing blending with lignin fraction. The resulting melt-spun fibers are excellent precursor fibers for carbon fibers. In addition, incorporation of unsaturated ferulic acid units allows stabilization of fibers by electron beam irradiation, increasing mechanical strength. We also present the successful preparation of novel polyester extrusion foams from dilinoleic derivatives for moulded parts and insulations. PBT-based terpolyesters with dilinoleic derivatives were prepared to introduce long alkyl chains as side chains into the polyester basic structure which alters the rheological behavior, especially the elongational rheology towards strain hardening with strong positive influence on the properties of the resulting foam (density, morphology, cell density, weldability. Interestingly, PBT can be replaced in part by polybutylenefuranoate, a fully bio-based polyester with reactive functions for foam stabilization. First examples of effective recycling on demand will be shown for those engineering polyesters. Mechanochemical recycling in a ball mill leads effectively to pure monomers without any work up. Introduction of labile acetal units allows the specific degradation into oligoesters which can be effectively re-polymerized into high molar mass products. 6 Finally, biobased resins components will be introduced, based on terpenes and various sugar components, that can replace effectively a common methylenediphenylisocyanate dimethacrylate (UMA) crosslinker in high performance duromers and coatings."
214,INS1-0133,,"Polyoxazolines (POx) are well-known thermo-responsive polymers, which exhibit a reversible and rapid hydrophilic-hydrophobic interconversion through the lower critical solution temperature (LCST). Narrow molecular weight distributions of POx can be achieved by cationic living polymerization of oxazoline monomer. More importantly, we can easily introduce various functional groups to both initiation and termination ends through the living polymerization process. We can utilize functional initiators to introduce specific functional groups at the initiation end. Alternatively, the termination end can be easily modified by treating with functional nucleophiles to the living cationic terminal. Using those properties, we have designed various types of Pox-based functional materials showing thermos-responsive properties with photo-, redox-, electro-, and chemo-responsive properties. Moreover, we have fabricated network polymers using the redox-active POxs to achieve redox- and thermo-responsive shape changes in polymers. The details of POx-based polymers will be discussed in the symposium."
215,INS1-0134,,"Sequence-controlled semiconducting polymers are attractive materials for organic electronics, but their synthesis often requires multistep procedures. Herein, we report a halide-pair-driven multicomponent polymerization (MCP) strategy for the one-pot synthesis of sequence-controlled poly(triarylamine)s (PTAAs). By combining iodide/chloride reactivity differences with a catalyst-transfer-capable Buchwald–Hartwig amination system, programmed cascade aminations afforded alternating PTAAs with high sequence fidelity. The versatility of this approach was demonstrated through the library synthesis of various semiconducting PTAAs and dendronized derivatives. Mechanistic studies revealed that halide pairing is the primary factor governing sequence control. This modular MCP strategy provides a simple platform for the rapid discovery of functional semiconducting polymers."
1233,INS1-1122,,"This presentation introduces functional polymer design strategies utilizing Ring-Opening Metathesis Polymerization (ROMP), focusing on two sustainable fields: eco-friendly polymers and lithium-chelating resins. In the first part, eco-friendly polymers using nature-derived vanillin will be discussed. To address global environmental issues caused by fossil-derived plastics, we successfully developed vanillin-based homopolymers via ROMP, exhibiting polystyrene-like glassy properties, and vanillin-based ABA-type triblock copolymers to form thermoplastic elastomers. In the second part, lithium-chelating resins for lithium mining and recycling will be presented. We successfully synthesized novel polynorbornene-based resins incorporated with triethylene glycol and fluorous side chains for selective lithium capture. By engineering the polymer sequences, the resin demonstrated significantly improved lithium-to-magnesium (Li+/Mg2+) selectivity and high lithium capacity. These findings demonstrate that precisely controlled ROMP engineering can provide versatile solutions for both high-performance sustainable materials and advanced energy-critical resource recovery."
394,INS1-0310,,"Extreme ultraviolet (EUV) lithography demands photoresists combining high sensitivity, resolution, and etch resistance. Organotin oxide clusters such as the butyltin dodecamer are leading metal-based candidates owing to tin's large EUV absorption cross-section and radical-mediated crosslinking via homolytic Sn–C bond cleavage, but they suffer from poor solubility in process solvents (PGMEA, PGME) and a narrow ligand library imposed by harsh basic syntheses. We present two molecular-design strategies overcoming these limits. First, tin–silicon hybrid oxide clusters were synthesized by mild biphasic condensation of butyltin trichloride with alkyltrichlorosilanes and by acid-catalyzed condensation of butylstannoic acid with triethoxysilane to install Sn–O-Si bonds. ESI-MS confirmed unified tin–silicon oxo cages. Clusters with Sn:Si = 5:5 and 8:2 showed >25 wt% solubility in process solvents and enhanced thermal stability; in electron-beam lithography (25 keV), BuSn-CySi-(8:2) and BuSn-HSi-(9:1) outperformed the butyltin dodecamer in pattern resolution. Second, an ester group was introduced at the β-position of tin: its carbonyl oxygen coordinates to the Lewis-acidic tin center, forming a five-membered stannacycle that weakens the Sn–C bond. A mild biphasic K 2 CO 3 route afforded the first ester-containing organotin oxide cluster (91% yield), characterized by multinuclear NMR, elemental analysis, and ESI-MS. UV irradiation released methyl propionate (GC-MS), confirming homolytic Sn–C cleavage, and FT-IR verified Sn–O–Sn network formation upon post-exposure bake. The cluster dissolved at >20 wt% in PGMEA/PGME without anion exchange, remained stable over four months, and produced 20.6 nm line/space patterns at 1000 μC/cm², surpassing the dodecamer. These results establish metal-composition control and coordinating-ligand design as powerful strategies for next-generation EUV photoresists."
213,INS1-0132,,"Sequence-defined polymers have been successfully synthesized in recent years using multistep approaches such as solid-phase synthesis and iterative exponential growth (IEG). These synthetic macromolecules with defined molar masses and monomer sequences, herein abbreviated as “sequimers” for simplicity (sequi- means “to follow” in Latin and is the root of “sequence”), have been employed as precision building blocks for self-assembly and as molecular media for data storage, cryptography, and computing. Although well-defined vinyl polymers and copolymers have been synthesized by controlled radical polymerization methods, sequimers constructed from simple vinyl monomers remain elusive due to the lack of synthetic methods to ensure iterative addition of a single building block to a radical (or ionic) reactive center, forming a C–C bond without chain propagation. In this presentation, we report the quantitative addition of a vinyl building block, an α-substituted acrylate, to a C-centered radical generated by visible-light-catalyzed photoredox decarboxylative addition (PhDA). The α-acyl radical site formed concomitantly upon addition of a bulky acrylate is irreversibly deactivated b y rapid electron transfer within the photocatalytic cycle before oligomerization . The C-centered radical is regenerated only after conversion of the terminal ester to a carboxylic acid, followed by photoredox decarboxylation. Iterative PhDA (i-PhDA) of bulky acrylates proceeds quantitatively and rapidly, yielding vinyl sequimers composed of residues identical to the repeating units of conventional vinyl polymers, without chromatographic purification. i-PhDA of acrylates can be implemented to assemble aperiodic sequences of vinyl residues in continuous-flow reactors, potentially enabling rapid prototyping of sequimers to discover their sequence-dependent functions."
1708,INS1-1569,,"Cross-linked polymer networks face an inherent trade-off: the same covalent architecture that ensures mechanical integrity also creates mass-transport barriers that hinder chemical deconstruction. As a result, robust functional materials—soft electronics, lightweight composites—are notoriously difficult to recycle without harsh solvents, laborious sorting, or loss of their valuable components. In this talk, we present a molecularly engineered polyurethane network designed to resolve this conflict. Drawing on how biological systems localize catalytic activity to specific targets, we embed a flexible crosslinker that pre-organizes the network for rapid disassembly. This design substantially lowers the kinetic barrier to deconstruction compared with physically blended or externally catalyzed analogues, enabling on-demand depolymerization without added solvent or catalyst. Under a simple thermal-vacuum trigger, the network undergoes a direct solid-to-vapor transition, allowing selective monomer recovery together with reclamation of embedded functional fillers such as liquid-metal conductors and carbon fibers. The process tolerates unsorted mixed-plastic waste and multicomponent composites, and the recovered building blocks can be reprocessed into materials of comparable performance to the pristine system. We will discuss the design principles behind this dual-role network and their broader implications for the circular design of high-performance functional materials. As this work is not yet published, quantitative details will be presented at the meeting."
186,INS1-0105,,"Functional hydrogels are critical materials due to their unique physicochemical properties. This work presents the development of composite gels utilizing zwitterionic polymers for bioelectronics, wound care, and energy storage. First, advanced hydrogels were engineered by incorporating poly(sulfobetaine vinylimidazolium) (poly(SBVI)) that interacts with graphene, lignin, and MXene. A microwave-assisted strategy formed a conductive, self-healing poly(SBVI)-graphene hydrogel via cation-pi interactions, as well as sustainable lignin-zwitterionic hydrogels. A Hofmeister ion-assisted treatment also enabled uniform MXene dispersion within the network. These hydrogels exhibit tunable viscoelasticity that matches soft biological tissues, thereby mitigating contact-induced damage. With exceptional wet-tissue adhesion and stable conductivity, they serve as highly conformal extraneural electrodes, demonstrating excellent neuromodulation. Additionally, these biocompatible hydrogels significantly accelerate early-stage wound closure. Furthermore, zwitterionic gels present major advantages for aqueous zinc-ion batteries (AZIBs). Conventional in-situ gel polymer electrolytes (GPEs) require initiators and crosslinkers, triggering zinc corrosion and non-uniform ion transport. To resolve this, a zwitterionic polymer-based in situ GPE was developed that self-polymerizes at room temperature without initiators or crosslinkers. This novel electrolyte enhances uniform zinc plating and stripping. It achieved an exceptional symmetric cell lifespan exceeding 3,600 hours and validated excellent electrochemical stability without undesirable side reactions in full cells. Ultimately, these poly(SBVI) and zwitterionic-based composite gels offer a highly adaptable, multifunctional platform for advancing bioelectronics, smart therapeutics, and stable batteries."
486,ORS1-0402,,"Mass transfer limitations pose considerable challenges in electrochemical synthesis, particularly in high-viscosity environments that are inherent to electrochemically mediated polymerizations. In such scenarios, inadequate transport of redox-active species to and from the electrode surface results in electrode fouling and premature termination of the polymerization. Herein, we have thoroughly investigated electrochemically mediated atom transfer radical polymerization ( e ATRP) as a model platform to address the challenges arising from mass transfer limitations associated with electrochemical polymerizations by employing rapid alternating polarity (rAP). In this talk, I will discuss a straightforward strategy for e ATRP that employs readily available graphite electrodes within an undivided cell, and we implement a single constant alternating current on a millisecond timescale throughout the entire polymerization process. This method effectively prevents overreduction of copper catalysts and electrode fouling, thereby facilitating the polymerizations of methyl acrylate (MA) with near-quantitative monomer conversions and exceptionally narrow dispersities (dispersity < 1.1 ). This rAP e ATRP method exhibited low catalyst loading, broad monomer scope, and precise control over polymerization kinetics. This work could underpin future research on rAP in various controlled electrochemical polymerizations."
1709,KES2-1568,,"Polymeric materials that feature two percolating domains are of interest across a diverse range of applications, from water filtration to ion battery electrolytes, and from solar cells to drug delivery. A co-continuous nanostructure can enable simultaneous optimization of nominally orthogonal properties, such as mechanical strength and high molecular transport. This goal can be achieved by self-assembly of appropriately designed AB diblock copolymers into network phases, such as the double gyroid. The resulting material can then be rendered porous by selective etching of one domain, which can then serve as a template for production of a new thermoset material after infiltration with a suitable precursor. However, this approach suffers from several constraints, including a restricted range of pore size (typically 5–40 nm). Bottlebrush block copolymers offer an appealing route to self-assembled domains with larger length scales, due to the enhanced molecular volume and extended backbone. Bottlebrushes have the additional advantage that the architecture suppresses chain entanglement, and therefore may facilitate processing. However, AB bottlebrush diblocks apparently do not form the double gyroid. Accordingly, we have been exploring the phase behavior of ABC triblock bottlebrush terpolymers. These materials were prepared by sequential ROMP, from poly(ethylene- alt -propylene) (PEP), polystyrene (PS), and polyethylene oxide (PEO) or polylactide (PLA) macromonomers. Selected triblock terpolymers can pack into the core-shell double gyroid structure, and the unit cell dimension grows almost linearly with molar mass, even beyond 100 nm. The ABC triblock terpolymers also exhibit several other novel structures, including a rectangular-centered cylinders-in-undulating-layer structure, alternating tetragonally packed cylinders, and even an apparently disordered but stable network phase."
476,INS2-0392,"Minjeong Kang (Hanyang University), Jungju Ryu (Hanyang University)","Inspired by metal-catechol interactions found in biological systems, dynamic and tunable properties have been incorporated into a variety of polymer hydrogels. In this study, hyaluronic acid (HA)-based hydrogels were developed by controlling the gelation kinetics of Fe(III) ions and catechol-functionalized polymers. The dual roles of Fe(III) in catechol-modified HA (HA-CA)- coordination with catechol groups and Fe(III)-induced catechol oxidatio n followed by covalent coupling- were exploited to generate distinct gelation mechanisms. In addition, tetra-poly(ethylene glycol) terminated with catechol groups (4-PCA) was crosslinked through Fe(III)-mediated coordination b onds. Depending on pH, catechol- Fe(III) interactions formed either bis- or tris-complexes, resulting in different network architectures. The structures and properties of 4-PCA hydrogels were investigated as functions of pH and the catechol-to-Fe(III) molar ratio. Coordination states were characterized by UV- visible and Raman spectroscopy. Correlation lengths (ξ) in semidilute polymer solutions and hydrogel networks were determined using dynamic light scattering, small angle X-ray scattering ( SAXS ) , and small angle neutron scattering ( SANS ) . Hydrogels dominated by bis-complex crosslinks exhibited ξ values comparable to the dimensions of individual polymer chains, indicating relatively homogeneous networks. In contrast, hydrogels containing predominantly tris-complex crosslinks showed larger ξ values, suggesting heterogeneous structures with partially crosslinked domains. The rheological behavior was analyzed in relation to the spatial, temporal, and thermal hierarchy of the hydrogel networks. These results provide insight into the structure-property relationships of metal- catechol-crosslinked hydrogels and offer guidelines for designing mechanically tunable biomimetic materials."
1156,INS2-1053,,"Owing to their elasticity and flexibility, rubber materials are widely used in applications such as tires and seismic isolation devices. Because they must bear substantial loads in service, nanofillers are commonly incorporated to increase the elastic modulus and improve fracture resistance. For several rubbers — natural rubber and isoprene rubber (IR), among them — an additional reinforcement mechanism called “ strain-induced crystallization (SIC) ” has long been established [1]. However, how SIC develops at the nanometer scale and how it relates to the spatial arrangement of nanofillers remain poorly understood. A method capable of capturing the nanoscale structural changes in rubber during deformation has recently become available [2]. In parallel, an electron-diffraction-based imaging approach termed “ nanodiffraction imaging (NDI) ” has been shown to directly map the spatial distribution of polymer nanocrystals [3]. By combining these two advanced microscopy techniques, the present study investigates how crystals form and distribute as rubber is stretched. We prepared IR specimens containing silica nanoparticles (filled IR) and filler-free counterparts (unfilled IR), and monitored their stretching in situ in a transmission electron microscope (JEM-F200, JEOL Ltd.) equipped with a single-electron counting camera (K3 camera, Gatan Inc.). NDI then resolved the spatial distribution of SIC crystals at 20 nm resolution. In unfilled IR, SIC appeared uniformly across the specimen, whereas in filled IR the crystals concentrated between silica-nanoparticle aggregates aligned along the stretching direction. Local strain analysis further revealed that SIC preferentially occurs in regions of high strain. References [1] X. Zhang et al. , Macromolecules 53 , 3082 (2020). [2] T. Miyata et al., Appl. Nano Mater. 4 , 4452 (2021). [3] S. Kanomi et al., Nat. Commun. 14 , 5531 (2023)"
108,ORS2-0032,"Sara Zimny (Institute of Physics, University of Silesia in Katowice, 75 Pułku Piechoty 1A, 41-500 Chorzów, Poland), Agnieszka Talik (Institute of Physics, University of Silesia in Katowice, 75 Pułku Piechoty 1A, 41-500 Chorzów, Poland), Marian Paluch (Institute of Physics, University of Silesia in Katowice, 75 Pułku Piechoty 1A, 41-500 Chorzów, Poland), Magdalena Tarnacka (Institute of Physics, University of Silesia in Katowice, 75 Pułku Piechoty 1A, 41-500 Chorzów, Poland)","High-pressure studies provide a route to disentangle mechanisms governing polymer dynamics under conditions where temperature and density can be controlled independently. This approach is valuable for glass-forming polymers, in which segmental mobility, chain modes and secondary relaxations are coupled to temperature, packing, free volume and intermolecular interactions. By combining broadband dielectric spectroscopy with pressure-dependent analysis, activation volumes and the pressure coefficient of Tg can be determined, allowing evaluation of whether temperature or density dominates a relaxation. Such information is crucial for assigning the physical origin of dielectric modes, including segmental α relaxation, global chain motion and sub-Rouse/Rouse-like processes. Here, we discuss high-pressure dielectric studies as a molecular-level framework for understanding polymer dynamics and predicting the behaviour of macromolecules under confinement. Our recent results show that pressure experiments on bulk samples can predict to some extent dynamical trends observed when these systems are confined within mesopores. In particular, the pressure response of relaxation times, quantified by activation volume or the pressure coefficient of Tg, helps rationalize the acceleration of segmental and global mobility and the depression of Tg observed in confined polymers. However, full description must go beyond a simple density-based picture and include interfacial energy, polymer-wall interactions, wettability and morphology/roughness of pore walls. These findings show that high-pressure experiments are not only a tool for probing thermodynamic control of polymer relaxation, but also a predictive platform for confined soft matter. Linking bulk pressure response with confinement-induced changes offers a coherent strategy for identifying the microscopic origin of relaxation modes and understanding how macromolecular dynamics are modified by spatial restriction."
1722,KES2-1581,,"Polymer synthetic chemistry can now provide remarkable control over polymer microstructures, including the placement of associating functional groups in acid- and ion-containing polymers.  We have studied various precise and nearly-precise polymer architectures focusing on connecting the polymer microstructure to self-assembled morphologies and transport properties.  This talk will discuss segmented ionomers containing polar units with one neutralized sulfonate group separated by alkyl segments, synthesized in Prof. Stefan Mecking’s group.  When the alkyl block is a precise number of methylene groups, these multiblock ionomers exhibit exceptional long-range order and order-order transitions reminiscent of diblock copolymers. We constructed phase diagrams for comparison with theoretical predictions and computed the effective chi parameters from X-ray scattering data of their disordered morphologies.  With respect to ion conductivity, the most promising ordered structure is the double gyroid, which exhibits higher ionic conductivity than the isotropic layered or hexagonal morphologies.  Using the medial packing model for the double gyroid morphology, we defined a stretching ratio of the alkyl block that identifies which polymer architectures can exhibit the double gyroid. Finally, by reviewing a wider array of functionalized polymers, we establish a set of criteria for producing double gyroid morphologies."
833,INS2-0744,,"Bottlebrush polymers (BBPs) have attracted significant interest over the past two decades due to their distinctive physical and solution properties. Recent advancements in synthetic techniques now enable precise control over their three-dimensional architectures using diverse monomers. Compared to linear block copolymers (BCPs), bottlebrush block copolymers (BBCPs) exhibit unique structural characteristics, including a higher entanglement molecular weight, which facilitates rapid ordering dynamics and broadens their application potential. In this study, poly(styrene-b-methyl methacrylate) (PS-b-PMMA) BBCPs were synthesized via atom transfer radical polymerization (ATRP) and ring-opening metathesis polymerization (ROMP), with nanostructured patterns formed through thermal annealing. However, bromine groups at the chain termini, introduced during ATRP, promoted cross-linking during annealing, leading to significant defects in the BBCP patterns. This issue arose due to the considerably higher bromine density per chain in BBCPs compared to linear BCPs. To address this issue, a dehalogenation reaction was employed to remove the bromine groups, enhancing the thermal stability of BBCPs. Consequently, defect-free nanostructured BBCP patterns were successfully obtained, demonstrating their potential for applications such as directed self-assembly in nanolithography."
684,INS2-0598,,"Intermolecular interactions and surface characteristics play a critical role in determining the physicochemical properties and functionalities of soft materials and biological systems. Considerable efforts have therefore been devoted to characterizing intermolecular and surface interactions, particularly reversible noncovalent interactions, in surfactants, polymers, biopolymers, and biointerfaces. In this talk, I will briefly introduce the fundamentals of intermolecular and surface forces, as well as commonly used nanomechanical techniques for quantifying these interactions. Recent progress from our group will then be presented, with a focus on the application of nanomechanical tools to probe polymer/biopolymer interfaces and biological systems, including the wet adhesion of marine mussels. Our studies have systematically elucidated the molecular mechanisms underlying mussel adhesive interactions in aqueous environments, including biopolymer–metal ion coordination, cation–π, anion–π, hydrophobic, and hydrogen-bonding interactions. These fundamental insights have further guided the design and development of multifunctional soft materials, such as self-healing polymers, hydrogels, and wet adhesives, for bioengineering and related applications. Overall, this work provides useful insights into biological self-assembly and offers new strategies for developing multifunctional soft materials and surfaces through tunable reversible noncovalent interactions."
279,ORS2-0196,"Yuika Kamei (Kyushu University), Atsuomi Shundo (Kyushu University), Satoru Yamamoto (Kyushu University), Keiji Tanaka (Kyushu University)","Epoxy resins are formed through curing reactions between an epoxy base and a curing agent, resulting in a cross-linked network structure. Among various curing agents reported so far, dicyandiamide (DICY) has attracted considerable attention due to its excellent storage stability and ease of handling. To confer desirable properties onto epoxy resins, it is essential to understand the relationship between their network structure and mechanical properties. However, since DICY undergoes multiple reaction pathways and its reactivity depends strongly on curing conditions, the relationship is complex and not yet fully understood. In this study, we aim to understand the structure−properties relationship for epoxy resins cured with different DICY contents. Diglycidyl ether of bisphenol A (DGEBA) and DICY were used as the epoxy base and curing agent, respectively. DGEBA and DICY were mixed at different molar ratios (φ) of 0.10, 0.13 and 0.14. The mixtures were pre-cured at 453 K for 12 h and post-cured at 503 K for 12 h. Fourier-transform infrared (FT-IR) spectroscopy confirmed that for all cured resins, epoxy groups were completely consumed. Both the cross-linking and mass densities of the cured epoxy resins were independent of φ. Tensile tests conducted at room temperature revealed that increasing φ resulted in an increase in Young's modulus ( E ) and a decrease in fracture energy ( G f ).  FT-IR analysis further showed that the fraction of urethane bonds, which form hydrogen-bonding, increased with increasing φ. Given that the cross-linking and mass densities remained unchanged, the increase in E is most likely attributable to the increased fraction of hydrogen-bonding interactions. In contrast, the decrease in G f cannot be simply explained in terms of the formation of urethane bonds. In the presentation, we will further discuss the network structure and dynamic heterogeneity to address the origin of the decrease in G f ."
157,INS2-0076,"Franceska Gojda (Foundation for Research & Technology-Hellas and Univ. of Crete), Maria Vlasiadi (Foundation for Research & Technology-Hellas and Univ. of Crete), Alexandros Thomos (Foundation for Research & Technology-Hellas and Univ. of Crete), Fanourios Krasanakis (Foundation for Research & Technology-Hellas), Minas M. Stylianakis (Foundation for Research & Technology-Hellas and Hellenic Mediterranean Univ.), Kiriaki Chrissopoulou (Foundation for Research & Technology-Hellas)","The development of antifouling and antimicrobial surfaces that would prevent the transfer of bacteria has gained the scientific interest during the recent years. In this work, polymer nanocomposite coatings are developed to provide surfaces with antifouling and antimicrobial properties on frequently used surfaces in everyday life. This was achieved via deposition of waterborne nanocomposite coatings that contain the appropriate hydrophobic polymeric matrix and nano-additives, which provide the appropriate hierarchical roughness. While traditional methods typically employ 0D nanoparticles to achieve surface nano-structuring, the flake-like structure of Ti₃C₂Tₓ MXenes introduces roughness that extends into the micron-scale. Different smooth substrates were coated by a one-step spraying process and the surface properties were investigated as a function of the additive content. Moreover, ternary nanocomposite coatings were developed with MXenes and alumina nanoparticles by a single-step spraying of an aqueous suspension. This combination results in hierarchical surface structures (with micrometer- and nanometer-scale roughness), achieving excellent water repellence with significantly lower additive concentration than the one needed when single-type of nanoadditives were used. Due to the low Ti₃C₂Tₓ MXene content, the use of our approach extends beyond dark-colored applications, even in cases where the aesthetic result is critical. The nanohybrid coated surfaces exhibited mechanical and chemical durability, retaining their hydrophobicity after repeated abrasion cycles and under extreme pH conditions (pH 2 or 13). This study highlights the potential of MXenes as an innovative additive for next-generation water-repellent coatings. Acknowledgements: This research has been partially financed by the EU Horizon Europe Programme within project STOP (Grant Agreement 101057961) and project WISE (Grant Agreement 101138718 )."
1710,INS2-1569,Junyeon Yoon (Gwangju Institute of Science and Technology),"Controlling the nanoscale morphology of conjugated polymers (CPs) is central to the performance of organic and stretchable electronics, yet the molecular-scale interactions that govern their crystallization-driven self-assembly (CDSA) into one-dimensional nanowires (NWs) have been difficult to visualize and control at the same time. Here we present a cryogenic and in-situ liquid-phase transmission electron microscopy (TEM) platform that resolves, and enables control over, the full seeding-and-growth hierarchy of polythiophene-based CP NWs. First, simply blending a polythiophene-based CP with an electron-accepting molecular dopant in a single good solvent triggers integer charge transfer, driving spontaneous pi-pi stacking, seed formation, and 1D growth without any solvent or temperature control. In-situ liquid-phase TEM directly visualizes this stepwise seed-and-growth mechanism in real time, while kinetic analysis of nucleation and elongation yields parameters for tuning the assembly through charge transfer. Second, because CDSA inevitably yields heterogeneous mixtures of crystalline NWs and amorphous tie chains, we introduce density-driven differential sedimentation to fractionate the suspension, and develop a cryo-TEM quantitative morphological mapping framework that resolves backbone tilt, width uniformity, and lattice coherence at the single-NW level. This reveals that local cofacial pi-pi packing is preserved across fractions, whereas long-range lamellar coherence and transport-favorable end-on chain orientation concentrate in the crystalline sediment. Recombining the fractions at controlled ratios programmably tunes the mobility-to-stretchability trade-off without chemical modification, and generalizes to coaxial donor-acceptor hybrid NWs. Together, correlated cryo- and in-situ TEM turn CP molecular interactions into directly observable and programmable design parameters, from charge-transfer-driven nucleation to single-NW structural control."
1109,KES2-1011,"Mohd (Avais), Chen (Wang), Cassie (Duclos), Lam (Ngo), Daniel (Tabor), Jodie (Lutkenhaus)","This presentation will address how polymer chemistry can be used to understand the application of non-conjugated polymers in electrochemical energy storage. Random coil polymers bearing pendant redox active 2,2,6,6-tetramethylpiperidinyloxyl (TEMPO) groups are used to understand fundamental structure-property relationships.  We will report on the impact of spacing of the TEMPO units on the polymer backbone with polymers prepared by acyclic diene metathesis, as well as the impact of tacticity on polymer chain conformation and mobility, free volume, and spacing of the redox active units, e.g., using poly(2,2,6,6-tetramethylpiperidinyloxy methacrylate, PTMA).  Electrochemical analysis of the reaction diffusion and kinetics, as well as electrochemical quartz crystal microbalance with dissipation monitoring (EQCM-D) analysis of the mass transfer process, reveal that specific capacity and energy are influenced by both processes. All-atom molecular dynamics (MD) simulations are used explain these observations. This work highlights that not only polymer composition, but also polymer organization in the solid state are important considerations in developing next-generation non-conjugated redox-active polymers for electrochemical energy storage"
1245,ORS2-1134,,"The soft-template method is a powerful strategy for synthesizing mesoporous metal oxides (MMOs), offering high versatility that enables access to a wide range of compositions and nanostructures. Nevertheless, conventional approaches face fundamental limitations in two key stages. First, solvent-evaporation–driven block copolymer self-assembly inevitably requires toxic solvents . Moreover, homogeneous integration of 1D/2D nanomaterials into MMOs is challenging because of phase segregation and structural inhomogeneity. Thus, synergistic advantages of both nanomaterials and the mesostructure in MMOs are not expected. Second, high-temperature calcination is typically needed for template removal and metal oxide conversion from the precursors, which restricts a direct synthesis of MMOs on plastic substrates. Therefor, flexible energy storage devices based on MMOs could not be acheived. To overcome these two challenges, we introduce innovative condensation-induced self-assembly (CISA) 1 where uniform dispersion of 1D/2D nanomaterials into MMOs is achived in an enviornemtally friend solvent such as acetone. Also, we utilize a synergistic effect of thermal activation and plasma, which enables a direct synthesis of various MMOs on a flexible polymer substrate. 2"
219,INS2-0138,,"Polymer materials as functional layers in organic electronics allow for light weight and flexibility in real-world devices. The relevant materials are conjugated, semiconductive polymers. They allow for a broad range of applications ranging from organic electronics to flexible solar cells. On the other hand, structural persistence on device scale is demanded. Here, biopolymers come into play. Cellulose nanofibrils (CNF) are ideal: Cellulose constitutes the world’s largest biomass, CNF are lightweight, yet flexible and resistant to many solvents. Thus, combining semiconductive polymers and CNF into hybrid materials offers new routes for sustainable, organic electronics. In detail, the use of spray coating as scalable and material-saving processing technology is pursued, allowing even roll-to-roll (R2R) fabrication of hybrid materials. In order to correlate nanostructure, hybrid material properties and macroscopic function, X-ray and neutron scattering allow for time-resolved high-end characterization for the molecular to the mesoscale. In detail, grazing incidence X-ray and neutron scattering allow for in situ investigations during processing as well as investigating stability of the hybrid materials during environmental stressing. The examples range from optically transparent electrode materials via full electronic devices to thermoelectrics. Finally, deep-learning methods for in-depth characterization of the nanostructure are presented."
1734,INS2-1593,,"Polymer nanocomposites (PNCs) continue to attract considerable attention because they combine the processability of polymers with the unique structural, mechanical, and interfacial properties imparted by nanoscale fillers. The ultimate performance of these materials is governed not only by nanoparticle chemistry and loading but also by the evolution of polymer morphology, nanoparticle organization, and interfacial dynamics over multiple length scales. Although significant advances have been made in understanding equilibrium structures, many of the processing pathways that determine final material performance remain poorly understood. In particular, the coupling between nanoparticle network formation, polymer architecture, confinement-induced transport, and interfacial organization presents both fundamental scientific questions and practical opportunities for engineering next-generation multifunctional materials. This work investigates two complementary manifestations of these phenomena: (i) the relationship between nanoparticle percolation and mechanical reinforcement in polymer nanocomposite thin films and (ii) the influence of polymer molecular architecture on infiltration kinetics within nanoporous metallic scaffolds. Together, these studies establish a unified framework illustrating how nanoscale morphology and interfacial interactions dictate both the formation and the ultimate properties of polymer nanocomposites. The first study focuses on mechanically reinforced polymer nanocomposite films consisting of poly(methyl methacrylate)-grafted silica nanoparticles (PMMA-NPs) dispersed within a poly(styrene-ran-acrylonitrile) (SAN) matrix. Nanoparticle percolation has long been recognized as a primary mechanism governing reinforcement in filled polymer systems, yet the specific influence of three-dimensional nanoparticle network morphology and surface nanoparticle organization remains insufficiently understood, particularly in confined thin-film geometries. Here, systematic variations in film thickness and thermal annealing are used to manipulate nanoparticle organization and generate distinct structural motifs, including uniformly dispersed nanoparticles, isolated clusters, discrete vertical pillars, continuous pillar arrays, and highly interconnected nanoparticle networks. These morphologies provide a model system for establishing quantitative relationships between nanoparticle organization and local mechanical performance. Atomic force microscopy (AFM) nanoindentation measurements reveal that mechanical reinforcement correlates strongly with the degree of nanoparticle connectivity. Films containing interconnected nanoparticle networks exhibit the highest reduced modulus and hardness, reaching values of approximately 7.6 GPa and 624 MPa, respectively. These values represent nearly a fourfold improvement in hardness and a substantial increase in modulus compared to as-cast films containing a more homogeneous nanoparticle dispersion, which display a reduced modulus of approximately 5.1 GPa and hardness of 298 MPa. The progressive increase in stiffness and hardness observed as nanoparticle morphology evolves from isolated clusters to continuous percolated networks directly demonstrates the critical role of load transfer through interconnected nanoparticle pathways. An additional and unexpected contribution to reinforcement arises from nanoparticle structures that form preferentially near the free surface during thermal annealing. AFM nanoindentation performed at shallow penetration depths indicates that these surface-enriched nanoparticle layers produce enhanced stiffness at low indentation loads, suggesting that hierarchical reinforcement develops across the film thickness. Consequently, both the internal nanoparticle network and the surface nanoparticle architecture contribute to overall mechanical performance. These findings demonstrate that nanoparticle reinforcement is governed not solely by filler concentration but also by the spatial organization of nanoparticles across multiple length scales. The ability to engineer nanoparticle percolation through processing variables such as film thickness and annealing provides a versatile strategy for tailoring the mechanical properties of polymer nanocomposites. Because many emerging technologies—including protective coatings, flexible electronics, membranes, structural adhesives, and electrochemical energy storage devices—depend on thin polymer films exhibiting exceptional stiffness, durability, and dimensional stability, understanding these structure-property relationships is essential for rational materials design. The second study examines an equally important aspect of polymer nanocomposite formation: the dynamics of polymer infiltration into nanoporous media. While capillary-driven infiltration is frequently described using classical Lucas-Washburn theory, polymer transport under nanoscale confinement is strongly influenced by molecular architecture, chain conformations, interfacial interactions, and confinement-induced structural rearrangements. These effects become especially pronounced for block copolymers, whose self-assembled morphologies introduce additional energetic barriers absent in homopolymer systems. To investigate these phenomena, in situ spectroscopic ellipsometry is employed to measure the infiltration kinetics of poly(styrene) (PS), poly(2-vinyl pyridine) (P2VP), and the diblock copolymer poly(styrene-b-2-vinyl pyridine) (PS-b-P2VP). All polymers possess comparable molecular weights and infiltrate a bicontinuous nanoporous gold (NPG) scaffold characterized by an average pore radius of approximately 30 nm. Under these conditions, the confinement parameter Γ = Rg/Rpore is approximately 0.56 for all three materials, enabling direct comparison of polymer dynamics under equivalent geometric confinement. Despite similar molecular sizes, the infiltration kinetics differ dramatically. PS exhibits the fastest infiltration behavior, while P2VP infiltrates considerably more slowly, requiring approximately twice the time needed for PS to reach 80% pore filling. The slower dynamics of P2VP reflect stronger interactions between the pyridine groups and the gold surface, leading to increased frictional resistance during capillary infiltration. The most striking result, however, is observed for the diblock copolymer. PS-b-P2VP infiltrates nearly two orders of magnitude more slowly than either homopolymer under identical experimental conditions, revealing the presence of kinetic barriers that cannot be explained solely by viscosity or capillary driving forces. These observations demonstrate that polymer molecular architecture fundamentally alters transport behavior within confined nanoporous systems. To describe the infiltration process quantitatively, the classical Lucas-Washburn equation is modified to account for the fractal geometry of the nanoporous gold scaffold. Incorporating the fractal characteristics of the bicontinuous pore network substantially improves agreement between theoretical predictions and experimental infiltration kinetics for all three polymer systems. Nevertheless, even the modified model indicates that additional molecular-scale mechanisms govern the exceptionally slow infiltration observed for the block copolymer. Structural characterization using grazing-incidence small-angle X-ray scattering (GISAXS) reveals that the PS-b-P2VP initially forms vertically oriented cylindrical microdomains prior to infiltration. Successful infiltration therefore requires disruption of this ordered morphology. Specifically, P2VP blocks must detach from the cylindrical domains before chains can reorganize and penetrate the nanoporous network. This process introduces an activation barrier estimated to be approximately 20 kBT, providing a molecular explanation for the dramatically reduced infiltration rate. Following infiltration, electron energy-loss spectroscopy (EELS) demonstrates preferential localization of the P2VP blocks along the nanoporous gold surfaces, indicating that interfacial interactions drive selective block segregation during confinement. Thus, infiltration is not merely a transport phenomenon but also a dynamic self-assembly process in which molecular architecture, chain rearrangement, and preferential surface interactions collectively determine the final nanostructure. Taken together, these two investigations highlight complementary aspects of polymer nanocomposite science. The first demonstrates how processing-induced nanoparticle organization governs mechanical reinforcement through percolated load-bearing networks and surface nanostructures. The second reveals how polymer molecular architecture governs transport under confinement through morphological transitions, activation barriers, and selective interfacial organization. In both systems, nanoscale morphology emerges as the central determinant of macroscopic behavior. More broadly, these studies emphasize that polymer nanocomposite performance cannot be understood solely through equilibrium thermodynamics or filler concentration. Instead, processing history, confinement, molecular architecture, nanoparticle connectivity, and interfacial interactions collectively determine both the pathways of material formation and the resulting functional properties. Processing-induced structural evolution establishes hierarchical organizations that directly influence transport kinetics, mechanical reinforcement, and interfacial energetics. These findings provide new insights into designing multifunctional polymer nanocomposites with independently tunable structural and dynamic properties. Engineering nanoparticle percolation enables precise control over stiffness and hardness, while tailoring polymer architecture and interfacial chemistry provides opportunities to manipulate infiltration dynamics and nanoscale organization in porous media. Together, these complementary strategies offer powerful design principles for advanced coatings, structural composites, flexible electronic materials, nanoporous membranes, catalytic supports, and electrochemical energy storage systems where mechanical integrity, controlled transport, and high interfacial area must be simultaneously optimized. By connecting nanoscale organization with dynamic processing behavior and macroscopic performance, this work contributes to a broader understanding of structure-processing-property relationships in polymer nanocomposites and establishes general principles for designing hierarchical polymer materials whose functionality derives from controlled organization across multiple length scales."
1614,INS2-1477,,"The rapid advancement of hybrid organic-inorganic perovskites (HOIPs) for next-generation photovoltaics and electronics demands precise evaluation of their macroscale structural properties. Translating laboratory-scale success into large-area devices or high-quality single-crystalline thin films requires advanced non-destructive characterization tools. These tools must resolve spatial heterogeneities, grain orientations, and lattice behaviors. This presentation highlights two advanced synchrotron-based X-ray diffraction (XRD) methodologies developed to probe the complex structural landscapes of perovskite materials. First, an intact-film orthogonal two-dimensional X-ray diffraction mapping (2DXDM) technique is introduced. Implemented at the PLS-II 6D UNIST-PAL beamline, this high-throughput platform evaluates large-area modules up to 225 cm² without physical sectioning. By utilizing a dual-scan rotation scheme, 2DXDM resolves spatial variations in crystallinity, orientation coherence, and localized lattice strain, thereby enabling a direct full-field correlation between crystallographic homogeneity and photovoltaic performance. Second, ω-dependent grazing-incidence X-ray diffraction (ω-GIXRD) is presented as a method to rigorously verify the single-crystallinity of 2D HOIP films grown on SiO₂/Si. Continuous in-plane sample rotation tracks the full orientation distribution, distinguishing ideal single-crystalline frameworks from multi-domain twist structures by capturing discrete, spotty diffraction peaks along the Ewald sphere. Collectively, these high-end synchrotron techniques establish a comprehensive diagnostic framework. They bridge the gap between microscopic crystallographic structures and macroscopic device performances, accelerating the scalable manufacturing of perovskite optoelectronics."
524,KES2-0440,,"The performance of polymer-based materials is strongly influenced by molecular processes occurring at solid interfaces. Although polymer adsorption is widely recognized as a key factor, how interfacial chain dynamics determine macroscopic adhesion remains poorly understood. In this lecture, we present a molecular-level picture of polymer adhesion developed through advanced scanning probe microscopy and interfacial mechanical analyses. First, time-resolved atomic force microscopy was employed to visualize segmental relaxation dynamics of isolated polymer chains adsorbed on atomically flat substrates. The measurements revealed pronounced spatial heterogeneity in chain mobility arising from transient adsorption events. Moreover, the influence of adsorption extended beyond directly contacted segments through dynamic coupling with neighboring chains. Next, long-time polymer mobility near solid interfaces was investigated using nano-creep measurements. The results revealed a hierarchical dynamic structure consisting of a strongly constrained adsorbed layer and an overlying region with suppressed mobility, demonstrating that interfacial constraints propagate far beyond the adsorbed layer. Finally, the relationship between interfacial structure and adhesion strength was examined using the Surface and Interfacial Cutting Analysis System. The results showed that adhesion strength increased with the development of the adsorbed layer and was governed primarily by the total interaction energy generated by chain segments in contact with the substrate. These findings establish a unified framework linking chain adsorption, interfacial dynamics, and adhesion. They demonstrate that polymer adhesion is governed not only by static interfacial structures but also by dynamic coupling processes spanning multiple length and time scales. The results provide molecular design principles for high-performance adhesives and advanced polymer-based materials."
287,KES2-0204,"Shangxian Ding (Yonsei University), Seungyun Jo (Yonsei University), Kyungkon Kim (Ewha Womans University), Jong Hyeok Park (Yonsei University), Jeonghun Kim (Yonsei University)","A simple strategy for developing a distributed Bragg reflector (DBR) is designated with 1D lamella-forming block copolymer (BCP). Using interfacial engineering of symmetric BCP confinement above the glass transition temperatures of the two blocks, lamella-forming polystyrene-b-poly(2-vinylpyridine) (PS-b-P2VP) was self-assembled into a defect-free multilayer nanostructure oriented parallel to the substrates throughout the film. This caused the lamellar structures to become more asymmetric, enabling the entire visible-wavelength spectrum of DBR films. The reflected wavelength (λ m ) for the BCP-based DBR films was cooperatively tuned by controlling the crosslinking density in the P2VP domains immediately before the acid incorporation. Using these well-defined giant lamellar structures, w e also demonstrate the structural coloration, surface-enhanced Raman scattering, and light-harvesting efficiency for photoelectrochemical cells."
300,INS2-0217,,"Semicrystalline polymers of low glass transition temperature, such as polyethylene (PE) and  hydrogenated polynorbornene (hPN), can be either brittle or ductile depending on how well stress can be transmitted between crystallites—such as via tie molecules (TMs), chains that directly bridge the intercrystalline amorphous layer.  TM content will increase with increasing molecular weight ( M ), or with the fraction of high- M chains in a disperse polymer; it will also increase with decreasing intercrystallite repeat spacing d , which can be manipulated through thermal history and the incorporation of comonomer.  We have examined the failure mode of model narrow-distribution linear PEs and hPNs, where d is varied through both crystallization history (either quenching or slowly cooling) and the incorporation of short branches (at variable levels) that are unable to enter the crystals.  For a given (co)polymer composition and thermal history, a rather sharp brittle-to-ductile transition (BDT) is observed with increasing M , at a value M BDT . However, when looking across thermal histories and comonomer contents, M BDT does not correspond to a particular numerical value of the tie molecule fraction ( P ), calculated by the Huang-Brown approach.  Rather, P BDT increases strongly as crystal thickness decreases, with both PE and hPN showing similar dependences.  We trace this unanticipated dependence to the loss of TMs during drawing, with polymers having thinner initial crystals losing a larger fraction of their TMs.  This postulate is confirmed by measurements of the post-draw strain-hardening modulus, which reflects the content of TMs remaining after the material has necked and drawn.  These insights provide guidance for the molecular design of ductile and easily processible polymers (via molecular weight distribution and branch content), and how those desirable characteristics can be preserved through rounds of mechanical recycling."
117,INS2-0041,,"Vibrational spectroscopy has evolved from a fundamental characterization tool to a powerful platform for probing matter at unprecedented spatial resolution, beyond the diffraction limit. Recent advances in vibrational techniques are capable to achieve nanometric resolution, enabling the discovery of new insights of complex functional materials. The physical properties of polymeric materials—from charge transport in organic electronics to gas sorption in porous networks—are governed by structural features that often elude conventional diffraction-limited characterization. Following an overview of state-of-the-art vibrational spectroscopy methodologies, we demonstrate their application across diverse material systems critical for energy and environmental challenges. Case studies include the characterization of organic crystals surface proprieties, where nanoscale chemical mapping reveals structure-property relationships related to macroscopic performances. We further explore CO₂ storage materials and bio-inspired systems, highlighting how high-resolution vibrational imaging unveils local chemical heterogeneity and interfacial phenomena. High brilliant broadband sources like Synchrotrons, allow for in operando infrared spectroscopy studies of dynamic processes, like the CO₂ uptake in metal-organic frameworks (MOFs), demonstrating the capability of monitoring of guest-host interactions at the molecular scale. These measurements provide direct visualization of adsorption mechanisms, structural transformations under working conditions, bridging the gap between static characterization and dynamic function. Collectively, these examples illustrate how advanced vibrational techniques are transforming our understanding of functional materials, enabling rational design strategies for next-generation technologies."
173,KES2-0092,,"Macromolecular condensates, generated via liquid-liquid phase separation (LLPS) of biological or synthetic components, serve as vital organizational hubs for cellular chemistry. Within the crowded intracellular space, these dynamic liquid assemblies compartmentalize essential processes—including DNA replication, transcription, and translation—to exert precise spatiotemporal control over biochemical reactions by either co-localizing or segregating reagents. While the functional roles of these assemblies are well-documented, directly probing the reciprocal relationship between polymerization and phase separation remains a challenge. To address this, we developed a light-mediated platform utilizing the photoiniferter polymerization of a diblock copolymer. In this system, macromolecular growth directly drives LLPS, triggering spontaneous phase separation as the reaction proceeds. We term this novel strategy Polymerization-Induced Condensation (PICON), offering a robust biomimetic model to investigate the real-time interplay between polymer synthesis and condensate dynamics."
1267,INS2-1154,,"We will introduce recent advances in utilizing Neutron Reflectivity (NR) for the non-destructive, quantitative elucidation of the internal nanostructures of complex polymer thin films used in high-performance organic transistors and high-efficiency water purification membranes. First, in a soluble acene/polymer blend system, a deuterated polymer was directly employed as a matrix to maximize the contrast in neutron scattering length density (SLD) between components. Through this approach, the exact location, thickness, and nanometer-scale roughness of the charge transport interface—which serves as the actual conduction channel within the vertically phase-separated blend film—were successfully isolated and determined quantitatively via depth profiling. Furthermore, the effects of the subtle behavioral differences in the deuterated polymer on enhancing the thermal and electrical stability, as well as the charge mobility of the devices, are discussed. This advanced interfacial resolution technique was further extended to analyze water-purification polyamide thin films synthesized spontaneously at the liquid–gas interface. NR precisely tracked the distribution and density variations of the non-uniform nanochannel networks inside the membrane, which are otherwise physically inaccessible, with a few-nanometer resolution. Consequently, this presentation aims to share how the neutron reflectivity technique serves as a pivotal tool for establishing clear structure-property relationships across diverse polymer-based applications, ranging from controlling the charge transport interface in next-generation intelligent devices to optimizing the permeation architecture of eco-friendly separation membranes."
112,KES2-0036,,"Block copolymer is able to self-assemble into a variety of nanostructured phases. Block copolymer composed of chiral block with one-handed helical polymer chain is referred to as chiral block copolymer, giving a unique helical phase with hexagonally packed helices (H*) by symmetry breaking from self-assembly. Herein, polylactide-containing chiral block copolymer is used as a representative system for the investigation of homochiral evolution from self-assembly. Optical activity of the build unit for polymer (molecular chirality) can be examined by electron circular dichroism (ECD) whereas conformational chirality can be determined by the signals of C=O vibrational circular dichroism (VCD) spectrum, resulting from intrachain chiral interaction along the polymer chain. The chirality of hierarchical superstructure from the self-assembly of helical polymer chains can be resolved by C-O-C VCD spectrum, resulting from interchain chiral interaction between helical polymer chains. By taking advantage of homochiral evolution, chirality transfer from self-assembly can be well addressed from molecular to conformational and finally to phase chirality, giving rising to the formation of H* with controlled chirality as evidenced by electron microscopy tomography (3D TEM). Most interestingly, gyroid, G, (a chiral network) with controlled chirality can be obtained by self-assembling chiral triblock terpolymer at which the chirality of the G is determined by the chiral end block and the achiral end block gives the G with opposite chirality, giving a double network structure referred to alternating gyroid with controlled chirality (G A* ). Furthermore, by taking advantage of induced circular dichroism (ICD), it is feasible to create chiral block copolymer by association of chiral dopant with an achiral block. As a result, it is possible to create H* and G A* with controlled chirality from the self-assembly of achiral block copolymer and triblock terpolymer with ICD, respectively."
453,INS2-0369,,"The exploration of three-dimensional (3D) nanostructures in block copolymers involves the manipulation of compositional fluctuations at interfaces, induction of conformational asymmetry, and design of complex architectures. Despite the abundance of such nanostructures identified to date (e.g., triply periodic minimal surfaces and Frank–Kasper phases), the experimental demonstration of thermodynamically stable complex 3D network structures with high packing frustration remains limited. In this talk, I would like to show the critical role of molecular interactions at polymer chain ends in stabilizing network morphologies and propose the use of end-group chemistry as a versatile approach to achieve thermodynamically stable network structures with high packing frustration in simple linear diblock copolymers. This strategy allows precise control over physical properties, nanoscale self-assembly, and interfacial functionality, all without altering the polymer backbone. I advocate revising conventional block copolymer phase diagrams to consider end–end interactions and end-group arrangements. In instances where end-functionalized block copolymers exhibit strong end–end interactions, a broader phase window is occupied by network structures such as gyroid, diamond, and primitive phases, instead of lamellar structures. This highlights the transformative potential of end-group chemistry in designing functional nanomaterials for emerging applications."
1050,INS2-0952,,"Polymeric nanoparticles are fundamentally nonequilibrium objects whose internal organization, dynamics, and biological function are dictated by the physicochemical pathways through which they are formed. Most polymeric nanoparticles are produced by solvent-exchange processes such as nanoprecipitation or microfluidic mixing, which impose rapid changes in solvent quality and kinetically arrest polymer chains before thermodynamic equilibration can occur. Structural analyses (SAXS, TEM) show that polymeric nanoparticles frequently exhibit heterogeneous, nanodomain-based internal architectures instead of homogeneous polymer cores, reflecting the competition between solvent exchange, chain mobility, and interfacial stabilization during assembly. Microfluidic approaches further demonstrate that solvent-mixing time and solvent identity decisively control particle size and dispersity, highlighting assembly history as a key design parameter. From these nonequilibrium origins, polymer architecture translates into distinct internal organization and dynamics. Nanoparticles with comparable macroscopic characteristics can differ substantially in segmental mobility and internal packing, which critically affects their responsiveness and release behavior. Internal dynamics, rather than static morphology alone, govern the kinetics of structural rearrangements under external stimuli. This dynamic perspective is particularly relevant for vesicular systems, where membrane physics dominates biological performance. Effective nanocarrier design requires balancing stability during circulation with selective membrane destabilization at the target site. Stimuli-responsive and multiresponsive architectures enable controlled permeability changes and conditional activation in complex biological environments. Acknowledgments: This work was supported by the Ministry of Education, Youth and Sports of the Czech Republic (grant no.  LM2023053)."
1118,INS2-1019,,"Measuring forces at the nanoscale provides valuable insights into the affinity between molecules, which can be further related to the miscibility and compatibility of materials. Several techniques have been developed to directly probe such interaction forces, including atomic force microscopy and magnetic/optical tweezers. Among these, the Surface Forces Apparatus (SFA) has been employed for decades to measure forces between two surfaces. A key advantage of the SFA over other methods is its ability to determine the absolute distance between surfaces, rather than a relative distance defined by a pseudo-hard wall. Furthermore, owing to its interferometric distance measurement and well-defined geometry, the SFA enables sub-nanometer resolution and a rigorous conversion of measured forces into interaction energies. It also allows direct quantification of adhesion, hysteresis, and energy dissipation during repeated approach–separation cycles, thereby bridging molecular interactions with macroscopic properties such as adhesion, lubrication, and material compatibility. In this presentation, I will highlight several studies on intermolecular force measurements, demonstrating how the SFA can provide fundamental insights into structure–property relationships through investigations of interactions between (i) host–guest pairs and (ii) biopolymers and various functional groups."
561,ORS2-0477,"Katayoun Morakabi (Waters), Seonguk Yoo (Waters), Yeongho Kim (Waters), Leo Liu (Waters), Michelle Chen (Waters)","Novolak resins are critical matrix components in g-line and i-line photoresists, where molecular weight (MW), molecular weight distribution (MWD), and oligomeric content fundamentally dictate dissolution kinetics and lithographic resolution. In this study, we established an advanced, high-resolution analytical workflow using the Waters ACQUITY APC ™ system integrated online with Wyatt omniDAWN ™ multi-angle light scattering (MALS) photometer, microViscoStar ™ differential viscometer, and microOptilab ™ differential refractive index (dRI) detector to comprehensively characterize low and high MW Novolak polymer samples. Both resins exhibited a discrete fraction of high-molecular-weight species (~25–27 kDa) alongside their main polymer peaks with heterogeneous MWDs. To overcome non-ideal separation and coelution in the critical oligomeric region, chromatographic conditions were optimized by introducing a dual 45 Å column configuration (125+45+45 Å). This multi-column setup substantially improved the separation of oligomers and resolved a possible dimer species eluting at 9.1 minutes (~200 Da), enabling precise quantification. Under optimized conditions, the total weight-average molar mass (M w ) and dispersity (Ð) were determined to be 5.5 ± 0.2 kDa (Ð = 6.08) for the High MW resin, and 2.5 ± 0.0 kDa (Ð = 3.23) for the Low MW resin. Additionally, in-line viscometry successfully determined the weight-average hydrodynamic radii to be 1.6 nm and 1.3 nm, respectively, overcoming the lower limit of MALS. This study demonstrates a robust and reproducible APC-MALS methodology for structural optimization and quality control of advanced electronic chemicals."
1863,INS2-1667,"Dongyeol Kum (KAIST), Sangyeop Lee (DGIST), Junyeon Yoon (GIST), Eunji Lee (GIST), Su-Mi Hur (DGIST)","Block copolymers can self-assemble into nanoscale domains with regular periodicity, but the range of readily accessible morphologies remains largely limited to the classical structures established by the phase behavior of linear diblock copolymers. We address this limitation by designing comb-linear block copolymers in which the interfacial curvature can be tuned through systematic variation of side-chain density. The comb-linear block copolymers are derived from a linear diblock precursor comprising a reactive poly(pentafluorophenyl acrylate) (PPFPA) minor block and a polystyrene (PS) major block, followed by post-polymerization grafting of amine-functionalized poly(ethylene glycol) (PEG) side chains onto the PPFPA block. Increasing the PEG side-chain density progressively changes the domain morphology. At moderate PEG side-chain densities, a flat interface is adopted, yielding an asymmetric lamellar morphology. Further increasing the PEG density results in a continuous PEG-rich network that encloses the compositionally major PS block within discrete domains. The PEG network maintains a flat interface with uniform wall thickness, giving rise to a honeycomb morphology with faceted interfaces. Molecular simulations provide further insight into the competing interactions among the different blocks that stabilize this unusual domain geometry."
236,INS2-0154,Moon-Chul Ryu (Hongik University),"Coacervation is a liquid-liquid phase separation driven by intermolecular interactions in aqueous environments. Because coacervates exhibit a dynamic liquid-like interior, low interfacial tension, and stimuli-responsive behavior, they are promising for applications including adhesives, coatings, and delivery systems. Among these materials, complex coacervate core hydrogels (C3Hs) formed from oppositely charged block polyelectrolytes provide hydrated and responsive cores with highly tunable structures and mechanics. However, the molecular origins of relaxation in coacervate-based hydrogels remain poorly understood. In this study, model C3H systems are used to investigate the relaxation behavior of spherical coacervate cores. Structural characterization by small-angle X-ray scattering is combined with rheological measurements to examine how coacervate core dynamics and charge block length asymmetry affect network relaxation. The results show that molecular architecture controls both the structural organization and viscosity of the coacervate core, which in turn governs the relaxation time of the hydrogel network. These findings establish core viscosity and block asymmetry as key molecular design parameters for programming relaxation in C3Hs, offering a practical framework for designing coacervate-based soft materials with targeted mechanical performance."
1796,INS2-1623,,"Synchrotron-based Small-Angle X-ray Scattering (SAXS) provides rapid and high-resolution structural information at the nanoscale without requiring complex sample preparation. Owing to these advantages, SAXS has been widely applied in diverse areas of materials science. In PLS-II, four SAXS beamlines are currently in operation; however, the growing demand for experiments has made it increasingly difficult to accommodate all user requests within the limited beamtime available. To address this limitation, the development of automated, remote-controlled, and unmanned experimental systems has become essential for improving beamline efficiency. This seminar introduces a fully autonomous SAXS platform integrating collaborative robotics, adaptive data acquisition, and machine-learning-based vision monitoring at the 9A USAXS beamline of PLS-II. A collaborative robot–based exchange platform (CREP) enables reliable cartridge exchange and module replacement with high positioning reproducibility and stable long-term operation over 14,400 continuous exchange cycles. The adaptive data acquisition (ADA) system autonomously determines optimal exposure times and attenuator conditions based on real-time intensity evaluation, effectively reproducing operator-level decision-making. A machine-learning-based machine vision monitoring (ML-MVM) system enables real-time verification of cartridge mounting integrity and sample positional tolerance, completing the automation workflow. The integrated platform supports autonomous, sequential measurement of up to 2,000 samples per day while maintaining consistent data quality across conventional transmission SAXS (Tr-SAXS), heating Tr-SAXS, and grazing-incidence SAXS (GI-SAXS) experiments."
489,ORS2-0405,Keiji Tanaka (Kyushu University),"Understanding how incomplete curing affects the mechanical response of epoxy networks is essential for improving their reliability. In this study, all-atom molecular dynamics simulations combined with topological analysis were conducted to investigate load transmission in epoxy networks with systematically varied reaction conversion. Epoxy networks were represented as graphs, in which molecular segments were treated as edges and tertiary amine cross-linking sites as vertices. Network chains were classified into percolated load-bearing paths, dangling chains, and isolated chains based on graph connectivity. A virial-based approach was introduced to quantify the stress contribution of each path type. The results showed that load-bearing paths carried most of the applied stress, whereas dangling and isolated chains contributed less to load transmission. Increasing reaction conversion increased the number of load-bearing paths while reducing the fractions of dangling and isolated chains. Topological analysis across the gel point revealed that the cycle rank remained close to zero before gelation and increased markedly above the gel point, indicating the emergence of network cycles. Further curing increased the normalized cycle rank, demonstrating progressive densification of network cycles. Despite these substantial topological changes, the small-strain Young’s modulus remained nearly constant, whereas stress at moderate and large strain decreased systematically with decreasing conversion. These results demonstrate that network topology governs load transmission and elastic weakening in epoxy networks."
579,ORS2-0493,Ken Nakajima (Institute of Science Tokyo),"Understanding how nanoscale structures govern the mechanical performance of polymeric materials remains a central issue in polymer science. Atomic force microscopy (AFM) provides a powerful approach for visualizing local mechanical responses with nanometer-scale spatial resolution. In this presentation, AFM-based nanomechanical characterization methods are introduced to investigate the structure–property relationships of soft polymeric materials. Quantitative nanomechanical mapping enables direct visualization of local elastic and adhesive properties, revealing mechanical heterogeneity associated with fillers, interfaces, and phase-separated structures. Particular attention is given to filled rubber systems, where reinforcement originates from complex interactions among polymer chains, filler networks, and interfacial regions. AFM nanomechanical mapping reveals heterogeneous stress-transfer pathways around filler aggregates, while in-situ tensile AFM enables direct observation of local deformation, filler-network rearrangement, and strain-induced structural evolution during stretching. These observations provide new insights into the microscopic origins of reinforcement and damage initiation in rubber nanocomposites. The results demonstrate that AFM is a powerful tool for linking nanoscale mechanical behavior with macroscopic material performance. This approach provides a deeper understanding of deformation mechanisms in soft materials and offers valuable guidance for the design of high-performance polymer composites."
653,ORS2-0567,"Tieyi Lu (University of Michigan), Bolin Li (University of Michigan), John Andre (University of Michigan), Keiji Tanaka (Kyushu University), Zhan Chen (University of Michigan)","Polymer adsorption at solid/liquid interfaces governs the performance of various materials, including nanocomposites, coatings, and adhesives. A better understanding of the molecular picture of polymer adsorption is crucial for achieving further control of interfacial structures and physical properties. However, experimentally detecting how polymer chains adsorb at solid/liquid interfaces at the functional-group level remains challenging. In this study, we employed in situ and real time sum-frequency generation (SFG) vibrational spectroscopy to examine the adsorption dynamics of poly(methyl methacrylate) (PMMA) and polystyrene (PS) from their respective deuterated toluene solutions onto silica surfaces. By collecting time-dependent SFG spectra, we revealed that PMMA adsorption proceeded through a sequential and multistep process involving coupled adsorption and conformational rearrangement . Immediately after contact between the PMMA solution and silica, ester methyl (OCH 3 ) groups in the PMMA side chains adsorbed onto the silica surface. This adsorption is likely attributed to hydrogen bonding with interfacial silanol groups. The adsorbed OCH 3 groups then underwent conformational rearrangement. This was followed by adsorption and reorientation of chain-end methyl groups and backbone methylene groups, indicating a sequential, functional-group-specific adsorption pathway at the interface. In contrast, PS, which lacks specific hydrogen-bonding interactions with the silica surface, exhibited significantly slower adsorption under comparable conditions. These results demonstrate that interfacial hydrogen bonding plays a critical role in the structural evolution of polymer chains at solid/liquid interfaces. The findings provide fundamental insights into polymer chain assembly formation at interfaces and contribute to the rational design of polymer materials."
1070,ORS2-0972,,"Small-angle X-ray and neutron scattering (SAXS/SANS) have proven effective for characterizing polymer gel structures. Compared to their applications in polymer solutions, crystalline morphologies, and block copolymers, SAXS/SANS techniques are particularly suitable for polymer gels due to three key advantages: (1) capacity to analyze hierarchical structures across multiple length scales, (2) compatibility with various environmental controls (temperature, pressure, humidity, magnetic fields), and (3) non-destructive measurement capability allowing combined experimental approaches. This report focuses on SAXS/SANS methodologies for studying structural and structure changes in polymer gels. Experimental examples demonstrate the detection of structural responses to environmental stimuli, including temperature variations, humidity changes, mechanical stretching, shear deformation, etc [1-6]. The discussion covers practical implementation of specialized sample environments required for these measurements. Key observations include: 1) Characteristic scattering patterns correlate with crosslinking density variations, 2) Structural transitions during gelation processes are detectable through scattering intensity changes, 3) Structural evolution caused by phase-phase separation, and 4) Mechanical deformation induces measurable anisotropy in scattering profiles. These results confirm SAXS/SANS as a versatile toolkit for polymer gel characterization. References [1] M Helminger, B Wu, T Kollmann, et al. Adv. Funct. Mater 24 (21), 3187-3196(2014). [2] B Wu, M Siglreitmeier, C Debus, et al. Macromol. Biosci 18 (6), 1800018(2018). [3] H Wan, B Wu, L Hou, P Wu, Adv Mater 36(2):e2307290 (2024). [4] J Xu, B Wu, L Hou, P Wu, Small 20 (36), 2401164 (2024). [5] X Li, B Wu, S Sun, P Wu, Advanced Materials 36 (48), 2411273(2024). [6] H Ye, B Wu, S Sun, P Wu, Nature Communications 15 (1), 885(2024)."
1474,ORS2-1342,"Sara Zimny (University of Silesia in Katowice), Zaneta Wojnarowska (University of Silesia in Katowice), Marian Paluch (University of Silesia in Katowice), Kamil Kamiński (University of Silesia in Katowice)","Understanding molecular dynamics in complex polymers is crucial for advanced materials, yet the influence of topology and side-chain chemistry on relaxations remains poorly understood. In this presentation, we explore the dielectric and mechanical responses of poly(mercaptopropyl)methylsiloxane (PMMS)-based polymer brushes. By grafting the backbone with flexible acrylate and rigid methacrylate isomers, we investigated how side-chain structure governs dynamics at ambient and elevated pressures. Our results reveal a surprisingly rich picture. The unmodified backbone exhibits an unusually low glass transition temperature, defying expectations based on its hydrogen-bonding ability. Grafting changes the rules: some systems show a single relaxation, while others display two distinct motions. High-pressure experiments untangle these processes, identifying a slower hidden mode invisible to mechanical tests. This elusive motion, attributed to sub-Rouse chain dynamics, becomes detectable only due to the strong polarity of side groups—challenging conventional assumptions. Most intriguingly, compression response does not follow simple expectations. Pressure sensitivity of the glass transition does not scale with side-group size or rigidity, suggesting overall molecular organization, rather than individual monomer properties, dictates behavior. The backbone shows one of the lowest pressure sensitivities recorded for a polymer, pointing to the unique role of weak interactions. This work deepens our fundamental understanding of polymer physics and demonstrates high-pressure techniques as a tool for uncovering hidden molecular motions. By bridging chemistry, architecture, and dynamics, our findings open new avenues for designing smarter, more responsive polymeric materials."
1635,KES3-1498,,"Additive manufacturing enables complex three-dimensional (3D) geometries, yet achieving long-range ordered nanostructures within these architectures remains a fundamental challenge. This limitation stems from rapid crosslinking kinetics, which prematurely arrest block copolymers in disordered states. Here, we introduce Polymerization-Induced Arrangement of Nanostructures with Order-tunability (PIANO), a strategy that overcomes this kinetic mismatch by decoupling nanoscale ordering from network formation. By employing a mobility mediator (e.g., ethylene glycol) to enhance chain diffusion, PIANO facilitates rapid in situ self-assembly into tunable lamellar and hexagonally packed cylindrical morphologies, while simultaneously maintaining a robust hydrogen-bonding network compatible with 3D printing stresses. Crucially, the mediator acts as a latent crosslinker during post-printing annealing, ""locking"" the ordered nanostructures while reinforcing macroscopic mechanical strength. Finally, to ensure material circularity, we integrate dynamic bonds that enable controlled chemical decomposition without compromising initial structural integrity or printing resolution. By reconciling the divergent timescales of molecular self-assembly, fabrication, and degradation, the PIANO platform establishes a robust framework for the hierarchical design of sustainable, highly ordered functional materials."
1704,KES3-1565,Sawanta Mali (Chonnam National University),"Monolithic, two-terminal perovskite-silicon tandem solar cells demonstrate a dramatic advancement in power conversion efficiency (PCE) compared to their single-junction counterparts. However, bilayer electron or hole transporting layers (ETLs/HTLs) and multi-layer polymeric passivation materials play a critical role in minimizing non-radiative recombination. In this investigation, we explored the influence of a dry-processed nickel oxide/self-assembled monolayer (NiO x /SAM) HTL and a dry-processed ultrathin lithium fluoride (LiF) layer combined with a short-chain ethylenediammonium diiodide (EDAI 2 ) molecular layer as a bilayer passivation strategy for highly efficient monolithic tandem solar cells. A silicon heterojunction (SHJ) bottom cell and a 1.68 eV wide-bandgap (WBG) perovskite top absorber were integrated using this bilayer deposition approach and an interconnecting layer (ICL). The optimized tandem solar cell-configured as Ag/c-Si/ICL/bilayer HTL/WBG perovskite/bilayer ETL/IZO/Cu demonstrated an impressive open-circuit voltage (V OC ) of 1.895 V, yielding a PCE of 31.61%. Furthermore, stability assessments following the ISOS protocols revealed that the unencapsulated tandem device exhibited exceptional ambient stability, retaining approximately 95% of its initial efficiency after 1,000 hours of continuous maximum power point (MPP) tracking under 1-sun illumination. We believe this work establishes a promising strategy for suppressing non-radiative recombination using bilayer configurations to realize highly stable, high-performance tandem solar cells."
1867,KES3-1661,,"The history of modern polymers began in 1907 with the introduction of Bakelite, the first fully synthetic plastic. Since then, polymers have become the backbone of our technological society. Owing to their unique property profiles and ease of processing, they are now embedded in almost every sector—from medicine, electronics, automotive, and food packaging to aerospace. Their service life spans an extraordinary range, from seconds (e.g., packaging films) to decades (e.g., structural components), highlighting both their versatility and the complexity of their lifecycle management. This success, however, comes with a severe environmental cost. Planet Earth is suffering from the misuse of plastics, insufficient collection and recycling systems, and the lack of robust circular concepts that keep materials in a closed loop. In parallel, many applications - especially those involving motion, such as transport and logistics - are under increasing pressure to reduce weight, energy demand, and secondary emissions. Polymers, with their inherently low density, are ideal candidates for lightweight design, but in their conventional form they often lack the stiffness and strength required for demanding structural applications. One powerful route to overcome this limitation is to exploit the intrinsic strength of polymer chains through molecular orientation. By reorienting the molecular structure - for example in highly drawn, high-tenacity fibers - the degree of chain alignment can be maximized, allowing us to tap into the high bond dissociation energies of covalent bonds along the backbone. This principle of self-reinforcement was first formulated in 1975 by Capiati and Porter as the “one-polymer composite” concept. Over the past decades, self-reinforced polymers (srP) based on polypropylene have been intensively investigated and brought to market, combining excellent specific strength with enhanced recyclability, since all components are based on the same polymer chemistry. Nevertheless, despite their superior strength, srP often show limitations in stiffness, which is critical for many lightweight structures. An effective strategy to address this is the sandwich design approach, in which different morphologies of one and the same polymer - high-tenacity fibers, bulk material, and structural foam - are combined within a single component. This “morphology lightweight approach” leverages the specific advantages of each morphology: fibers for strength, bulk for toughness and connectivity, foam for bending stiffness and weight reduction. The result is a high-performance, single-material system that is both structurally efficient and intrinsically more recyclable. These tailored laminates and sandwich structures can be further processed using established technologies such as thermoforming and co-injection molding, enabling complex geometries and integration into existing manufacturing chains. However, processing such materials poses nontrivial challenges, including fiber relaxation and core crushing, which can compromise performance and recyclability if not properly controlled. This keynote will introduce the morphology lightweight approach with self-reinforced polymers, outline the underlying structure–property relationships, and discuss current solutions and open challenges in processing. It will point out that the intelligent combination of polymer morphologies within a single-material framework offers a promising pathway toward truly circular, lightweight, and performance plastics. The history of modern polymers began in 1907 with the introduction of Bakelite, the first fully synthetic plastic. Since then, polymers have become the backbone of our technological society. Owing to their unique property profiles and ease of processing, they are now embedded in almost every sector—from medicine, electronics, automotive, and food packaging to aerospace. Their service life spans an extraordinary range, from seconds (e.g., packaging films) to decades (e.g., structural components), highlighting both their versatility and the complexity of their lifecycle management. This success, however, comes with a severe environmental cost. Planet Earth is suffering from the misuse of plastics, insufficient collection and recycling systems, and the lack of robust circular concepts that keep materials in a closed loop. In parallel, many applications - especially those involving motion, such as transport and logistics - are under increasing pressure to reduce weight, energy demand, and secondary emissions. Polymers, with their inherently low density, are ideal candidates for lightweight design, but in their conventional form they often lack the stiffness and strength required for demanding structural applications. One powerful route to overcome this limitation is to exploit the intrinsic strength of polymer chains through molecular orientation. By reorienting the molecular structure - for example in highly drawn, high-tenacity fibers - the degree of chain alignment can be maximized, allowing us to tap into the high bond dissociation energies of covalent bonds along the backbone. This principle of self-reinforcement was first formulated in 1975 by Capiati and Porter as the “one-polymer composite” concept. Over the past decades, self-reinforced polymers (srP) based on polypropylene have been intensively investigated and brought to market, combining excellent specific strength with enhanced recyclability, since all components are based on the same polymer chemistry. Nevertheless, despite their superior strength, srP often show limitations in stiffness, which is critical for many lightweight structures. An effective strategy to address this is the sandwich design approach, in which different morphologies of one and the same polymer - high-tenacity fibers, bulk material, and structural foam - are combined within a single component. This “morphology lightweight approach” leverages the specific advantages of each morphology: fibers for strength, bulk for toughness and connectivity, foam for bending stiffness and weight reduction. The result is a high-performance, single-material system that is both structurally efficient and intrinsically more recyclable. These tailored laminates and sandwich structures can be further processed using established technologies such as thermoforming and co-injection molding, enabling complex geometries and integration into existing manufacturing chains. However, processing such materials poses nontrivial challenges, including fiber relaxation and core crushing, which can compromise performance and recyclability if not properly controlled. This keynote will introduce the morphology lightweight approach with self-reinforced polymers, outline the underlying structure–property relationships, and discuss current solutions and open challenges in processing. It will point out that the intelligent combination of polymer morphologies within a single-material framework offers a promising pathway toward truly circular, lightweight, and performance plastics."
1478,ORS3-1346,,"Polymer Processing Additives (PPAs) have been widely used in polyolefin film extrusion to eliminate melt fracture, reduce die build-up, lower extrusion pressure, and improve process stability. With increasing regulatory requirements and market demand for PFAS-free solutions, the development of alternative processing technologies has accelerated. In this study, the performance of a newly developed PFAS-free Polymer Processing Additive (PPA), 3M HX-9551, was evaluated in blown film extrusion applications. The additive was investigated under various resin architectures, processing conditions, and additive packages, including anti-blocking (AB) and slip agents. Performance was assessed based on melt fracture elimination, die build-up reduction, pressure reduction, and film optical properties. Experimental results demonstrated rapid melt fracture elimination across multiple LLDPE and mLLDPE grades under shear rates ranging from 220 to 500 s ⁻ ¹ and melt temperatures up to 250°C. The PFAS-free PPA demonstrated performance comparable to or exceeding that of commercial fluoropolymer-based PPAs in terms of melt fracture removal and process stabilization. In addition, the additive maintained effectiveness in formulations containing AB and slip packages, which are known to influence PPA performance. Long-term extrusion studies further showed significant suppression of die build-up and stable operation during increased output-rate conditions without reappearance of melt fracture. Pressure reduction performance was also observed, indicating reduced flow resistance and improved extrusion efficiency. Evaluation of film properties showed maintained or improved haze, clarity, and gloss compared with benchmark commercial PPA systems. These results demonstrate that PFAS-free PPA technology can provide robust processing performance while meeting emerging sustainability and regulatory expectations. The developed additive offers a promising solution for polyolefin film manufacturers seeking to transition away from fluorinated processing aids without compromising extrusion productivity or film quality."
1550,KES3-1414,,"The transition from fossil-derived polymers to sustainable materials requires more than renewable feedstocks; it calls for manufacturing platforms capable of programming structure and function across multiple length scales. Bacterial nanocellulose (BNC), biosynthesized by Komagataeibacter species, provides a compelling basis for such a platform. Unlike plant-derived cellulose, BNC is produced as a highly pure, hierarchically organized three-dimensional nanofibrillar network without energy- and chemical-intensive delignification. Its high crystallinity, mechanical integrity, water-holding capacity, and chemically addressable surface offer exceptional opportunities for advanced functional materials. Broader implementation, however, requires predictive relationships linking microbial metabolism and cultivation conditions to multiscale structure and application-specific performance. Our studies establish the carbon source not merely as a nutrient but as a critical design variable governing cellulose polymerization, fibril assembly, crystallinity, porosity, and the mechanical and transport properties of BNC films. These biosynthesis–structure–property relationships provide a rational framework for tailoring BNC during production while enabling the utilization of renewable and waste-derived carbon resources, including glycerol-rich streams. Building on this framework, in situ and ex situ engineering strategies have been developed to introduce functions absent from pristine BNC. Surface oxidation, interfacial modification, and hybridization with polymers, carbon nanomaterials, metals, and metal oxides transform its continuous nanofibrillar network into flexible membranes, emulsion-stabilizing interfaces, electrocatalyst supports, and precursors for three-dimensional conductive carbon architectures. These systems demonstrate how biological self-assembly can be integrated with polymer and materials chemistry to combine mechanical robustness, interfacial activity, and electrochemical functionality within a renewable scaffold. The broader significance of BNC lies not in a single application, but in its capacity to connect microbial manufacturing with advanced polymer engineering. Advances in scalable fermentation, low-impact functionalization, and quantitative multiscale control will position BNC as a versatile platform for circular materials spanning coatings, membranes, cosmetics, catalysis, and energy-storage and conversion technologies."
1473,INS3-1341,,"The next generation of polymer processing technologies is shifting from simply shaping materials to programming their internal structure and functionality during fabrication . This presentation discusses emerging manufacturing strategies that integrate processing science, materials chemistry, and multiscale architecture design to control polymer assembly from the molecular to the macroscopic scale. By exploiting flow-induced alignment, confinement effects, interfacial interactions, and nonequilibrium processing, advanced fabrication methods can precisely tailor polymer chain organization, nanoparticle distribution, porosity, and anisotropy to create materials with programmable mechanical, transport, electrical, and biological properties. Examples will be presented from multimaterial additive manufacturing, direct ink writing, fiber-based manufacturing, and hierarchical layer multiplication processes, illustrating how processing conditions dictate the evolution of complex polymer and polymer–nanoparticle architectures. These approaches enable deterministic control of functional microstructures while maintaining scalability and manufacturing efficiency. The resulting materials have been applied to lightweight structural composites, porous media for filtration and energy systems, multifunctional fibers, biodegradable biomedical scaffolds, and bioinspired tissue constructs. The presentation will further discuss the integration of artificial intelligence, computational modeling, and in situ characterization to establish predictive processing–structure–property relationships and accelerate materials discovery. Together, these advances demonstrate how emerging polymer processing technologies are transforming fabrication from a geometry-driven process into a science of programmable material assembly, opening new opportunities for designing multifunctional polymer systems for manufacturing, sustainability, energy, and healthcare."
1514,KES3-1382,,"Recently, the fabrication of 3D circuits has attracted significant attention in the context of the realization of a new-generation of printed electronics. It is demonstrated that highly conductive 3D features can be created simply by successive 3D printing and laser writing processes, facilitating a user-friendly design of low-cost, high performance, form-factor free electrical circuits. Miniaturized electrochemical energy storage units also have gained tremendous attention in the fields of microelectronic electronics systems, with the advent of the era of “internet of things”. Shape configurable energy storage devices can be implemented on arbitrarily designable electronics system through 3D printing on the designated surfaces of device systems. In this talk, I introduce a methodology of fabricating an all-3D-printed solid-state energy storage. The stretchable electronics is a critical prerequisite to achieve form-factor free applications. The liquid metal particles have been considered as a viable candidate filler that can meet the necessary properties. However, a mechanical activation process is needed to generate interconnected liquid channels inside elastomeric polymers. I suggest a chemical strategy of synthesizing liquid metal composites to eliminate the necessity of additional mechanical activation processes."
78,ORS3-0024,,"The main processes of engineering nanostructures are the top-down method, which is a direct engineering method for Si-type materials using photolithography or e-beam lithography. However, this direct engineering method of nano-structuring is very dependent on sensitive equipment, and have a high process cost. These are also relatively inefficient methods in terms of processing time and energy. Therefore, some researchers have studied the replication of nano-scale patterns via the soft lithographic concept, which is more efficient and requires a lower processing cost. In this study, accurate nanostructures with various aspect ratios are created on several types of materials. A silicon (Si) nano-mold is preserved using the method described, and target nanostructures are replicated reversibly and unlimitedly to or from various hard and soft materials. The optimum method of transferring nanostructures on polymeric materials to metallic materials using electroplating technology was also described. Optimal replication and demolding processes for nanostructures with high aspect ratios, which proved the most difficult, were suggested by controlling the surface energy between the functional materials. Relevant numerical studies and analyses were also performed. Our results showed that it was possible to realize accurate nanostructures with high depth aspect ratios of up to 1:20 on lines with widths down to 50 nm. In addition, we were able to expand the applicability of the nano-structured mold by adopting various backing materials, including a rounded substrate. The application scope was extended further by transferring the nanostructures between different types of materials with a reversible way, as well as an identical species of material. In particular, the materials and methodologies which were suggested in this research provide the great possibility of commercially creating nanostructures as combined with an effective and reliable way. Such commercially creatable nanostructures are required for a vast range of optical parts and display devices, photonic components, physical parts and devices, energy devices, vehicles and buildings on/in the land, water or marine, and biomimetic or biosimilar structured parts and devices for antibiosis"
1754,INS3-1587,"Ecklin Crenshaw (Air Force Research Laboratory), Kyungmin Lee (Air Force Research Laboratory), Steven Wolf (Air Force Research Laboratory), Michael McConney (Air Force Research Laboratory), Tod Grusenmeyer (Air Force Research Laboratory)","Traditional laboratory workflows limit the speed of exploration due to the manual, labor-intensive, and inherently slow throughput.  This talk will discuss efforts to design an autonomous platform engineered to compound, fabricate, and systematically test the properties  of unique polymer samples with minimal human intervention.The modular hardware architecture integrates precision dispensing of powders and viscous solutions, automated mixing/compounding, and prepping samples in relevant form factors. Samples are subsequently characterized via high-throughput methodologies tailored to the specific application. The goal is producing large datasets to train artificial intelligence to dynamically analyze material properties and select optimal formulation candidates for subsequent experimental cycles. By seamlessly coupling advanced physical automation with machine learning, this platform aims to transform slow, iterative, manual trial-and-error development into a highly accelerated, continuous, and deterministic materials discovery pipeline."
1543,INS3-1407,,"While fiber-shaped supercapacitors hold immense promise for next-generation electronics, transitioning from short laboratory samples to continuous, highly functional form factors has remained a critical bottleneck. Here, we overcome the traditional limits of scalability, flexibility, and protection through a top-down thermal drawing process that transforms a macroscale preform into a fully integrated, mechanically robust fiber supercapacitor. This engineered preform systematically unifies five functional layers—including electrode and gel electrolyte layers, current collectors, and a protective outer cladding—into a single, continuous architecture. By utilizing application-tailored gel electrodes and electrolytes within this versatile platform, we establish energy storage solutions for both smart textiles and implantable systems. For wearable electronics, the continuous fiber exhibits exceptional mechanical durability, withstanding severe bending and repeated washing cycles while maintaining high energy storage performance. For biomedical applications, the fiber platform is optimized to offer self-healing properties and remarkable biocompatibility under dynamic physiological motions, which is confirmed by long-term in vivo evaluations showing minimal immune response, successful device operation in freely moving subjects, and precise, targeted optogenetic stimulation of both central and peripheral nervous systems. Ultimately, this work proposes the potential for significant advancements in the development of next-generation fiber energy storage devices, promising substantial enhancements in functionality and seamless integration for the future of wearable technologies and implantable bioelectronics."
1479,KES3-1347,,"Compartmentalized Janus photonic droplets were fabricated via phase separation of monodisperse droplets generated from a reactive cholesteric liquid crystal (CLC)/silicone oil (SO) mixture in dichloromethane using microfluidics. Subsequent phase separation followed by UV curing stabilized the CLC/SO Janus morphology, yielding solid-state CLC (CLC solid ) menisci. The inner concave surface of the CLC meniscus displayed multiple photonic reflections, including central retroreflection (CR), diffuse egg-like reflection (ER), and two internal reflections (IR1 and IR2), whereas the outer concave surface generated a geometry-dependent total internal reflection (TIR) at the periphery. ER/CR and IR1/IR2 arose from Bragg reflection at 0° and 45° incidence, respectively, whereas IR1/ER and IR2/CR originated from photonic layers near the inner and outer surfaces, respectively. TIR appeared exclusively in dish-like menisci at low CLC content, where the incident angle exceeded the critical angle at the periphery. UV–vis spectroscopy confirmed mixed right- and left-handed circular polarizations for IR1 and IR2 due to oblique Fresnel reflections, whereas CR remained exclusively right-handed. The orientation of the CLC/SO droplets and CLC solid particles significantly influenced the resulting photonic patterns, which were further differentiated using circular polarizing filters. The coexistence of distinct circular polarizations and orientation-dependent photonic patterns within a single droplet highlights its potential for advanced anticounterfeiting applications ."
1770,KES3-1599,,"The future of polymer processing extends beyond conventional thermoplastic manufacturing toward sustainable fabrication routes that taked advantage of molecular interactions, hierarchical assembly, and renewable feedstocks to generate materials with unprecedented functionality. Nature provides remarkable examples of efficient processing through self-organization across multiple length scales, inspiring new approaches that combine bottom-up assembly with scalable manufacturing. This talk will present recent advances in the processing of renewable polymeric materials, with emphasis on cellulose, lignin, proteins, and other bio-derived building blocks. New fabrication strategies based on colloidal engineering, interfacial phenomena, and controlled solvent environments enable the formation of highly organized architectures ranging from nanofibrillar networks and adaptive hydrogels to porous monoliths, structural films, fibers, foams, and multifunctional composites. Particular attention will be given to processing pathways that minimize energy consumption while maximizing material performance through precise control of interfaces, confinement, supramolecular interactions, and hierarchical organization. Examples will illustrate how these emerging fabrication concepts lead to advanced materials with optical, mechanical, electrical, barrier, and responsive properties suitable for applications in sustainable packaging, soft electronics, energy harvesting, biointerfaces, environmental remediation, and circular manufacturing. Rather than viewing processing as a final manufacturing step, these examples demonstrate how processing itself can be designed as a powerful tool to direct structure formation and ultimately determine function. The talk concludes by discussing future opportunities where polymer processing converges with colloid science, biotechnology, and advanced manufacturing to accelerate the transition from fossil-derived polymers toward circular, high-performance materials engineered from renewable resources."
1356,KES3-1229,,"The exponential growth of artificial intelligence (AI) and high-performance computing has driven an unprecedented demand for High Bandwidth Memory (HBM) architectures. Consequently, resolving the severe thermal dissipation and structural reliability issues associated with dense 3D vertical stacking has become a paramount industry challenge. In this study, we introduce a newly formulated, high-performance Non-Conductive Film (NCF) tailored specifically for advanced 3D HBM thermo-compression bonding processes. To effectively overcome the thermal bottlenecks of vertical integration, we developed and optimized a novel hybrid filler system. By strategically blending spherical micro-particles with high-aspect-ratio fillers, we constructed a highly efficient thermal percolation network, which enabled the composite to achieve a remarkable thermal conductivity. Furthermore, a specialized high-functional epoxy matrix was engineered to exhibit low viscosity for flawless, void-free gap filling, alongside a low coefficient of thermal expansion (CTE) to minimize warpage during compression and bonding. Rigorous evaluations of the resulting NCF composites' rheological properties, thermal stability, and long-term reliability were conducted. The results confirm that the synergistic integration of the advanced hybrid fillers and the tailored epoxy matrix significantly improves heat dissipation while preserving excellent electrical insulation and robust adhesion. Ultimately, these findings highlight the proposed NCF as a highly robust and reliable material solution for addressing the complex thermo-mechanical demands of next-generation semiconductor packaging technologies."
76,ORS3-0022,,"Advanced polymer processing increasingly relies on interfacial engineering to control morphology, encapsulation, and functionality at micro- and mesoscales. Inspired by the amphiphobic cuticle of the lotus leaf, we developed a solvent-free polymer processing platform in which molten polymers are deposited onto superoleophobic/superhydrophobic (amphiphobic) surfaces, inducing spontaneous self-shaping into highly uniform spherical microstructures . In this spherical printing process, polymer melts are jetted onto amphiphobic substrates where wetting is suppressed and surface-tension forces drive controlled solidification into microspheres. Using polycaprolactone (PCL) as a model thermoplastic, we demonstrate high-precision melt-based fabrication of drug-loaded microdepots with >95% encapsulation efficiency, narrow size distributions, and tunable release profiles—without solvents, emulsifiers, or surfactants . Two pharmaceutically relevant systems illustrate the versatility of this processing method. Ibuprofen was used as a small-molecule model to demonstrate processing-induced control of drug crystallization: by tuning droplet cooling rates and polymer–drug ratios, ibuprofen could be trapped in amorphous or co-crystalline states within the polymer matrix, enabling control over stability and release. Full-spectrum cannabis extracts were also incorporated into PCL microdepots by melt printing, yielding uniform solvent-free microspheres that provided sustained multi-component release, improved pharmacokinetics, and significant anticonvulsant effects in rat models . This work establishes an interfacial-driven polymer microfabrication paradigm in which amphiphobic surface engineering replaces emulsification chemistry as the key tool for controlling particle shape, encapsulation, and solid-state organization, offering a scalable route to functional polymer microspheres for pharmaceuticals, nutraceuticals, and advanced materials."
99,INS3-0023,,"Soft untethered motors have attracted intense attention due to its potential applications for mixing, sorting, and transportation. However, it is still challenge to precisely modulate the motion performance as reducing the dimension to microscale level. Here, we explored biomimetic soft micro-motors with programmable motion from responsive polymers and liquid crystal elastomers. First, anisotropic structures were introduced into polymer micro-she e ts, which exhibited stimulus induced reconfiguration 3D morphologies, such as tubes, rolls, even biomimetic orchid.  Then, by taking the switchable 3D structure as a motor, and expelling bubbles as a propulsion force. Dynaminc switchable motion of the soft motor are achieved, including switchable trajectory and velocity enabled by the 3D-to-3D reconfiguration. Moreover, liquid crystal elastomer-based motors with multiple modes of motion, including crawling, jump and swimmer are achieved from anisotropic shape-morphing of LCE sheets via rational design of 2D asymmetric geometries. The soft-motors with the merits of soft and switchable motion could boost the potential applications in miniaturized robotics, biomimetic devices, and transportation/fluids mixture."
1468,KES3-1336,,"Polyamide is semi-crystalline, and its crystallization ability comes from the linear molecular structure and strong hydrogen bonding interactions between the amide groups. A variety stacking forms of molecular chains and hydrogen-bonded sheets make polyamides exhibits polymorphism propert y, such as PA 66, PA 1012 and so on . This report presents the complex changes of crystallization and their impacts on subsequent applications. PA 6 and PA 66 is a common polyamide, but PA1012 is a kind of l ong-chain polyamide is a special type of polyamide engineering plastic. Compared with the common PA 6 and PA 66, it has the characteristics of lower melting point, wider processing window, lower moisture absorption rate, good chemical resistance, good dimensional stability, and excellent comprehensive mechanical properties. It is widely used in automotive water and oil pipes and backsheet membrane for solar cells, and so on. Since the domestic industrialization of long-chain polyamide was achieved in China several years ago, significant progress has been made in the structural and performance evolution during processing, crystal form transformation and regulation, and the development of downstream application performance of this material. This paper will focus on the study of the relationship between the structure and properties of long-chain polyamides, as well as their applications in fields such as fibers, films, and pipes, and will also discuss their future development directions. KEYWORDS H ydrogen bonding interaction ; C rystallization ; Polyamide; Long chain polyamides (LCPAs)"
1246,KES3-1135,Min Chan Kim (Pusan National University),"Polymer blending is an effective approach to overcome the inherent limitations of individual polymers and to tailor their properties for specific processing applications. However, most previous studies have focused on improving the compatibility and mechanical performance of polymer blends, while the foaming behavior of immiscible systems and correlation with rheological and morphological properties remain poorly understood. To address this issue, a biodegradable polymer blend system composed of polylactic acid (PLA) and low-density polyethylene (LDPE) was developed to clarify these relationships. LDPE, which possesses a long-chain branched structure, exhibits strain-hardening behavior that significantly affects melt processability. Moreover, fillers with different shapes and surface hydrophobicities were incorporated to control interfacial tension and improve blend compatibility. The effects of filler-induced interfacial modifications on viscoelastic properties related to foaming were evaluated using small-amplitude oscillatory shear (SAOS) and uniaxial extensional viscosity measurements. The blend morphology and phase structures were observed using scanning electron microscopy (SEM) and transmission electron microscopy (TEM). Furthermore, correlations among rheological behavior, morphological characteristics, and foaming performance were analyzed to assess foam density, expansion ratio, cell morphology, and foam stability. Overall, this study demonstrates that interfacial morphology plays a critical role in determining the rheological behavior and foam processing characteristics of PLA/LDPE blends, providing a fundamental understanding for the design of biodegradable polymer systems with enhanced foaming performance."
174,INS3-0093,,"Cholesteric liquid crystals (CLCs) have emerged as promising candidates for a wide range of optical applications, owing to their unique self-assembling photonic properties. It has been demonstrated that introducing a polymer stabilization network into CLCs enables diverse dynamic responses, thereby allowing for the realization of a wide range of functionalities. In this work, we present a comprehensive investigation of the role of polymer networks in governing the dynamic behavior of various CLC and liquid crystal (LC) systems. Our group has previously demonstrated that polymer-stabilized CLCs (PSCLCs) with negative dielectric anisotropy exhibit remarkable dynamic responses, including bandwidth broadening, red/blue spectral tuning, and switching. Building upon these findings, we extend our study to several advanced systems: (i) polymer-stabilized uniform lying helix CLCs (PSULH CLCs) and fingerprint texture CLCs (FP-PSCLCs), where the polymer network effectively freezes switched textures to enable reversible dynamic switching; (ii) holographically patterned polymer-stabilized LCs (H-PSLCs), exhibiting AC field-induced switching and DC field-induced red tuning; and (iii) polymer-stabilized blue phase LCs (PSBPLCs), demonstrating AC field-induced switching between reflective and transparent states via the Kerr effect (E < Ec), and DC field-induced red tuning through electrostriction-driven lattice distortion (E > Ec) in BP-I. Collectively, these results highlight the critical role of polymer networks in enabling and tailoring dynamic optical across diverse CLC and LC platforms."
1580,KES3-1444,,"Polyimide (PI)-based carbon fiber reinforced plastic (CFRP) are attractive for ultra-high-temperature aerospace applications, but their fabrication is difficult because PI resins typically exhibit high viscosity and require high processing temperatures for impregnation, imidization, and consolidation. These limitations hinder resin infiltration into dense carbon fiber preforms, promote void formation, and increase manufacturing complexity. To address these challenges, two processing strategies are presented. The first strategy integrates carbon nanotube films (CNTF) into PI-based CFRP laminates via Joule-heated infusion, where CNTF layers serve as electrothermal heaters during processing and remain as multifunctional surface layers. This localized and uniform heating improves impregnation and consolidation, reduces voids and defects, and provides enhanced mechanical, thermal, de-icing, hydrophobic, and electromagnetic shielding performance. The second strategy employs vacuum-assisted nano-network co-infiltration (VANCI), in which CNTs and PI powders are co-infiltrated into carbon fiber fabrics to form continuous CNT nano-networks within the laminate. The resulting nanoconfined PI structure improves thermal resistance, conductivity, and wear performance. These two strategies offer distinct routes for overcoming the processing limitations of PI-based CFRPs and developing multifunctional composites for extreme aerospace environments."
1687,INS3-1550,,"Digital inkjet printing is a digital, maskless, and non-contact fabrication method that enables precise deposition of functional polymers in 3D. This talk first discusses inkjet process fundamentals, focusing on rheology of weakly elastic inks and vacuum evaporation. These process insights are extended to the additive fabrication of vertically integrated 3D organic thin-film transistors and sensors, demonstrating how layer-by-layer manufacturing can overcome the geometric limitations of planar electronics. Finally, digital fabrication is applied to healthcare through 3D bioprinting of multilayered lung tissue models on ultrathin, stretchable hydrogel membranes and their integration with organic bioelectronics for non-destructive monitoring of tissue function and dynamic responses."
990,INS3-0892,,"Recent advances in dynamic covalent polymer networks have enabled the development of vitrimer materials that combine processability, recyclability, and multifunctionality. In this presentation, recent efforts toward the fabrication of sustainable vitrimer-based materials for advanced additive manufacturing will be introduced. First, a bio-based vitrimer resin derived from soybean oil will be presented for Digital Light Processing (DLP) 4D printing. Through a dual-curing strategy, the resin exhibits tunable mechanical and thermal properties, shape memory behavior, and closed-loop recyclability, enabling sustainable fabrication of smart structures. Second, a photocurable mechanochromic vitrimer system incorporating dual dynamic covalent bonds will be discussed. The material enables UV-assisted Direct Ink Writing (DIW) 3D printing and coating processes while providing visual damage reporting, repairability, and reprocessability. These studies demonstrate how vitrimer chemistry can provide a versatile platform for next-generation fabrication technologies, enabling sustainable, multifunctional, and reprocessable polymer systems for advanced manufacturing applications."
1840,INS3-1644,,"The precise alignment control of polymer main chains and liquid crystals (LCs) is effective for fabricating high-performance functional coatings. Conventionally, polymer chain alignment is regulated by mechanical stretching or flow fields; however, these approaches are inherently limited to one-dimensional alignment. Our recent discovery demonstrates that spatiotemporal photopolymerization using scanning light generates flow fields, a process termed scanning wave photopolymerization (SWaP). In this study, we explored the potential of SWaP for achieving precise microscale control over polymer main chain alignment. One-dimensional scanning of light induced uniaxial alignment of both polymer main chains and side-chain LC molecules. Thermal analysis of the resulting coating revealed that the high degree of polymer main-chain alignment in the coating recovered its original LC alignment upon cooling after thermal disordering, demonstrating excellent thermal stability. By designing the shape of the light, we successfully achieved two-dimensional alignment of polymer main chains at the microscale. This approach represents a fundamental technology for the development of functional materials through direct molecular alignment control. [1] K. Hisano, A. Shishido, et al., Sci. Adv. 2017, 3, e1701610. [2] M. Ishizu, A. Shishido, et al., ACS Appl. Mater. Interfaces 2022, 14, 48143−48149. [3] S. Hashimoto, A. Shishido, et al., ACS Appl. Mater. Interfaces 2023, 15, 14760−14767. [4] T. Ishiyama, A. Shishido, et al., Macromolecules 2024, 57, 7430−7438. [5] H. Nakamura, A. Shishido, et al., Langmuir 2025, 41, 10552–10561. [6] T. Ishiyama, A. Shishido, et al., Liq. Cryst. Rev. 2026, 14, 25–42."
292,INS3-0209,,"Multiscale composites containing fillers from nano- to macro-scales offer unique opportunities to achieve multifunctional properties. However, optimizing these systems remains challenging because composite performance is strongly influenced by filler interactions, processing behavior, and reaction-induced network formation. In this presentation, we introduce a chemorheology-guided strategy for engineering advanced functional multiscale composites. By combining rheological analysis with chemical reaction monitoring, chemorheology provides a practical framework for understanding filler dispersion, interfacial interactions, and structural evolution during fabrication. Using this approach, we developed a variety of functional composites, including thermally conductive adhesives, sound-absorbing polymer foams, smart shape-memory composites, and reconfigurable molecular sensing platforms. Despite their different applications, these materials share a common design principle: the integration of multiscale fillers with optimized reaction and flow behavior to generate hierarchical structures and enhanced functionality. The results demonstrate that chemorheology can serve as a powerful design tool beyond conventional characterization, enabling rational control of processing–structure–property relationships. This framework offers a scalable route for developing next-generation multifunctional composites for thermal management, acoustic control, sensing, and smart material systems."
1528,INS3-1392,"Bernard Jomari Razote (Seoul National University), Kyung Hyun Ahn (Seoul National University)","To develop an effective and sustainable plastic upcycling process, each process component—namely alcohol, co-solvent, Lewis acid, and reaction conditions—of an alcohol-based reaction converting waste polyethylene terephthalate (PET) into terephthalic acid (TPA) and its precursors was comprehensively evaluated from a thermodynamic perspective. First, through an analysis based on Florey-Huggins interaction parameter ( χ 1,2 ), we demonstrated the effect of co-solvents on the depolymerization process due to reduction of thermodynamic potential, and confirmed that the solubility of the Lewis acid source is important for efficient PET deconstruction. The thermodynamic reaction design enabled sustainable reaction optimization. In addition, further validation experiments determine methanol as the most effective option in tandem alcoholysis given its reduced steric hindrance and relatively higher nucleophilicity, whereas process optimization tests suggest the existence of an optimum methanol molar ratio (X MetOH ) of 0.16 and operation at 50 ºC to realize TPA yields that exceed 90 % within 15 min across various pure and mixed PET feedstocks. The implementation of thermodynamic considerations and understanding of roles played by each component is found to boost the overall depolymerization process , and provide s a unified avenue for optimiz ing and develop ing sustainable recycling processes for post - consumer plastic waste."
1114,ORS3-1016,,"The development of advanced thermoplastic formulations is often hindered by costly trial-and-error experimentation and the complex interplay between composition, processing conditions, and resulting performance. While robotics and artificial intelligence are increasingly being adopted in materials development, efficient approaches for screening and optimizing formulations across multiple manufacturing processes remain limited. In this work, we present a closed-loop Materials Acceleration Platform that integrates automated compounding, processing, characterization, computer vision, and machine learning to accelerate thermoplastic formulation development. Formulations are produced using a robot-assisted twin-screw extrusion workflow and subsequently evaluated through multiple downstream manufacturing routes, including injection molding and pellet-based extrusion additive manufacturing. Experimental data are combined with rheological and thermal characterization results to train machine learning models capable of predicting processability and product quality, enabling the early identification of unsuitable formulations and reducing costly experimental failures. The platform further incorporates computer-vision-based quality assessment and active learning strategies to guide material selection and experimental planning. By continuously learning from experimental outcomes and focusing resources on the most promising candidates, the approach improves workflow efficiency and accelerates the exploration of composition–processing–performance relationships. The presented methodology demonstrates how the integration of AI, automation, and advanced characterization can support the rapid development of next-generation thermoplastic materials across diverse manufacturing technologies."
1669,INS3-1532,,"Light-based additive manufacturing, particularly stereolithography and digital light processing, has revolutionized the rapid fabrication of complex three-dimensional architectures with unprecedented spatial resolution. However, a persistent challenge in the field remains the seamless integration of multiple materials with distinct chemical and mechanical properties within a single, continuous printing cycle. In this presentation, we introduce our recent breakthroughs in multimaterial 3D printing strategies that overcome these limitations through spectrally controlled photopolymerization. At the core of this methodology is the design of advanced hybrid resin formulations capable of undergoing orthogonal reaction pathways, specifically radical and cationic polymerizations. By utilizing photoinitiating systems sensitive to distinct spectral windows, we demonstrate that the curing kinetics and pathways of these individual components can be selectively and independently triggered using different wavelengths of light. This wavelength-selective control allows for the on-demand spatial modulation of the polymer network during the printing process. Consequently, this approach enables the direct fabrication of heterogeneous material domains that exhibit highly contrasting mechanical stiffness, swelling behavior, and surface chemistry, all fully integrated into a single, monolithic structure without weak interfaces. We will discuss the fundamental photopolymerization kinetics, formulation strategies, and the resulting physical properties of the printed structures. Ultimately, this spatial dose-field and spectral modulation platform offers a versatile and robust pathway for engineering bioinspired architectures, soft robotics, and advanced functional devices with highly localized, tunable functionalities."
1483,INS3-1351,,"Direct ink writing of functional materials requires colloidal suspensions that can flow smoothly through a nozzle while rapidly solidifying after deposition to retain the printed geometry. In this study, we present a general strategy for designing particle-based inks by jointly controlling their rheological behavior and post-extrusion solidification. The particle volume fraction was systematically adjusted to regulate interparticle interactions, viscosity, yield stress, and shear-thinning behavior. In parallel, the particle surface chemistry was engineered to control colloidal stability, particle-to-particle linking reaction, and the formation of a mechanically robust network after printing. These approaches enabled the preparation of functional-material suspensions that exhibited efficient extrusion under shear and rapid structural recovery or solidification following deposition. By balancing ink flowability, filament stability, and interlayer adhesion, three-dimensional architectures with controlled geometries were fabricated through direct ink writing. Further optimization of particle interactions and solidification kinetics enabled fine-feature printing and microscale patterning. This work demonstrates that solidification design, combined with conventional rheological engineering, provides a versatile framework for the additive manufacturing of diverse particle-based functional materials across multiple length scales."
1640,INS3-1503,,"Segregated polymer composites achieve high electrical and thermal conductivity by confining fillers at interparticle interfaces, but their performance is limited by micro-voids and by models that neglect their three-dimensional structure. This presentation integrates two studies establishing a structure-aware design and modeling framework for segregated composites. First, polypropylene composites containing graphene nanoplatelets or hexagonal boron nitride were engineered using a low-melting terpolymer to fill interfacial micro-voids while preserving excluded-volume-driven networks. Micro-computed tomography and finite element analysis were incorporated into new electrical and thermal percolation models, directly linking excluded volume, micro-void fraction, and network connectivity to transport properties. The optimized GNP and hBN composites increased maximum filler loading by 113.3% and 130.9%, respectively, while improving thermal conductivity by 68.1% and 53.5% without sacrificing mechanical integrity. Building on this concept, amine-functionalized hBN was produced by sequential Ar/NH3 plasma treatment and incorporated into epoxy-based segregated thermal interface materials. Covalent bonding at the hBN–epoxy interface improved filler localization, suppressed micro-voids, reduced thermal resistance, and formed continuous heat-transfer pathways. The optimized composite reached 6.5 W m−1 K−1 at 30 vol% hBN and showed lower thermal resistance than a commercial TIM in GPU and CPU demonstrations. An excluded-volume-informed Foygel model coupled with FEM simulations accurately described the thermal percolation behavior. Together, these studies show that simultaneous control of excluded volume, micro-voids, and interfacial bonding provides a general strategy for high-performance multifunctional polymer composites for electronic thermal management."
1291,INS3-1178,,"Photocuring, the light-driven conversion of liquid resins into solid materials, is a core process in 3D printing and has long been dominated by UV irradiation because of its rapid curing kinetics and high printing fidelity. Nevertheless, the use of high-energy UV light can limit material compatibility through degradation, strong optical attenuation, and relatively energy-demanding operating conditions, thereby motivating increasing interest in visible-light-based photocuring systems. Visible light provides advantages in penetration depth, functional-group tolerance, and operational safety, but its broader implementation is hindered by intrinsically slower polymerization kinetics. A central challenge arises from the fact that visible-light curing typically relies on multicomponent photoredox systems rather than direct photolysis. As a result, radical generation depends on low-energy excited states and intermolecular collision-driven electron-transfer events, which make initiation slower and more vulnerable to oxygen inhibition than conventional UV systems. In this talk, I will present a Brønsted–Lowry-acid-assisted approach that addresses these bottlenecks by modulating the photoredox cycle and promoting efficient curing under ambient conditions. This strategy enables fast and oxygen-tolerant visible-light polymerization and supports high-resolution DLP printing even at low catalyst loadings."
1149,KES4-1050,"Sangchul Roh (Chonnam National University), Youlim Ha (Cornell University)","AC electric fields can induce instabilities that deform, undulate, and elongate liquid-liquid interfaces via dielectric stresses. This presentation will describe how these AC electric field effects and others can provide the basis of fresh approaches to on-demand formation, ordering and erasure of emulsions. First, I will describe how AC electric fields can, via dielectric and capillary instabilities, emulsify immiscible oils to produce arrays of droplets with well-defined number densities and narrow size distributions. The emulsions form through a pathway that involves capillary bridges that result from a dielectric instability; the capillary bridges break up into droplets via a Plateau-Rayleigh instability.  Significantly, we find that the droplets formed via this process exhibit a size distribution that is narrower (and more asymmetric) than the capillary bridge diameters. To provide insight into this finding, we quantified the effects of AC field strength and electrode geometry on the capillary instability and discovered a non-monotonic relationship between capillary bridge diameter and droplet size, contrasting to the monotonic scaling typically found to describe the capillary break-up of an infinite liquid jet.  The origin of the non-monotonic relationship was determined to reflect a competition between draining and instability of the confined capillary bridge. I will also describe how electrode surfaces micropatterned with topography can template the emulsification pathway at defined locations.  Finally, when one of the oils is a nematic liquid crystal, I will discuss how the emulsification pathway produces droplets with uniformly oriented topological defects that lead to ordered emulsions. Second, I will describe our discovery of a new droplet coalescence pathway that arises when isotropic liquids are dispersed as droplets within a continuous liquid crystalline phase.  We found that relatively weak AC electric fields can generate spatially-localized regions of strain (called solitons) that are templated by topological defects accompanying droplets dispersed in a liquid crystal. The solitons can “lasso” multiple microdroplets to drive a rapid coalescence process. In contrast to dipolar forces that act primarily along field lines (causing chaining), the soliton-mediated coalescence pathway is “three dimensional” and thus highly efficient at driving coalescence of emulsions. Overall, the results to be discussed in this presentation provide approaches that permit rapid formation of emulsions, manipulation of their organization, and subsequent erasure."
567,INS4-0483,,"Selective delivery of bioactive agents to specific cell populations within the skin remains a central challenge in dermal care research. This talk describes our ongoing efforts to address this challenge through the rational engineering of vesicle-based carriers, with a focus on surface functionalization strategies that confer cell-type selectivity. By conjugating receptor-binding peptides onto vesicular membranes, we have developed delivery platforms capable of distinguishing target cells from surrounding populations based on differential receptor expression. A recurring theme across our work is the ability to exploit biologically meaningful surface cues, including stress-induced receptor upregulation, as targeting signals, rather than relying solely on passive accumulation. The vesicle scaffolds explored span synthetic lipid assemblies to biogenic membrane-derived systems, broadening the compositional diversity available for formulation design. Collectively, our findings suggest that coupling molecular recognition with appropriate vesicle architecture offers a rational and adaptable framework for improving delivery selectivity in skin-relevant biological contexts."
139,KES4-0058,,"Liquid crystal elastomers (LCEs) are a unique class of adaptive materials whose actuation arises from the coupling between mesogenic order and polymer elasticity. By engineering molecular alignment in films, filaments, particles, ribbons, and knots, LCEs can undergo diverse shape transformations through anisotropic contraction along the director and expansion perpendicular to it upon heating across the nematic–isotropic transition. However, actuation in conventional nematic LCEs is spontaneous and fully reversible, limiting their ability to retain programmed shapes without continuous external stimuli. In this talk, I will demonstrate how molecular assembly and chain-length heterogeneity, often regarded as a defect, in liquid crystal oligomers (LCOs) can be leveraged to create responsive soft materials with unprecedented shape and phase behaviors. First, I will present examples of dramatic and reversible transformations from spherical LCO droplets to a rich spectrum of non-spherical morphologies upon cooling from the isotropic to the nematic phase. Remarkably, molecular heterogeneity drives and stabilizes these transitions while generating unique internal textures and topological structures. I will then show how we exploit a molecular design strategy by leveraging chain‑length polydispersity and a smectic solvent to stabilize the formation of layered smectic stacks during extrusion. The resulting LCEs exhibit programmable contraction or expansion within a single material system and possess robust, reprogrammable shape-memory behavior, enabling both preprogrammed and reprogrammable shape morphing beyond the capabilities of conventional nematic LCEs. Together, these examples highlight how molecular assembly, phase behavior, and heterogeneity in chain length can be harnessed to create adaptive soft matter with programmable shape, memory, and reconfigurable function across multiple length scales ."
730,INS4-0644,,"The phase or state of matter dictates its properties. Hence, the ability to selectively and dynamically alter these phases provides a high degree of control over material functionalities. Unlike conventional methods that rely on direct physical contact with an external heat source, remote control using light allows phase changes to be triggered precisely and on-demand, opening up untapped potential. This talk introduces our recent progress in photoliquefiable polymers. We briefly elucidate the design principles for polymer systems capable of rapid solid-liquid transitions at room temperature. We also showcase how this remote phase control can be applied to develop new functionalities for various applications, such as soft robotics and energy-related devices."
495,KES4-0411,,"We will discuss emerging technologies for synthesizing complex colloidal particles with advanced structure-building capabilities that can be applied across a wide range of modern technologies. The process of antisolvent precipitation under shear, developed by our group, enables the formation of 12 classes of (bio)polymer structures, including nanoparticles, rods, nanofibers, nanoribbons, sheets, and hierarchical nanomaterials. Many of these complex particles possess unique adhesive, networking, and structure-building capabilities. We will focus on the functionalities enabled by soft dendritic colloids (SDCs) with hierarchical morphology. SDCs exhibit a high excluded volume and strong van der Waals interactions, allowing them to readily form percolated 3D networks. Furthermore, fractal branching and contact splitting phenomena grant SDCs highly unusual properties, such as strong adhesion to surfaces and to each other, gelation at very low volume fractions, and which can be used to form novel adhesives, specialized coatings, and nonwoven sheets. They constitute the basis of homocomposite 3D printing pastes made of biopolymer gels with double networks—specifically, combining molecular and colloidal SDC networks. One emerging application of SDCs with high societal impact is their use as cleaners that capture microplastics for water remediation. SDCs can be integrated into hierarchical biomimetic mesh cleaners inspired by natural seaweed systems. Their architecture enables the adsorption of nano- and micro-scale particles via van der Waals and electrostatic interactions while physically trapping millimeter-scale particles within the mesh openings. Other innovative applications of the highly networked particles include separators and interlayers in Li-S batteries, aerogels with ultralow densities, and reinforced biocomposites."
866,KES4-0777,,"Water freezing is a commonly observed natural phenomenon; however, ice growth and recrystallization can critically damage living organisms. Nature has evolved to produce antifreeze proteins to survive this freezing threat. Their specific amino acid sequences have been widely accepted to play a critical role in binding to ice, which can result in antifreeze activity at the ice-water interface. We have elaborated to develop active assemblies mimicking the distinct design concept of natural ice-binding proteins. In this presentation, we will address our continuing efforts for creating enthalpic assemblies that play uniquely at the ice-water interfaces and their dynamics, in comparison to traditional colligative agents. Our findings can be extended to resolve subzero industrial issues and bioproducts preservation."
1768,KES4-1597,,"Our mission is to engineer nanocarriers that dynamically interact with biological systems adapting in real time to improve targeting, control release, and optimize therapeutic performance. Our research integrates principles of chemistry, biology, and materials science to create adaptive nanocarriers capable of context-specific functionality. These systems respond to physiological changes such as enzymatic activity, pH value, and protein binding to fine-tune their biological identity and therapeutic actions. Key innovations include cleavable linkers , stimuli-responsive shells , and surface functionalization strategies that guide protein corona formation and immune interactions. We focus on adaptivity at the molecular and system levels: nanocarriers that switch between stealth and recognition states, release drugs in controlled cascades, and adjust surface interactions based on their microenvironment. Three core subtopics define our approach: Nanocarriers for Adaptive Nanomedicine : We have developed robust, multifunctional nanocapsules with controlled release mechanisms. Protein-based systems (e.g., albumin and immune-responsive capsules) enable intracellular delivery and improved immunogenicity. Hybrid nanogels and polymer–inorganic composites further broaden our material platform. Dynamic Biointerfaces : Through precise surface engineering and proteomics-guided analytics, we modulate interfacial phenomena such as corona formation and immune recognition. By treating the protein corona as a design feature rather than a limitation, we unlock new levels of biological specificity and stealth behavior. Sensing and Signal Responsiveness : Our stimuli-responsive carriers react to UV, NIR, or enzymatic triggers, enabling spatially and temporally controlled drug release. DNA-programmable nano-organelles and liposomal nanoreactors exemplify how nanosystems can act as adaptive immune modulators . Recent work includes nanobody-targeted delivery systems for in vivo robustness, co-delivery strategies for cancer immunotherapy, and programmable nanoreactors for controlled immune activation. Our tools, ranging from cryo-TEM to time-resolved single-particle analytics, offer unprecedented insights into the molecular events governing adaptive performance. By engineering nanocarriers that evolve with their environment, we lay the groundwork for precision medicine that is not only targeted but self-regulating and context-aware . Our long-term vision is to establish the design rules by which molecules give rise to life-inspired, adaptive systems, ultimately bridging the gap from synthetic nanocarriers to artificial cells with emergent functionality. These efforts redefine what nanomedicine can achieve: dynamic, intelligent, and tailored to real-world biological complexity."
202,INS4-0121,,"“Liquid marbles (LMs)” are liquid droplets coated with solid particles adsorbed at the liquid-gas interface and behave as non-wetting soft, elastic objects. LMs can be prepared using solid particles with various chemical compositions including organic, inorganic and composite particles. Most of the literature is concerned with (near) spherical particles and their flocs. However, there are no/few studies on LMs stabilized with well-defined non-spherical particles or stabilizers. Thus, it is crucial to reveal and understand the relationship between solid particle shape and LM structure formation to utilize the LMs. In this presentation, a new type of armored droplets, so-called polyhedral LMs, are introduced. These LMs consist of liquid droplets stabilized by hydrophobic plates made of poly(ethylene terephthalate), which adsorb to the liquid-air interface. Depending on the specific combination of plate size and droplet diameter, the plates self-assemble into highly ordered domains. Even tetrahedral-, pentahedral-, and cube-shaped LMs composed of only 4 to 6 plates are demonstrated. In line with this, highly asymmetric and super-long polyhedral LMs and letters are obtained due to the strong interfacial jamming exerted by the rigid polymer plates. This is particularly pronounced for larger plate sizes leading to LMs with unusually sharp edges. Furthermore, it is demonstrated that the introduction of surface roughness improves the hydrophobicity of the polymer plates and the rough polymer plates could stabilize LMs using liquids with a wider surface tension range (72.8-22.9 mN/m). Electron microscopy studies and numerical analyses confirmed that the LMs could be formed, when the Cassie-Baxter wetting state and the metastable Cassie-Baxter wetting state are realized. Finally, the polymer particles with desired forms ( e.g. , Platonic and rectangular solids) are successively synthesized via free-radical polymerizations by irradiation of the LMs containing vinyl monomers with ultraviolet light in a solvent-free manner. The polyhedral LMs introduced in this study are fascinating from the perspectives of fundamental research and potential industrial applications."
208,INS4-0127,,"Structural colors generated by microdroplets provide a promising route for dynamic optical displays, sensing, and information encoding. Here, we present a condensation-programmed structural coloration platform based on wettability-patterned surfaces containing periodic arrays of hydrophilic domains. Under a constant vapor supply, water selectively condenses on the patterned hydrophilic domains and forms microdroplets that act as optical microresonators, producing vivid structural colors. By independently controlling the diameter and spacing of the domains, the optical response can be spatially and temporally programmed. Domain diameter primarily determines the color state through droplet geometry, whereas domain spacing governs the rate of color evolution by controlling the distribution of condensed water among individual droplets. As a result, identical color trajectories can be executed at different speeds without altering environmental conditions. Using density-modulated patterns, we demonstrate the generation of multicolor images, time-dependent optical transitions, and rewritable graphics based solely on condensation and evaporation. This geometry-guided strategy establishes a simple and scalable approach for programming dynamic structural colors, offering new opportunities for adaptive photonic surfaces and information encryption."
1432,INS4-1300,,"Morphogenesis in nature arises from the amplification of local transport and reaction processes into complex structures spanning multiple length scales. Here, we present diffusion-mediated morphogenesis as a general strategy for generating functional architectures in soft matter. First, we introduce diffusion-gelation morphogenesis for the fabrication of three-dimensional silicone tubular architectures. Asymmetric molecular diffusion coupled with spatially evolving gelation fronts spontaneously generates hollow tubular structures with tunable geometries. The resulting architectures can be functionally reprogrammed after fabrication by incorporating different materials into their internal channels. Second, we couple fiber gelation with interface-localized mineralization to direct the formation of metal-organic precursor structures along the fiber surface. The spatial confinement of transport and coordination suppresses undesired precipitation in the surrounding solution and enables controlled mineral deposition on the soft template. Subsequent solvent-mediated lattice reconstruction converts the precursor structures into porous MOF architectures while preserving the macroscopic fiber geometry. Together, diffusion-mediated morphogenesis therefore provides a versatile framework for the design and fabrication of adaptive, reconfigurable, and hierarchically structured materials."
1769,KES4-1598,,"In the last years it has been established that, like in triboelectricity, moving water drops can separate electric charges. This phenomenon is called slide or contact electrification . For hydrophobic polymer films drops spontaneously acquire a positive charge while they deposit negative charges on the polymer. The electric potentials can easily reach 1 kV and for polymer films on metals the electric field strength can exceed dieletric breakdown. In the presentation the current state of knowledge about slide electrification and its consequences for drop motion, deposition of solutes and corrosion will be described."
245,INS4-0163,,"High-throughput sorting of soft and polymeric micro-objects, including hydrogel beads, emulsion droplets, microcapsules, and cell-laden compartments, is increasingly important in biotechnology, biomaterials research, and high-throughput screening. In this presentation, I will introduce our recent development of pneumatic microvalve-based microfluidic sorting platforms that use mechanical flow switching rather than material-property-dependent actuation. The first platform is a high-performance binary sorter based on a pneumatic bilayer valve, where valve geometry optimization and flow alignment improve sorting accuracy, efficiency, and stability. The second platform extends this concept to multiplexed five-way sorting, enabling multiple sample populations to be separated in a single device according to fluorescence signals. These systems were validated with cell suspensions, hydrogel particles, and emulsion droplets, demonstrating their potential as versatile tools for integrated biomaterials screening, synthetic biology, and droplet-based biotechnology."
135,INS4-0054,,"Controlling liquid hydrodynamics at the solid-liquid interface is crucial for diverse industrial and environmental applications. This talk highlights our recent advances in understanding and harnessing physicochemical interactions on specialized interfacial composites. We discovered that contact-separation at the solid-liquid interface induces significant surface charge enrichment. This generates localized electric fields that exert long-range dielectrophoretic forces on polar liquids, dictating contact line slip behaviors. Leveraging this interfacial charge effect, we developed a novel approach where built-in micro-electric fields dramatically enhance reactive oxygen species (ROS) production for water disinfection. This method achieves highly efficient, broad-spectrum sterilization while allowing spontaneous nanoparticle recovery, thereby preventing secondary pollution. Our findings offer deep mechanistic insights into interfacial charge dynamics and present a sustainable, portable paradigm for next-generation green water purification technologies."
1319,INS4-1206,,"The integration of synthetic polymers with plant systems requires overcoming interfacial challenges across diverse topologies and scales to create functional bio-hybrids. We present advanced interfacing strategies for creating responsive Engineered Living Materials (ELMs) by bridging functional hydrogels with decellularized plant scaffolds and living plants. To seamlessly interface synthetic materials with living plants, we developed a strong, reversible, and conformal adhesive gel composite. Consisting of a biopolymer capable of dynamic covalent bonding and an adaptable hydrogel network, this adhesive exhibits exceptional conformability and an order-of-magnitude higher adhesion strength on both hairy and non-hairy plant surfaces compared to conventional noninvasive alternatives. This transparent and biocompatible platform enables localized, sustained cargo delivery into plant tissues for precision treatment and facilitates stable electrical coupling for remote plant actuation and human–plant interactions."
233,INS4-0151,,"Responsive polymer materials provide a powerful platform for optical encryption by converting chemical, environmental, and photonic inputs into visually recognizable information. In this talk, we introduce programmable photopatternable polymer matrices that enable multidimensional optical encryption through integrated control over polymer chemistry, pattern geometry, optical response, and temporal evolution. Photoreactive hydrogel matrices are developed by grafting azido groups onto carboxymethyl cellulose backbones, allowing UV-mediated immobilization of hydrogel structures with programmed thickness, swelling behavior, and spatial patterns. When incorporated into disordered plasmonic cavities, these hydrogel matrices generate humidity-dependent structural colors, enabling transformational displays that reveal different optical images under varying humidity conditions. In parallel, photochromic polymer matrices are prepared by incorporating spiropyran, spirooxazine, and naphthopyran derivatives into photocurable polymer networks. The resulting matrices permanently encode spatial patterns while producing reversible dye-specific color responses and programmable fading kinetics. By combining multicolor photopatterning, time-dependent decoding, photoluminescent optical keys, and transparent interfacial protection, the platform enables deceptive-to-target information conversion and robust QR-code authentication even under water-droplet exposure. These studies demonstrate a versatile materials strategy for high-density, reliable, and multidimensional optical encryption and anti-counterfeiting applications."
759,INS4-0671,,"Semiconductor nanoplatelets (NPLs) are two-dimensional colloidal nanocrystals with atomically precise thickness and highly anisotropic geometry. Their unique optical properties make them attractive building blocks for functional soft materials and photonic composites. However, their large, flat surfaces promote strong interparticle interactions, often resulting in aggregation and poor colloidal stability in complex media. Here, I will present our recent efforts to understand and control colloidal interactions of NPLs through interface engineering. We investigate depletion interactions in NPL dispersions and show that depletion attraction is strongly influenced by particle geometry, thickness, and ligand-shell structure. Unlike conventional hard-particle systems, the soft organic ligand shell surrounding NPLs plays a critical role in determining excluded-volume interactions. By tuning ligand-shell compactness, we demonstrate that nanoscale interfacial structures can effectively regulate depletion attraction and significantly improve colloidal stability. Building on this understanding, we develop multi-component ligand architectures that introduce controlled free volume and heterogeneous interfacial environments around NPLs. These engineered ligand shells suppress depletion-induced aggregation and enhance compatibility with surrounding molecular media, enabling stable dispersions in liquid-crystalline and polymeric systems. Finally, I will discuss how controlling colloidal interactions enables the fabrication of uniform NPL-based soft composites with improved structural homogeneity and optical functionality. These studies establish a general framework for engineering colloidal interactions in anisotropic nanocrystals and highlight the importance of interface design for the development of next-generation functional soft materials."
150,INS4-0069,,"Deterministic homochirality is generally considered inaccessible from fully achiral matter because, in the absence of pre-existing stereochemical information or external chiral influence, symmetry breaking is expected to remain stochastic. Although nonlinear processes such as autocatalysis, crystallization, and self-assembly can amplify microscopic asymmetries, previously reported deterministic outcomes ultimately rely on structurally encoded or externally imposed chiral information. Against this expectation, we demonstrate that fully achiral molecules can reproducibly converge to a single handedness de novo, without hidden stereochemical bias, external chiral influence, or thermodynamic preference. These findings establish that deterministic chirality selection can emerge directly from fully achiral matter without any pre-existing chiral information. We further show that this deterministic behavior originates from intrinsic electronic asymmetry that biases the accessibility of competing, energetically degenerate nucleation pathways. Across independent preparations and multiple structurally distinct derivatives, deterministic homochirality remains robust under diverse assembly conditions. Collectively, these results establish accessibility-biased nucleation as a distinct mechanism for deterministic symmetry breaking from achiral matter. Reference; Blackmond, D. G. The origin of biological homochirality. Philos. Trans. R. Soc. Lond. B Biol. Sci. 366, 2878-2884 (2011)."
1125,INS4-1026,,"Polymer-based solid electrolytes offer a promising route to safe, flexible energy-storage devices, but their performance is often limited by sluggish ion transport and unstable electrode interfaces. The polymer-in-salt (PiS) regime, in which the salt content exceeds that of the host polymer, provides a route to enhanced ionic conduction, yet the relationship between salt-rich domain organization and transport behavior is still not fully understood. Here we investigate a polymer-in-salt electrolyte in which excess salt phase-separates into a continuous, ion-rich network within a fluoropolymer host. Spectroscopic and molecular-dynamics analyses reveal how the self-assembled salt-rich domains govern ion coordination and transport, and how electrostatic interactions shape the organization of these domains. We further examine how this microstructure influences the electrode–electrolyte interface during operation. The resulting electrolyte exhibits favorable ion transport and stable interfacial behavior in condensed-phase electrodes over prolonged cycling. This work highlights self-assembled salt-rich domains in polymer-in-salt matrices as a versatile platform for designing multifunctional soft materials with tunable interfacial and transport properties."
263,INS4-0181,Hyeonjin Kim (AIST),"In this talk, we highlight recent advances in gel-based biomimetic coatings that exhibit exceptional dynamic surface functionalities. As a first example, we present organogel-based transparent coatings, termed Self-Lubricating Gels (SLUG), inspired by the remarkable anti-adhesive and antifouling properties of slug integuments¹⁻⁴. SLUG are typically fabricated via platinum-catalyzed crosslinking of PDMS precursors in the presence of an organic guest liquid, such as silicone oil. When the affinity between the guest liquid and the PDMS network falls below a critical threshold, the liquid gradually migrates toward the PDMS surface. By exploiting this syneresis-driven liquid secretion phenomenon, we have succeeded in achieving various new surface functionalities, such as self-healing superhydrophobicity and highly effective anti-icing/-snow properties. As a second example, we introduce hydrogel-based transparent coatings that derive multiple functionalities from their inherent superhydrophilicity. These coatings can be readily prepared from nanoscale clay particles, polyvinylpyrrolidone, and aqueous amino-silane precursors⁵⁻⁷. Upon exposure to high humid conditions, surface scratches with widths of up to 30 μm are completely repaired within one hour. Furthermore, the coatings exhibit a broad spectrum of advanced functionalities, including long-lasting antifogging performance, underwater superoleophobicity, and antimicrobial activity. Our gel-based coatings represent a promising platform for the development of next-generation biomimetic coatings. Acknowledgement : This study was partially supported by “Carbon Neutral Technology Research and Development Program” (Ministry of the Environment, Japan). References : 1) J. Mater. Chem. A , 3, 12626 (2015), 2) Langmuir , 33, 9972 (2017), 3) Adv. Mater. Interfaces , 6, 1801358 (2019), 4) Langmuir , 38, 11362 (2022), 5) ACS Appl. Mater. Interfaces , 8, 4318 (2016) , 6) Langmuir , 36, 7439 (2020), 7) Langmuir , 38, 9874 (2022)."
1454,INS4-1322,,"Microcapsules are widely used for encapsulating and delivering active materials, and imparting stimuli-responsiveness makes them especially effective for targeted delivery. Mechanically Activated Microcapsules (MAMCs) can release cargo under dynamic uniaxial loading; however, these are liquid-filled, which renders them largely insensitive to non-deviatoric stress. To overcome this limitation, we develop Gas-bubble Encapsulating Microcapsules (GEMs), a class of polymeric carriers that incorporate internal gas bubbles to introduce compressibility and enable pressure-triggered release. We precisely control the key structural features of GEMs using double emulsions generated via glass capillary microfluidics, followed by osmotic pressure–induced cavitation. By systematically subjecting GEMs to a range of hydrostatic pressures, we establish mechanistic relationships between capsule structure, rupture behavior, and cargo release kinetics. These results define fundamental design principles for engineering GEMs with programmable pressure-release thresholds. This platform is particularly suited for biomedical applications in which pressure-driven stimuli underlie pathology, such as traumatic brain injury, and more broadly demonstrates how structural design can translate stimuli-responsive polymer mechanics into functional delivery technologies."
483,INS4-0399,,"Aqueous two-phase systems (ATPSs) provide a unique platform for constructing structured fully aqueous systems owing to their biocompatibility and compositional versatility. However, the poor stability of water–water interfaces has limited the development of structured all-aqueous materials. Here, we establish a framework in which control of particle behavior at water–water interfaces enables the fabrication of functional all-aqueous gels with controlled architectures. We identify depletion-induced aggregation of colloidal particles at water–water interfaces as the primary origin of interfacial instability in conventional water-in-water (W/W) emulsions. By suppressing this aggregation, stable particle adsorption is achieved, enabling the formation of stable W/W emulsions and water-in-water high internal phase emulsions (W/W HIPEs) with highly connected aqueous domains. These stabilized structures serve as versatile templates for all-aqueous gel fabrication. Structured W/W emulsions can be converted into all-aqueous gels through photopolymerization while preserving the emulsion-derived architecture. The resulting gels exhibit tunable connectivity, transport pathways, and mechanical properties through control of interfacial interactions, phase morphology, and polymerization strategy."
1104,INS4-1006,,"Processing hard ceramic materials into complex three-dimensional architectures generally requires high-temperature sintering, prolonged shaping, or low-throughput additive manufacturing. Here, we present a soft-processing strategy based on highly viscoelastic hexagonal boron nitride (h-BN) doughs that enables rapid, scalable fabrication of complex functional ceramic modules under ambient conditions. The doughs are formulated by combining h-BN platelets, bimodally sized Al2O3 particles, a small amount of polymeric binder, and a percolated p-aramid fiber network. Bimodal particle packing increases the maximum ceramic loading, while the physically interlocked fiber network markedly enhances viscoelasticity, structural recovery, and shape retention with minimal binder content. As a result, the doughs exhibit pronounced deformability under applied stress and solid-like stability after relaxation, allowing precise cold stamping of complex three-dimensional geometries within seconds. The resulting structures show improved dimensional accuracy, mechanical durability, fatigue resistance, and thermal stability over a wide temperature range. They also exhibit high thermal conductivity in both in-plane and through-plane directions and can function as conformal heat-dissipating blocks or predesigned thermally conductive frameworks embedded in polymer matrices. This work demonstrates how colloidal packing and fiber-network assembly can transform hard ceramic particles into processable soft matter, providing a versatile route to large-area, structurally complex, and thermally functional ceramic modules."
809,INS4-0720,,"The assembly of nanoscale building blocks into complex nanostructures with controlled structural anisotropy offers intriguing opportunities for active materials. Here, we present strategies to create such nanostructures capable of dynamic structural and functional transformations. First, we developed magnetically controllable plasmonic nanoparticles composed of anisotropic gold cores encapsulated within superparamagnetic iron oxide shells, enabling rapid and reversible particle alignment under external magnetic fields. Linearly aligned assemblies exhibit strong plasmon-mediated birefringence with polarization-dependent transmission colors, while helical magnetic fields induce chiral superstructures that display pronounced circular dichroism, demonstrating real-time magnetic modulation of light–matter interactions. Second, we combine bottom-up DNA-directed self-assembly with top-down photothermal patterning to fabricate free-standing nanoparticle films with both vertical and lateral heterogeneity. The resulting DNA-linked, photopatterned films exhibit complex morphing behaviors governed by both the spatial patterns inscribed in the film and the molecular information encoded in DNA. Furthermore, incorporating superparamagnetic nanoparticles enables remote magnetic control over motion, underscoring the versatility of this approach for dynamic, active materials."
1692,INS4-1553,,"Additives such as metal films or absorbing dyes are added to many plastic packaging materials to block short-wavelength light, which is damaging to certain foods and pharmaceuticals. Although effective at blocking light, these additives make recycling difficult and contaminate polymer waste streams. We have developed a different approach to making light-blocking polymer films that relies on scattering light instead of absorbing it. We make these materials by incorporating a colloidal template into a polymer film, then selectively removing the template. By controlling the size and structure of the colloidal template, we can make polymer films that selectively scatter short-wavlength light while remaining transparent at longer wavelenghts. Because the colloidal template is completely removed, these light-blocking films contain only polymer and are therefore recyclable. I will discuss the physical principles underlying the fabrication and properties of these materials."
395,INS4-0311,,"Nanoparticles of conjugated polymers dispersed in aqueous solution play a significant role as photothermal, photodynamic materials in cancer treatment, photocatalytic materials for carbon dioxide conversion and hydrogen production in renewable energy generation, and materials for waste decomposition and air purification through reactive oxygen species in environmental remediation. The efficiency in each application area is determined by the ability of conductive polymers to effectively transfer charge to the exterior of the particles after absorbing light through the charge transfer pathway. This transfer efficiency is directly influenced by the assembly structure of the conjugated polymers within the particles. We present research findings on how the aggregation state of two types of conjugated polymer materials, characterized as electron donors and electron acceptors, assembled within a single nanoparticle influence on their ability to transfer charge externally after light absorption. Specifically, it demonstrates that when the donor-type conjugated polymer and the acceptor-type conjugated polymer are intersected in a diamond shape, the charge transfer efficiency to the outside significantly increases compared to when they are stacked in parallel."
1110,INS4-1012,,"Long-acting local delivery of small-molecule drugs faces a trade-off: reducing hydrogel mesh size to restrict rapid diffusion drastically increases viscosity and injection force. To overcome this, we introduce INJECT, a platform based on the hierarchical jamming of dense PEG nanogels. This system decouples molecular confinement within individual nanogels from macroscopic flow. At high packing densities, nanogel deformation eliminates interstitial voids that would otherwise allow rapid drug diffusion. To preserve injectability, a minority of ultrasoft nanogels is integrated to act as defects, promoting localized yielding and drastically reducing injection force under shear. This strategy enables injectable hydrogels with molecular-scale confinement for sustained small-molecule retention."
1082,INS4-0984,,"The 3D assembly of polymer-grafted nanoparticles (PGNPs) offers a versatile platform for constructing ordered suprastructures whose symmetry and morphology are governed by polymer corona interactions and emulsion confinement. In this study, we investigate two complementary strategies to control the assembly behavior of polystyrene-grafted Au nanoparticles (Au@PS NPs). First, Au NPs bearing hybrid PS/P4VP polymer ligands are examined to understand how chemical heterogeneity within the grafted corona influences interparticle interactions, surfactant-mediated interfacial behavior, and crystallization pathways under emulsion confinement. By tuning the PS/P4VP composition, the balance between corona miscibility, particle packing, and confinement-driven ordering can be modulated, leading to changes in supraparticle morphology and internal structure. Second, PS homopolymer is blended with Au@PS NPs as a physical additive to alter the local polymer environment surrounding the grafted NPs. The added homopolymer can modify effective corona softness, brush overlap, and interparticle spacing, thereby providing a simple route to regulate supracrystal formation without changing the covalently grafted ligand structure. Together, these studies demonstrate that both hybrid polymer ligands and free polymer additives serve as effective molecular handles for programming the emulsion assembly of PGNPs into tunable 3D suprastructures."
792,INS4-0704,,"The rational synthesis of one-dimensional (1D) lead-free perovskite nanostructures remains challenging due to complex precursor chemistry that defies classical crystal growth models. Here, we establish and experimentally validate a Complexation-Mediated Diffusion-Limited Growth (CMDLG) framework that integrates coordination chemistry with mass transport kinetics to direct the growth of Cs3Cu2I5 nanowires (NWs). This framework transforms precursor complexation from a synthetic hurdle into a powerful tool for directing anisotropic growth. By engineering the solvent environment to stabilize bulky iodocuprate complexes, we restrict mass transport and introduce a kinetic barrier, complex dissociation, at the growth front, driving the system into a diffusion-limited regime. This enables tunable synthesis of faceted microwires in polar solvents and ultralong, uniform NWs (aspect ratio >10 3 ) in low-polarity 2-pentanone. In situ optical microscopy captures complex-rich zones along NW sidewalls and depletion zones at growing tips, providing direct evidence for CMDLG. The resulting single-crystalline Cs 3 Cu 2 I 5 NWs exhibit excellent structural and optical quality, forming lyotropic liquid crystals after surface passivation and self-assembly. Shear-aligned, photopolymerized NW-polymer composite films show strong perpendicular polarized emission (P = 0.31) and enhanced chemical stability. The CMDLG framework provides a unified paradigm for understanding and predicting anisotropic growth in complex perovskite and related inorganic systems."
1148,KES4-1049,,"Human-interactive technologies play a crucial role in intelligent IoT, bioelectronics, and emerging physical AI regimes. Sensory neuromorphic displays (SNDs) integrate sensory processing, computation, memory, and visualization into a unified system, addressing the key limitations of traditional displays such as limited adaptability, high power consumption, and lack of contextual awareness. By leveraging neuromorphic computing principles and advanced device architectures, these displays enable real-time, adaptive responses to environmental stimuli, enhancing energy efficiency and interactivity. The development of innovative one-integrated platforms with optimized architectures where all the functional components are converged is essential to achieve highly efficient and fast information management. The presentation introduces a light-emitting tactile sensory neuromorphic display for real-time monitoring of finger rehabilitation movements. The core structure is based on a polymer electrochemical transistor (OECT) with an elastomeric tactile receptor and a molecularly engineered electrochemiluminescent ion gel as the light-emitting layer. The approach presents a highly interactive, low-power solution for personalized rehabilitation monitoring. The SND platform also detects, memorizes, and visualizes magnetic field with an elastomeric gate modified with ferromagnetic fillers, demonstrating its feasibility and versatility for compact, energy-efficient wearable and physical AI robotic applications."
1447,INS4-1315,,"Emulsions, in which one liquid is dispersed within another immiscible liquid, are fundamental to a wide range of natural phenomena and technological applications. Because their physical properties critically depend on droplet size, generating droplets with predictable and precisely controlled dimensions has long been a central objective in soft matter science. Classical theory, however, dictates that submicron emulsions are intrinsically metastable, thereby precluding thermodynamic control over their formation. Here, we demonstrate that bottlebrush block copolymer (BBCP) surfactants enable the spontaneous formation of stable, monodisperse water-in-oil emulsions with programmable diameters in the submicron range. We find that the rigid BBCP surfactants can generate substantial solvation energy upon interfacial self-assembly, exceeding the increase of interfacial energy. Accordingly, we propose a revised thermodynamic model by including a surfactant-associated free-energy term. Based on the model, a new theory of spontaneous emulsification is proposed to clearly explain the phenomenon. Moreover, the rigid conformation of the bottlebrush macromolecules balances interfacial tension with intermolecular repulsion, forming an equilibrium interfacial curvature. Consequently, droplet diameter can be quantitatively programmed simply by varying the polymer architecture. This finding establishes emulsions as a previously unrecognized class of equilibrium soft-matter systems, which are highly desirable in multidisciplinary applications."
1336,INS4-1223,,"Recent advances in artificial intelligence have significantly improved the ability to analyze and replicate physical security tags, creating an urgent need for security platforms that remain robust against data-driven attacks. Here, we present a magnetoplasmonic platform that combines deterministic plasmonic encoding with fundamentally non-invertible decoding. Magnetically responsive plasmonic nanoparticles are aligned by programmed three-dimensional magnetic fields and permanently fixed through photopolymerization, converting magnetic-field information into polarization-dependent plasmonic color patterns with high reproducibility. The information capacity is further expanded by spatially multiplexing multiple magnetic-field configurations within a single pixelated plasmonic tag. This magnetoplasmonic keychain integrates magnetic configurations with indexed spatial assignments, generating a physical key space exceeding O(44) while preserving straightforward optical readout when the complete key is available. Unlike conventional optical security tags, the proposed platform is intentionally designed so that the inverse mapping from optical patterns to magnetic configurations becomes ill-posed once the spatial key is removed. Under these conditions, different magnetic configurations produce indistinguishable optical observations, preventing unique reconstruction of the encoded information. Consequently, supervised deep-learning models fail to decode the security tags beyond random guessing, whereas accurate reconstruction is immediately achieved when the correct keychain is provided. This work introduces a physically enforced security framework in which information protection originates from the non-invertibility of the underlying physical process rather than computational complexity. The proposed strategy establishes a scalable route toward AI-resistant physical cryptography for next-generation authentication, anti-counterfeiting, and secure information storage."
1184,INS4-1073,,"Circularly polarized luminescence (CPL) materials have attracted significant attention for next-generation photonic technologies, including three-dimensional displays, optical communication, information encryption, and anti-counterfeiting. However, simultaneously achieving efficient, stable, and full-color CPL emission, particularly in the red spectral region, remains a longstanding challenge due to weak chiral transfer, structural instability, and fluorescence quenching. Here, we report a star block copolymer-enabled chiral supramolecular co-assembly strategy that enables highly efficient and stable full-color CPL across the entire visible spectrum. The star-shaped block copolymer serves as a robust supramolecular scaffold that promotes cooperative molecular assembly while effectively transferring and amplifying chirality to achiral luminophores. Through precise control of the co-assembly process, blue, green, and red emitters are incorporated into well-defined chiral nanostructures exhibiting strong CPL activity with excellent optical performance. Notably, the assembled structures maintain their morphology, chirality, and emission properties for more than 100 days under ambient conditions, demonstrating exceptional long-term stability compared with conventional supramolecular systems. The platform also provides broad compositional versatility, allowing diverse luminophores to be integrated without compromising chiroptical properties. This universal supramolecular design overcomes key limitations of existing CPL materials by simultaneously achieving efficient chiral induction, full-color emission, and outstanding structural robustness. Our strategy establishes a general framework for constructing durable chiroptical materials and opens new opportunities for advanced photonic devices, secure information technologies, and next-generation optoelectronic applications."
140,INS4-0059,,"Azopolymers provide a versatile platform for converting light inputs into programmable changes in molecular alignment, mesoscale structure, and macroscopic function. In this talk, I will present two complementary azopolymer systems developed in our group for optical information engineering and dynamic material reconfiguration. In the first system, linearly polarized light is used to induce spatially defined molecular alignment in azopolymer films, generating anisotropic birefringent domains that can encode hidden patterns and polarization-dependent optical responses. This strategy enables dual-encrypted anti-counterfeiting and Moiré animation-based decryption, while also allowing direction-encoded vectorial logic through the coupling of photoalignment and mechanical deformation. In the second system, we exploit photo-fluidization and photo-induced solid-to-liquid transitions in azopolymer-based materials to realize reconfigurable nano/microstructures, erasable and rewritable nanoarrays, and photo-healable fibrous materials, including stretchable fibers prepared from upcycled TPEE/azopolymer blends. Together, these studies show how azopolymer chemistry can bridge molecular motion, structural anisotropy, and functional output across multiple length scales. This integrated framework not only expands the fundamental design principles of light-responsive polymer systems, but also opens opportunities for advanced anti-counterfeiting, optical information processing, healable materials, and sustainable smart polymer applications."
731,INS4-1249,,"Polymer nanocomposites exhibit complex behaviors arising from filler–polymer interactions, nanoparticle dispersion, and interfacial dynamics across multiple length and time scales. In particular, interfacial adsorption, particle-network formation, and processing-induced nonequilibrium states play critical roles in determining the rheological, mechanical, and transport properties of these materials. However, establishing quantitative relationships among interfacial structure, dynamics, and macroscopic properties remains a significant challenge. Our research aims to uncover the fundamental principles that connect filler–polymer interactions, nanoparticle organization, and material dynamics in polymer nanocomposites. By combining advanced scattering techniques, dielectric spectroscopy, and rheological measurements, we investigate equilibrium and nonequilibrium structures, relaxation dynamics, and dynamic heterogeneity from the molecular scale to mesoscale particle networks. Through these studies, we seek to establish a unified framework linking interfacial interactions, nonequilibrium dynamics, and macroscopic properties, enabling the rational design of next-generation polymer nanocomposites."
1523,INS4-1388,,"Phase transitions dictate how materials acquire structure and function, yet the microscopic origins of amorphous stability remain challenging to resolve in atomic systems. In this talk, I present colloidal systems as particle-resolved experimental platforms that enable direct real-space imaging of phase transitions together with quantitative extraction of structural, dynamic, and mechanical descriptors. Using binary colloidal alloys inspired by Cu-Zr metallic glasses, we investigate how local geometric frustration governs amorphous formation and mechanical stability. Voronoi-based topological analysis and motif regularity mapping reveal that glass-forming compositions preserve local ordering motifs while suppressing the propagation of long-range order. We further show that engineered particle non-uniformity alone stabilizes amorphous structures under near-equilibrium assembly conditions by generating persistent topological defects that arrest crystallization. These findings establish particle-resolved colloidal systems as powerful model platforms for uncovering the structural determinants of amorphous stability. By converting complex materials formation into physically interpretable datasets, this approach provides a foundation for physics- informed AI and the reverse engineering of complex materials."
1700,INS4-1561,,"Autonomous droplet oscillations are intriguing and provide a strong inspiration for the development of active soft matter. However, they are often limited by their reliance on external gradients and slow transport. Here, we demonstrate a propulsion mechanism driven by confined interfacial reactions: the hydrogen microbubble elevator. We show that hydrogen evolution within a liquid organic hydrogen carrier (LOHC) droplet and the resulting bubble pinch off modulate the droplet’s effective density, inducing periodic rising and sinking cycles in a stratified fluid. These droplets reach peak velocities of up to 25 mm/s over 2.5 cm trajectories - three orders of magnitude faster than typical Marangoni-driven bouncing - and sustain robust oscillatory motion for up to 25 minutes. The oscillation period and amplitude are programmable through the reaction kinetics, with motion persisting until the bubble-to-droplet size ratio exceeds a critical threshold. With a force balance model, we can quantitatively explain the experimental results and the interplay between gas evolution rates and hydrodynamic forces."
1698,KES5-1559,,"The complex charge transport physics of conjugated polymers has been studied intensively since the Nobel Prize winning discovery of the electrical conduction in doped polyacetylene by Heeger, MacDiarmid and Shirakawa in 1977. At low charge densities < 10 18 -10 19 cm -3 , that are relevant for light-emitting diodes, solar cells or field-effect transistors, the charge transport physics of conjugated polymers is governed by static energetic disorder caused by structural heterogeneity and dynamic disorder due to molecular vibrations. However, organic electrochemical transistors (OECTs) and thermoelectric converters are examples of organic devices that operate at much higher charge carrier concentrations on the order of 10 20 -10 21 cm 3 approaching the density of molecular units. Understanding the charge transport in this regime, where the repulsive Coulombic electron-electron interactions and the attractive interactions between the mobile charge carriers and the charge-balancing counterions need to be considered, poses new challenges. In this presentation we will provide an overview over the current understanding of the key factors that govern charge transport in this ultrahigh carrier density regime and give examples of how better fundamental understanding of the relevant transport physics can lead to significant enhancements in the charge transport and thermoelectric properties of these materials."
448,INS5-0364,,"Processing multimodal stimuli through centralized computation causes severe bottlenecks in robotics. To overcome this, we propose materials-encoded somatosensation, in which the material itself acts as a processor. By engineering magnetic field-programmed physical anisotropy in multiscale polymer composites, we embed artificial peripheral nerves directly into the material and achieve highly selective sensing and deterministic motor control without extensive computational overhead. First, we demonstrate printable proximity sensors based on a magnetic microflake-polymer composite paste, in which the engineered magnetic anisotropy of the microflakes induces magnetoresistance that transduces fields into selective electrical signals. This non-contact proximity sensing penetrates physical obstacles and supports robust on-skin gesture recognition and touchless human-machine interfaces. Next, we build a closed-loop system that integrates magnetic origami actuators with compliant magnetic sensors, where real-time feedback guides shape-morphing actuation and translates stimuli into autonomous, reconfigurable motion at the hardware level. Finally, we realize materials-encoded somatosensation in a monolithic magneto-piezoelectric polymer composite, whose field-programmed spatial anisotropy of piezoelectric nanofillers autonomously decouples vector-resolved force modalities. Ultimately, programmed physical anisotropy enables these polymer composites to process multimodal stimuli and direct motion. This approach establishes a transformative materials platform for next-generation neuromorphic embedded systems."
1232,KES5-1121,,"There is increasing interest in harnessing sunlight to drive the synthesis of molecular fuels and chemicals, including in particular water photolysis to yield molecular oxygen and hydrogen. Whilst most research to date has focused on inorganic photoelectrodes and photocatalysts, there is now increasing interest in the use of organic semiconductors for sunlight to fuel applications. There has been substantial progress in recent years in the development of both photoelectrodes and photocatalysts based on organic semiconductors, motivated in particular by the energetic, spectral and morphological tunability of these materials. I will start my talk by introducing some of the recent progress in the use of organic semiconductors for solar to fuel applications. I will discuss the charge carrier lifetime challenge for solar to fuel applications, highlighting how this has parallels, but also differences, with organic solar cells and inorganic photocatalysts.   I will then go on to discuss some of our recent studies employing transient optical spectroscopies measuring charge carrier dynamics in organic photocatalysts and how these impact upon the efficiency of solar driven fuel synthesis, covering a range of organic polymer and small molecule materials for both water and carbon dioxide reduction."
977,KES5-0879,,"Photovoltaic technology utilizing organic or perovskite materials has demonstrated immense potential. In particular, the versatility of molecular design and bandgap tunability has driven tremendous advances in organic solar cells (OSCs). Given that organic and perovskite materials share compatible processing technologies and device architectures, they serve as attractive partners for multijunction configurations. Recently, significant research has focused on boosting the efficiency of OSCs by synergistically integrating organic and perovskite materials with complementary bandgaps into a tandem structure. However, a critical bottleneck in this field remains the scalability of high-performance, small-area devices into large-area modules. Herein, we report the development of large-area organic PV modules fabricated via a printing technique, alongside further performance enhancements achieved by pairing them with a wide-bandgap perovskite in a tandem architecture. The large-area organic PV module exhibits an efficiency close to 17%; remarkably, the corresponding tandem module achieves an efficiency approaching 20% over a 16 cm² active area. Finally, we elucidate the pivotal role of organic materials in realizing high-performance organic and perovskite-organic tandem solar cells and demonstrate their viability in large-area module applications."
1372,KES5-1244,,"The precise control of photon spin states, known as circular polarization (CP), is emerging as a cornerstone for the next generation optoelectronics. Chiral organic materials and chiral perovskites have garnered significant attention due to their unique ability to directly emit or detect circularly polarized light (CPL) without the need for bulky external filters. I will present synthesis of chiral organic semiconductors, fabrication of supramolecular semiconducting materials, structure-property relationships, and their applications in advanced optoelectronic sensors and CPL emitters. In addition, a simple yet powerful method to fabricate chiroptical flexible layers via supramolecular helical ordering of conjugated polymer chains will be introduced. These findings provide guidelines for enhancing chiroptical properties using multiscale chirality and rational molecular design of organic semiconductors toward high-performance chiral optoelectronics. In addition, methodologies for boosting chiroptical activities of chiral perovskites will also be presented. These results demonstrate an effective strategy to realize on-chip detection of the spin degree of freedom of photons necessary for encoded quantum information processing and high-resolution polarization imaging, in addition to high-efficiency 3D displays."
718,INS5-0632,,"Organic semiconductor photocatalysts have attracted increasing attention for solar hydrogen production because their optoelectronic properties can be readily tuned through molecular design. Despite substantial progress in material development, the factors that determine photocatalytic activity are often difficult to identify because light absorption, exciton dissociation, charge transport, and catalytic reactions are closely interconnected. In this presentation, I will discuss how molecular structure and nanoscale morphology influence charge-carrier generation and survival in organic photocatalysts. Through a series of studies involving molecular design, crystallinity control, donor–acceptor engineering, and nanoparticle morphology optimization, we examined the relationship between material structure, excited-state dynamics, and photocatalytic hydrogen evolution. Time-resolved spectroscopic analyses reveal that modifications that appear structurally distinct often affect a common parameter: the lifetime of photogenerated charge carriers. The results suggest that the ability to generate and preserve long-lived charge carriers is a key factor governing photocatalytic performance. These findings provide practical guidelines for the design of organic photocatalysts and offer a broader perspective on how energy and charge flow can be controlled to improve solar-to-hydrogen conversion."
1476,KES5-1344,,"Light-emitting diodes (LED) with different emission spectra are widely used in our daily life for a variety of applications. However, due to fundamental restrictions of light-emitting materials, the development of near-infrared LEDs (NIR-LEDs) is still modest. Recently, solution-processed tin-halide perovskites (THPs) have emerged as one of the most promising light-emitting materials for NIR-LED applications. Here, first, how the defects chemistry of THPs affects the light emission efficiency of the semiconductor will be presented. Then, efforts in materials engineering to design and master the electronic properties of THP films will be discussed. In particular, a facile yet highly effective strategy will be presented to master the defects activity in THPs by developing self-encapsulated tin-halide perovskite films. The resulting film exhibits a significantly reduced trap density and mitigated p-doping density such that it is exploited to boost radiative charge recombination to reach a photoluminescence quantum yield approaching 50%. Leveraging these advancements, NIR-LEDs demonstrate a peak external quantum efficiency > 16%, accompanied by a substantial improvement in operational lifetime."
1142,INS5-1043,,"Ionic liquids are widely used in soft electronics because of their high ionic conductivity, negligible volatility, thermal stability, and broad electrochemical windows. However, beyond serving as passive charge carriers, ionic liquids can function as molecular design elements that regulate polymer-ion interactions, mechanical dissipation, self-healing, interfacial charge transport, and electrochemical reactivity. In this talk, I will discuss how the rational selection of ionic liquids provides a versatile strategy for designing high-performance ionogels, soft electronic materials, and light-emitting devices. I will highlight three recent studies from our group that illustrate this concept across materials, sensing, and optoelectronic systems. First, we developed self-healing and hyperelastic magneto-iono-elastomers, in which magnetic ionic liquids act simultaneously as conductive media, magnetic functional components, and dynamic dissipative phases within an elastomeric network. This study shows that ionic liquids can introduce multifunctionality into soft materials beyond ionic conduction alone. Second, we demonstrated a self-healing magnetoelectric sensory system for underwater soft electronics, where a healable ionic matrix enables self-powered tactile sensing, proximity detection, damage sensing, and autonomous functional recovery in wet environments. This work highlights the importance of ionic-liquid-containing soft matrices for robust device operation under mechanically and environmentally demanding conditions. Third, we investigated ionic-liquid-regulated electrochemiluminescent devices, showing that ion identity can control interfacial charge-transfer dynamics, electrochemical stability, and light-emission efficiency. By coupling an optimized ionic liquid with an asymmetric device architecture, ultrabright electrochemiluminescence can be achieved at low voltage, enabling flexible multicolor devices, dynamic visual sensing, digital displays, and underwater solid-state light-emitting systems. In general, this ionic liquids as design tools approach provides a general framework for soft sensors, robotic skins, underwater electronics, self-healing systems, ionotronic devices, and light-emitting platforms."
1682,KES5-1545,,"Organic small molecules and polymers are essential functional materials in perovskite solar cells (PSCs), serving as hole transport materials (HTMs), additives, surface passivator, and interfacial modifiers. Representative HTMs include Spiro-OMeTAD, PTAA, P3HT, and self-assembled monolayer (SAM) molecules. In addition, Lewis base molecules and salt-type molecules have been widely employed as additives and surface passivators to regulate the crystallization process and suppress defect formation in perovskite films, thereby improving the optoelectronic properties of PSCs. Among them, alkyl or aromatic ammonium salt-based molecules have attracted considerable attention as effective interfacial modifiers because they induce the formation of 2D/3D heterostructures at the perovskite surface, leading to reduced interfacial defects, enhanced charge transport, and improved device stability. In this talk, recent advances in hole transport materials and dopant-additive systems for achieving efficient and stable perovskite solar cells will be discussed. Furthermore, interfacial engineering strategies for controlling the surface properties of perovskite films at the HTL/perovskite interface will be introduced. Particular emphasis will be placed on the formation and modulation of 2D/3D heterostructures using Ruddlesden–Popper (RP)-type and Dion–Jacobson (DJ)-type spacer molecules with diverse molecular architectures, and their effects on interfacial properties, charge transport, and overall photovoltaic performance."
1096,INS5-0998,,"Metal-halide perovskites exhibit bright and sharp luminescence, with optoelectronic properties that can be tuned over a wide range through solution processing [1,2]. By making perovskite nanocrystals anisotropic, we can achieve both exciton fine structure splitting as well as control over the horizontal transition dipole moment. In this talk, I will discuss our recent works focussed on self assembling these nanoplatelets, and tuning their orientation. Through control over the solvent evaporation rate, we tune the orientation of alpha-phase CsPbI 3 from face-down to edge-up. The former ensures maximum outcoupling in the normal direction, and we achieve pure-red nanoplatelet LEDs with external quantum efficiency reaching up to 13% when incorporating phosphonic acid passivation [3]. On the other hand, by self-assembling the nanoplatelets edge-up, we achieved polarized light emission directly from the LEDs without requiring a photonic grating [4]. The degree of polarisation (DOP) achieved exceeded 70%, which is comparable to the DOP of single particles [4]. Furthermore, we alloy FA into the A-site of these perovskites to improve their stability [5]. Through detailed 1H-NMR measurements and computations, we show that FA incorporation improves stability by binding more strongly to the organic ligands coordinated to the surface through H-bonding [5]. Finally, we extend these findings to CsPbBr3 perovskite nanoplatelets, revealing how improved control over their orientation could be achieved by tuning the length and shape of organic backbone of the ligands used [6]. [1] Ye, …, Hoye,* Chem. Soc. Rev., 53, 9085 (2024) [2] Ye, Mondal, …, Hoye,* Nat. Commun., 15, 8120 (2024) [3] Kim, Jeong, …, Islam,* Lee,* Song,* Hoye,* arXiv: 2511.11107 (2026) [4] Ye, …, Hoye,* Nature Photonics, 18, 586 (2024) [5] Jeong, …, Lee,* Hoye,* Light Sci. Appl., 15, 22 (2026) [6] Lee, Bae, …, Choi,* Song,* Hoye,* Matter, 102760 (2026). DOI: 10.1016/j.matt.2026.102760"
1206,KES5-1095,,"Conformal integration of electronics with soft, irregular organ topologies remains challenging, as tissue-like platforms with bulky dimensions–from a few millimetres to several hundreds of micro metres –often result in incomplete signal acquisition and chronic tissue compression. Although ultrathin nanoscale devices have recently been developed to address these challenges, they involve complex and delicate handling processes that limit their practical use and compromise their intrinsic performance. Here, we introduce a novel material strategy that enables a paradigm shift in soft bioelectronics: the development of a transformable and imperceptible hydrogel–elastomer adhesive bilayer based on ionic–electronic conductive nanomembranes (THIN, total thickness of 350 nm). This approach leverages the amphiphilic properties of the robust combination of a hydrophilic tissue-adhesive hydrogel and a hydrophobic semiconducting elastomer. Dynamic bonding interactions at a heterogeneous interface that are formed through a spin-coating process based on orthogonal solvents, facilitate full compatibility with microfabrication. THIN exhibits instantaneous rigid-to-soft phase transformation (hardness: 1.35 to 0.035 GPa; stiffness: 0.16 to 9.11×10 -5 GPa μm 4 ), enabling two key functionalities: i) facile handling when fully dried, and ii) complete conformal contact with diverse surfaces, even to those with low bending radii, upon hydration, along with rapid spontaneous adhesiveness. To demonstrate the unique electrical and mechanical characteristics of THIN, it was integrated into the active channel of an organic electrochemical transistor (OECT) with a high µC * product of 1034 F cm -1 V -1 s -1 . The resulting THIN-OECT exhibited an exceptional strain-insensitive ion–electron conduction performance, facilitating imperceptible tissue interfacing and precise bio-signal monitoring through transformable phase changes."
1832,KES5-1643,,"Polarons, formed through strong electron-phonon coupling between charge carriers and molecular vibrations, play a central role in determining the performance of organic semiconductors. They govern charge generation, transport, recombination, and ion-electron interactions, yet the molecular mechanisms controlling their formation, transport, and dynamics remain poorly understood. In this talk, I will present our recent studies demonstrating how molecular structure can be used to manipulate polaron formation, transport, and dynamics across a broad range of organic electronic devices. First, I will show how molecular structure including molecular electrostatic interactions controls charge generation, structure relaxation, and photostability in organic photovoltaics and photodetectors [1-4]. I will then demonstrate how subtle variations in side-chain nature and side-chain density regulate polaron formation and transport through electron-phonon coupling during electrochemical doping [5]. Finally, I will present in situ spectroscopic studies of organic electrochemical and synaptic transistors, revealing how molecular structure governs ion-induced polaron formation, transport, and ion retention during device operation [6]. These findings establish molecular design principles for manipulating polarons to control device function, providing new strategies for the development of high-performance organic electronic devices. [1] Fu et al., “Molecular orientation-dependent energetic shifts in solution processed non-fullerene acceptors and their impact on organic solar cell performance”, NATURE COMMUNICATIONS , (2023) 14, 1870, doi: 10.1038/s41467-023-37234-0 [2] Rana et al, “Octupole Moment Driven Free Charge Generation in Partially Chlorinated Subphthalocyanine for Planar Heterojunction Organic Photodetectors”, NATURE COMMUNICATIONS , (2024) 15 (1), 5058. doi: 10.1038/s41467-024-49169-1 [3] Luke et al., “Key molecular perspectives for high stability in organic photovoltaics”, NATURE REVIEWS MATERIALS ( 2003), doi: 10.1038/s41578-023-00606-5 [4] Pagano et al., “Slow vibrational relaxation drives ultrafast formation of photoexcited polaron pair states in glycolated conjugated polymers”. NATURE COMMUNICATIONS, (2024), 15 (1), 6153. doi: 10.1038/s41467-024-50530-7 [5] Stewart, K. et al., “Understanding Effects of Alkyl Side Chain Density on Polaron Formation via Electrochemical Doping in Thiophene Polymers”, Advanced Materials (2024) 36(20). doi:10.1002/adma.202211184 [6] Stewart, K., et al., “Polarons in DPP Polymers - How Glycol Side Chains and Elongated Conjugated Backbone Influence the Formation and Transport.” Advanced Electronic Materials (2026) 12(7). doi:10.1002/aelm.202500731"
741,INS5-0653,,"Naphthalenediimide (NDI)-based conjugated polymers are representative n-type semiconducting polymers in organic electronics, where their low-lying LUMO levels and reversible n-doping/dedoping behavior enable efficient electron transport. Here, we translate this electronic functionality into electrochemical charge storage by developing NDI-based polymers as organic cathodes for lithium-ion batteries. The prototypical polymer P(NDI2OD-T2), known as N2200, provides excellent cycling stability through its conjugated backbone and dissolution-resistant polymer structure, but its practical capacity is limited by electrochemically inactive alkyl side chains and donor units. To overcome this limitation, we molecularly engineered the NDI polymer by shortening the side chains and simplifying the donor linker, yielding P(NDI2BO-V). This design increases the specific capacity from 56.9 to 86.0 mAh/g while preserving stable cycling performance. Mechanistic analyses reveal that linker engineering not only tunes LUMO energy levels and operating voltage but also changes the n-doping pathway from a one-step two-electron process to a stepwise single-electron process. This structural change further creates a trade-off between electronic mobility and Li + diffusivity, emphasizing the importance of molecular packing. Overall, this work highlights NDI polymers as a versatile platform connecting organic electronics, redox-active polymer design, sustainable cathode chemistry, and rechargeable energy-storage materials beyond conventional device applications through rational molecular engineering strategies."
1482,INS5-1350,,"Plastics are generally regarded as electrical insulators because their electrons are localized within molecular orbitals. This view changed with the discovery of conjugated polymers, whose delocalized pi-electrons enable charge transport and semiconducting behavior. Despite decades of research, however, charge transport in conjugated polymers remains poorly understood because flexible, quasi-one-dimensional polymer chains cannot be fully described by conventional band theory. Our research addresses this challenge by developing highly crystalline conjugated polymers with precisely controlled molecular packing. Their ordered structures enable coherent charge transport, while the periodic nanoscale free volume between neighboring chains provides pathways for ions and molecules. These channels allow reversible insertion and extraction of ions, enabling precise electrochemical control of carrier density without disrupting the crystal framework. Combining advanced spectroscopy with low-temperature electrical transport measurements, we have demonstrated wave-like electron transport, exceptionally high carrier mobility, and metallic electronic behavior in polymer crystals. These materials provide a unique platform for investigating quantum transport in soft matter. We describe this strategy as ""molecular and ionic alchemy"". Rather than chemically producing metals, we engineer organic materials that reproduce metallic electronic functions through precise control of molecular arrangement and ionic motion. This approach enables lightweight, flexible polymers to acquire metallic properties while preserving the advantages of solution processability and low-temperature fabrication. By integrating synthetic chemistry, electrochemistry, and condensed matter physics, we aim to establish universal design principles for functional organic materials and create sustainable, printable alternatives to conventional metals for future flexible electronic and energy technologies."
118,INS5-0042,,"Heterojunctions formed between dissimilar semiconducting layers provide an effective strategy for tailoring charge transport and interfacial electronic properties in thin-film electronic devices. In this study, we demonstrate multifunctional thin-film transistors (TFTs) based on a horizontally integrated heterojunction architecture composed of p-type and n-type semiconducting layers. By engineering the interfacial structure and layer thickness, the devices exhibit systematic threshold-voltage modulation and enhanced charge transport characteristics. The heterojunction structure simultaneously functions as a charge transport pathway and carrier blocking interface, enabling controllable carrier injection and accumulation. Through optimization of the deposition sequence and active layer configuration, a wide threshold-voltage shift and stable transistor operation are achieved. Interfacial chemical analysis reveals that defect distribution and carrier transport behavior at the heterointerface play a key role in determining the electrical characteristics. In addition to transistor operation, the proposed device architecture exhibits multifunctional electronic behaviors including ambipolar transport characteristics and negative differential resistance (NDR). These properties enable potential applications in low-power logic and multifunctional electronic systems. The results suggest that heterointerface engineering can provide a versatile platform for next-generation thin-film electronics and integrated functional devices."
1286,KES5-1173,Sienoh Park (Yonsei University),"Electrochromic systems have evolved from simple color-switching materials into multifunctional electrochemical architectures through increasingly precise control of electrochemical states. Because their optical response directly reflects redox-state evolution, electrochromic materials provide a unique platform for investigating coupled electron and ion transport. However, spontaneous charge relaxation, electrochemical imbalance, and inefficient ion–electron coupling continue to limit optical memory, switching efficiency, and multifunctionality. Here, we present an electrochemical state control that has guided the development of advanced electrochromic systems. Suppressing interfacial charge relaxation preserves electrochemically stored states, enabling long-lived optical memory. Capacitive charge balancing stabilizes reversible redox transitions and improves switching efficiency, energy storage, and cycling durability. Extending these concepts through mixed ionic–electronic conductors enables efficient ion/electron transport and redox-state regulation, allowing synchronized electrochromic modulation and electrochemiluminescent emission within a monolithic device under a single DC bias. We further extend these principles to a transistor platform, where spatiotemporal control of electrochemical-state evolution enables direct visualization of redox processes and opens new opportunities for multifunctional electrochemical interfaces."
131,INS5-0050,,"Hydrogen is an abundant and clean energy source that can help decarbonise difficult-to-electrify sectors of our economies. However, its safe deployment relies on the availability of reliable and cost-effective hydrogen detection technologies. Existing hydrogen detectors are expensive, bulky, and power-hungry, limiting their broader use in emerging applications. In this talk, I will discuss the development of a hydrogen sensor based on printable organic semiconductors that can operate across wide temperature and humidity ranges and offer numerous advantages over commercial technologies. I will describe the fundamental sensing mechanism exploited and the prospects for further developments through new materials design and device engineering. Our organic sensors exhibit high responsivity, ultra-low power consumption, and record-short response and recovery times. Compared with commercial technologies, our printed hydrogen sensors demonstrate superior performance in diverse real-world sensing scenarios, making them strong candidates for health and safety applications in the emerging hydrogen industry."
222,KES5-0141,,"Quantum dot light-emitting diodes (QLEDs) have emerged as promising candidates for next-generation display and lighting technologies owing to their outstanding color purity, tunable wavelength, and solution-process compatibility. Despite remarkable advances in quantum dot emitters, the development of efficient and robust hole transport materials (HTMs) remain a critical challenge for achieving high-performance and operationally stable QLEDs. In particular, polymeric hole transport layers (HTLs) rquire a delicate balance of charge transport capability, energy level alignment, morphological stability, and solvent resistance during mulitilayer solution processing. In this presentation, I introduce recent progress in the molcular engineering of polymeric HTMs for next-generation QLEDs. Particular emphasis will be placed on the rational design of conjugated polymer backbones, side-chain engineering, cross-linkable functionalities, and interfacial properties to simultaneously enhance charge injection, transport efficiency, and device stability. These molecular strategies significantly improve the optoelectronic properties and structural robustness of the HTLs, leading to enhanced luminance, current efficiency, external quantum efficiency, and operational lifetime in solution-processed QLEDs. Finally, the presentatin will highlight future perspectives and design principles for polymeric HTMs toward highly efficient, stable, and scalable next-generation QLED technologies."
986,KES5-0888,,"Flexible and stretchable light-emitting devices are emerging as key components of wearable electronics, enabling mechanically compliant platforms that can sense, display, and process information. Here, we present advances in light-emitting devices for wearable systems, focusing on high-efficiency fully stretchable OLEDs and neuromorphic light-emitting transistors that combine low-voltage light emission with signal processing and memory. The efficiency limitations of fully stretchable OLEDs arise from poor charge injection from stretchable electrodes and inefficient exciton utilization in stretchable emitters. Herein, we developed 2D-contact stretchable electrodes, in which graphene or MXene on silver nanowire networks enhances charge spreading and enables work function tuning. In addition, we introduced an exciplex-assisted phosphorescent layer (ExciPh) to overcome suppressed exciton energy transfer in emitters caused by insulating elastomers. ExciPh enables elastomer-tolerant triplet recycling, allowing triplet excitons to be efficiently harvested through Förster resonance energy transfer. Combining ExciPh with 2D-contact stretchable electrodes yielded fully stretchable OLEDs with a record efficiency of 17.0%. We also introduce a single-active-layer electrochemical organic light-emitting transistor as a neuromorphic optoelectronic platform. An ion-transport enhancer in the emissive polymer channel forms a drain-side electric double layer, facilitating charge injection, enabling light emission below 3.5 V, and producing a broad, spatially confined recombination zone. The device exhibits a recombination zone width of 267 μm and a maximum luminance of 826 cd m ⁻ ² at 3.5 V. Flexible, large-area devices powered by two 1.50 V batteries demonstrate their potential for stand-alone wearable systems. Together, these advances suggest a path toward mechanically compliant wearable optoelectronic platforms that can visualize, process, and respond to information."
1168,KES5-1060,,"Considerable attentions on semiconducting organic materials have been attracted for various applications such as optoelectronic devices, multimodal imaging, and biomedical medicine. The semiconducting polymers usually maintain their conjugated structure for high quantum yields, good photostability, and excellent charge transfer property and, thus have opened a new horizon for interesting applications. These versatile applications of semiconducting polymers mainly based on the light-converting ability, enabling light conversion to light , to electron movement, and to heat. The generated light can be applied to solid-state lighting such as OLED; the generated electrons are useful for energy applications such as water-splitting and all-solid-state Li-ion battery; the generated heat is used for cancer therapy and for water evaporation to obtain pure water. W e are going to demonstrate new, versatile semiconducting polymer-based, hybridized materials with effective conversion properties."
1696,INS5-1557,,"Soft electronics have demonstrated great potential in cutting-edge fields such as human-machine interaction, health monitoring, and implantable medical devices, and are poised to shape future human lifestyles profoundly. For soft electronics to be practically applicable, they must operate with the same stability and reliability as conventional electronic devices. Achieving this goal critically depends on developing packaging materials and systems capable of accommodating large deformations. This talk will discuss several of our recent explorations in materials and processes for soft electronic packaging, including: elastomeric seals with viscoplastic surfaces for ultra-barrier performance under large deformation; high-density integration methods for incorporating inorganic functional components into highly deformable packaging substrates; organic fusion techniques for sealessly combining packaging substrates with device modules and animal tissues; and packging demonstrationgs across a variety of devices."
849,KES5-0760,"Chang Eun Song (Korea Research Institute of Chemical Technology (KRICT)), Hang Ken Lee (Korea Research Institute of Chemical Technology (KRICT)), Sang Kyu Lee (Advanced Materials Division, Korea Research Institute of Chemical Technology (KRICT)), Seungjin Lee (Korea Research Institute of Chemical Technology (KRICT))","Organic optoelectronic devices have attracted significant attention due to their potential for flexible, lightweight, and large-area applications. The overall performance and long-term stability of these devices are highly dependent on the synergistic optimization of all constituent material layers. Herein, we present a comprehensive study on the development of novel materials for high-performance optoelectronic devices, encompassing photoactive polymer donors, non-fullerene acceptors (NFAs), interfacial interlayer materials, and processing additives. First, we designed and synthesized a series of donor polymers and NFAs to optimize light absorption, charge transport, and energy level alignment. To further control the nanoscale morphology of the bulk-heterojunction (BHJ) active layer, strategic processing additives were introduced, which successfully suppressed charge recombination and facilitated efficient exciton dissociation. Furthermore, novel electron-transporting interlayer materials were developed to improve charge extraction and reduce interface resistance."
204,KES5-0123,,"Conjugated polymers typically contain long side chains to enable solution processing; however, these side chains contribute little to the desired optoelectronic properties of the resulting thin-film devices. Furthermore, because side chains can account for up to 50% of the mass of the final thin film, they often lower the glass transition temperature (Tg) of conjugated polymers, leading to issues such as the morphological instability of bulk heterojunction solar cells. This talk will discuss our recent progress in developing cleavable side chain conjugated polymers (CSCPs) for a range of organic electronic applications. CSCPs enable solution processing into thin films while allowing the side chains to be removed upon exposure to external stimuli (e.g., heat or acid). Through the rational design of CSCPs, we have achieved stable polymer solar cells, stretchable and durable multifunctional sensors, unusually high electrical conductivities in doped conjugated polymers, and near-unity doping efficiency in organic mixed ionic–electronic conductors (OMIECs)."
737,KES5-0649,,"Terahertz time-domain spectroscopy (THz-TDS) based on THz waves in the range of 0.1-15 THz is highly useful technique for variety of insulating, semiconducting, conducting, and biological materials based on polymers and molecules. Many commercial THz-TDSs are based on inorganic THz generators and inorganic THz detectors, show a limitation of bandwidth in both THz wave generation and detection, e.g., < 3 THz for ZnTe generator and detector. In addition, inorganic THz crystals exhibit low optical-to-THz conversion efficiency because of their low optical nonlinearity. To overcome this limitation, organic electro-optic crystals are used as THz generators and THz detectors for THz-TDS. In this presentation, recent progress in ultrabroadband THz-TDS based on organic electro-optic crystals is discussed. In addition, to show a potential of ultrabroadband THz-TDS, characterizations of insulating and semiconducting materials are discussed. For achieving ultrabroad bandwidth and efficient optical-to-THz conversion, organic electro-optic crystals should exhibit large second-order macroscopic effective first hyperpolarizability and small absorption in THz frequency range. Highly efficient organic THz crystals were recently developed through various molecular engineering techniques such as nonlinear optical engineering and phonon mode engineering."
1481,KES5-1349,,"Fabricating electronic devices on ultra-thin polymer substrates (~1 µm) enables highly flexible, lightweight electronics. Because film thickness is directly proportional to bending strain, minimizing thickness significantly enhances mechanical robustness. This presentation discusses the potential of ultra-flexible electronics, recent stability advancements, and standardized mechanical characterization. Recently, we have significantly improved both the power conversion efficiency (PCE) and stability of these devices. We developed waterproof, ultra-thin organic photovoltaics (OPVs) and ultra-flexible perovskite solar cells (PSCs) with unprecedented stability. To address photo-degradation, we developed a 3.6 µm UV-filtering polyimide substrate, enabling ultra-flexible OPVs to maintain long-term stability under 1-sun while enduring 4,000 bending cycles. Furthermore, toward industrialization, we developed a scalable fabrication strategy using low-temperature (100°C) bar-coating. By regulating fluid dynamics (Couette and Marangoni flows), we suppressed film rupture and explosive nucleation, achieving full coverage with giant crystal domains and a high PCE of 16.5%. As flexible PVs mature, standardized characterization is essential. We proposed a unifying bending protocol (1% strain over 1,000 cycles) and introduced the ""flexible PV fatigue factor"" ( F ). Reflecting these methodologies, a dedicated evaluation section has been established in the latest ""Emerging PV Report,"" providing benchmarks to accelerate next-generation solar cell development."
1457,INS5-1325,,"Perovskite solar cells are approaching commercialization through continuous improvements in power conversion efficiency and advances in large-area fabrication technologies. However, achieving sufficient long-term durability and operational stability remains a major challenge for practical application. Unlike the inorganic materials used in conventional crystalline silicon solar cells, the photoactive and charge-transport materials employed in perovskite solar cells are highly sensitive to heat and moisture. In addition, the temperature and pressure applied during encapsulation and lamination processes may induce device degradation and performance loss. Nevertheless, many research groups and companies continue to apply commercial encapsulants and lamination processes originally developed for silicon photovoltaic modules directly to perovskite solar cells. To date, only a limited number of studies have systematically investigated how the physical and chemical properties of these conventional encapsulation materials and processing conditions affect the initial performance and long-term stability of perovskite solar cells. In this study, a new encapsulation material was developed by considering the thermal and chemical characteristics of the constituent materials in perovskite solar cells. The lamination process was also optimized to minimize thermally and mechanically induced degradation. The initial photovoltaic performance and long-term stability of devices encapsulated with the newly developed material were compared with those of devices using conventional commercial encapsulants. This study aims to establish suitable encapsulation materials and processing conditions for enhancing the long-term stability of perovskite solar cells."
1247,INS5-1136,,"Perovskite solar cells (PSCs) with huge attention based on high efficiency are now establishing as one of the most promising photovoltaic (PV) technologies. Nowadays, only a few researches for upscaling and commercialization through eco-friendly solvent and process approaches are being attempted. Herein, we introduced for a rheological engineering-based locally supersaturated perovskite ink (LSPI) strategy for slot-die process-based PSC which can be suitable for roll-to-roll systems. Here, a perovskite precursor ink with a low-toxic dimethyl sulfoxide (DMSO) single solvent was applied, and a small amount of 1,2- Dichlorobenzene (DCB) was used as an additive to modulate the rheological properties of the ink. The addition of DCB decreased the high surface tension of the DMSO-based ink to enable uniform wet-film formation and produce locally supersaturated colloids (i.e., perovskite seeds that helped growth into dense and large grains by heterogeneous nucleation with low Gibbs-free energy). As a result, this LSPI approach enabled slot-die coated PSCs with higher efficiency. The devices also showed better stability. These studies could be highly beneficial for low-cost, high efficiency, and high stability perovskite solar cell applications."
493,INS5-0409,,"Flexible and stretchable electronics have demonstrated high skin conformability, enabling long-term healthcare monitoring with comfort-of-wear and high signal integrity. However, the device's appearance sometimes psychologically disturbed its use in daily life, especially on the face, which is the source of useful signals, including EEG, EMG, and EOG. In this presentation, we demonstrate fully unperceivable skin electrodes that do not alter the optical or mechanical properties of bare skin. The high optical and mechanical invisibility on the skin was confirmed by a series of physical characterizations and sensory experiments. Furthermore, we verified that the appearance of the electrodes psychologically affects the wearers' emotions and the signals obtained through the devices, which we call appearance artifacts. Still, our unperceivable electrodes didn't leave any appearance artifact. We also constructed a system using unperceivable electrodes and measured EEG, EOG, and EMG signals, whose signal quality was comparable to that of conventional gel electrodes. For your information, we have reviewed the design strategies to harmonize wearable electronics in daily lives [1]. In addition to the unperceivable electrodes, we will also cover recent topics related to soft electronic materials and devices. Reference [1]    (†Same contribution) Y. Liu†, S. De Mulatier†, N. Matsuhisa*, ""Unperceivable Designs of Wearable Electronics"", Advanced Materials 37, 2502727 (2025)."
1591,KES5-1454,,"Developing high-mobility p-type semiconductors that can be grown using silicon-compatible processes at low temperatures has remained challenging in the electronics community to integrate complementary electronics with the well-developed n-type counterparts [1]. In this presentation, I will introduce high-performance tin (Sn 2+ ) halide perovskite-based p-type transistors using cesium-tin-triiodide-based semiconducting layers[2,3] . The optimized devices exhibit high field-effect hole mobilities of over 50 cm 2 V −1 s −1 , large current modulation greater than 10 8 , and high operational stability and reproducibility [4]. In addition, we explore triple A-cations of caesium-formamidinium-phenethylammonium to create high-quality cascaded Sn perovskite channel films . As such, the optimized TFTs show record hole mobilities of over 70 cm 2 V −1 s −1 and on/off current ratios of over 10 8 , comparable to the commercial low-temperature polysilicon technique level. In the last part, I would like to briefly introduce our recent halide perovskite transistors fabricated by thermal evaporation and how to make an Sn perovskite film stable in air by a volatile coordination reaction [5,6]. A. Liu, Y.-Y. Noh et al, Nature, 629, 798–802 (2024) A. Liu, Y.-Y. Noh et al, Nature Electronics 5, 78-83 (2022) H. Zhu, Y.-Y. Noh et al, Nature Electronics 6, 650-657 (2023) A. Liu, Y.-Y. Noh et al, Nature Electronics 6, 559-571 (2023) Y. Reo, Y.-Y. Noh et al, Nature Electronics 8, 403-410 (2025) G. Park, Y-Y. Noh et al, 655, 357-363 (2026)"
1134,INS5-1035,,Metallosupramolecular polymers (MSPs) are coordination polymers in which metal ions and ditopic organic ligands are alternately linked by coordination bonds. MSPs exhibit unique electrochemical and optical properties that are difficult to achieve with organic polymers. This presentation will introduce recent advances in the electrochromic properties of MSPs and their device applications.
1724,INS5-1583,,"Electrochemically-generated chemiluminescence (ECL) is a light-emission process achieved through a series of electrochemical processes on luminophore dissolved in electrolyte (including electric double layer formation, oxidation/reduction at the electrodes, transport of luminophores, charge transfer between oxidized/reduced luminophores, and radiative relaxation). Unlike previous light-emitting devices employing solid-state emissive layer, devices based on ECL (referred to as ECLD) are constructed using a liquid or gel state emissive layer, allowing for novel light-emitting device platform with simple fabrication and enhanced form factor. In this talk, basic working principle of ECL (in comparison with conventional OLEDs or LECs) will be explained, particularly with the focus of the transport properties of luminophores within the electrolyte. Methods to improve the luminance and operation stability of ECLDs in terms of the operation condition and device structures will be introduced. Finally, a new ECL pathway will be introduced exploiting an oxidative annihilate partner molecule to enhance ECL intensity of the luminophore based on Marcus-landscape engineering of the charge transfer process. This new pathway is referred to as the facilitated mixed-annihilation ECL. We anticipate this talk will provide insight into further developing the new class of a light-emitting device platform."
1217,INS5-1106,,"The optoelectronic performance of nanomaterials is fundamentally limited by surface defects and ligand-binding affinity. While carboxylic acids and thiols are standard anchoring groups, they present a distinct trade-off: carboxylic acids are highly accessible and cost-effective but form weak, hydration-prone monodentate coordinations, whereas thiols bind tightly to metals but suffer from synthetic complexity, unwanted disulfide oxidation, and sluggish exchange kinetics. We report carbothioic acid, a sulfur analogue of carboxylic acid, as an effective anchoring group that integrates the complementary merits of carboxylic acids and thiols.  Carbothioic acids can be synthesized from carboxylic acids through a simple one-step reaction, enabling the functionalization of diverse commercial carboxylic acid structures. Furthermore, carbothioic acid facilitates strong binding to surface metal ions through strong bidentate chelation and shows fast ligand exchange kinetics. We demonstrate the broad applicability of this ligand design across three diverse platforms: inorganic QDs, ZnO-based electron transport materials, and perovskite nanocrystals. In all systems, carbothioic acid functionalization effectively passivates surface defects, leading to substantial improvements in electroluminescent device performance. These findings establish carbothioic acid as a universal and practical anchoring strategy for advancing next-generation optoelectronics."
232,KES5-0150,,"Hydrogen (H₂) is widely regarded as a sustainable energy vector owing to its high gravimetric energy density, ease of transport, and carbon-free utilization. Among various green hydrogen production strategies, photocatalytic approaches are attractive because of their conceptual simplicity and low cost; however, their practical implementation is still hindered by limited efficiency. Therefore, the development of next-generation photocatalytic materials is essential to improve hydrogen evolution activity and reduce system-level costs. In parallel, the rapid expansion of solar energy technologies has stimulated intensive research on photoelectrochemical (PEC) cells for direct solar-to-fuel conversion. In this context, organic semiconductors have gained increasing attention as photoelectrode materials due to their molecular tunability and strong light-harvesting capability. Despite these advantages, their application in aqueous PEC environments remains challenging because of inefficient interfacial charge transfer and insufficient film stability. In this presentation, we report a newly developed class of photoactive materials designed to address these limitations. Their optical properties and hydrogen evolution performance in both photocatalytic and PEC configurations will be discussed. Furthermore, we will highlight recent insights into how molecular design governs material functionality and device behavior, providing design guidelines for achieving efficient solar-driven hydrogen production."
1762,INS5-1591,,"The organic field-effect light-emitting transistors (OFE-LETs) combine the switching function of transistors with the function of light-emitting diodes, and have attracted attention due to their low leakage current and ease of integration. However, it has problems such as imbalance in electron and hole transport and insufficient energy transfer, resulting in low utilization of excitons and device efficiency. We proposed strategies such as improving the material morphology and the sensitization strategy of the light-emitting layer, among which the most representative one is the new device concept of spatially separating the carrier transport and exciton emission functions. Using a bipolar host material composed of a carbazole/oxadiazole hybrid molecule combined with a cyano group, we achieved balanced transport and broadened the exciton recombination region. Ultimately, OFE-LETs achieved high external quantum efficiency, current efficiency and brightness, and its performance reached the highest level of OLETs and met the requirements of future display application ."
1744,KES5-1580,,"Iontronic artificial tactile nerves are emerging as a promising platform for neuromorphic physical AI by combining low-power sensing, signal transmission, memory, and adaptive response. Solid-state gel electronics are particularly attractive because they integrate mobile ions, soft polymer networks, and mechanically compliant interfaces within a single materials platform. However, neuromorphic electronic skin still faces major challenges, including limited tactile memory, unstable ion transport, and complex architectures that physically separate sensing, memory, and signal-processing functions. In this talk, I will present sustainable solid-state gel electronics in which the ionic state is engineered as an active functional variable rather than used only as a charge-transport pathway. By controlling ion migration, trapping, release, and interfacial polarization within soft gel matrices, external stimuli can directly generate synaptic responses. This approach enables tactile perception, short- and long-term memory, adaptive sensing, and event-driven information processing within monolithic device architectures. Representative applications will include tactile recognition, biochemical and electrophysiological sensing, neural interfaces, and therapeutic electronic systems. I will also discuss how ion-state engineering can couple sensory input, memory formation, and adaptive response at the material level, thereby providing a route toward artificial perception without relying on physically separated device components. Finally, I will address key challenges in long-term stability, sustainable materials design, device integration, and system-level implementation for next-generation neuromorphic physical AI."
1685,INS5-1548,,"Metal halide perovskites have emerged as a versatile platform for next-generation optoelectronics, yet their soft ionic lattices leave surfaces, grain boundaries, and buried interfaces populated with defects that limit both device efficiency and operational stability. In this talk, I will present our group’s strategies for tailoring perovskite surfaces and interfaces through deliberately designed interfacial molecular interactions and show how these interactions serve as a general toolbox for multifunctional optoelectronic devices. Especially, ionic liquid engineering enables bidentate coordination that simultaneously passivates trap states and stabilizes the photoactive phase, while cyclic ionic molecules and lattice-matched low-dimensional phases formulate multidimensional perovskite architectures with suppressed nonradiative recombination. At buried interfaces, self-assembled monolayers and interlayer molecular doping modulate energy-level alignment and charge extraction, extending the approach to tin-based perovskite solar cells and to single-crystalline perovskite films with controlled crystal mosaicity. Beyond photovoltaics, the same interfacial design principles enable conjugated polymer-driven compact crystal packing in perovskite quantum dot solar cells, polymer-passivated and quantum dot-enhanced photodetectors for infrared sensing, and perovskite-functionalized transistor-type gas sensors. Taken together, these results establish the rational design of interfacial molecular interactions as a unifying strategy for defect management, long-term stability, and functional versatility across perovskite-based multifunctional optoelectronics."
1177,KES6-1067,,"In operation of polymer electrolyte membrane fuel cell (PEMFC) ,  OH radicals are the major cause for the degradation of polymer electrolyte membrane. In order to enhance its anti-oxidation stability, cerium ion (Ce 3+ , CE), an  OH radical quencher, is introduced to membrane, as it converts the  OH radicals into inactive chemicals. In this study, aminoethyl-15-crown-5 (CRE) is grafted on the polymer electrolyte backbones to prevent the migration of CE ions from the membrane for long term anti-oxidation stability, as CRE forms a coordination complex with CE. The chemical and physical structure of the CRE grafted SPAEK are examined using 1 H NMR, EDX, and SAXS spectroscopy. The physical properties of the CRE grafted SPAEK membrane are investigated and compared with those of the CRE blended and CE blended ones. On the other hand, t he lab-synthesized ceria (CeO 2 ) nanoparticles were surface-modified to provide proton conductivity. These nanoparticles were embedded into the thin surface layers of polymer electrolyte membranes, resulting in the sandwiched structure. The structure, morphology and properties of the synthesized nanoparticles and membranes were analyzed using a variety of methods including TEM, FTIR, DLS, XRD, XPS, TGA, and SEM-EDS. The sulfonated CeO­ 2 nanoparticles exhibited excellent OH • and OOH • radical scavenging effect for enhanced chemical stability, accompanied by a simultaneous improvement of proton conductivity of the membrane. Consequently, not only the durability but also the cell performance of the membrane was significantly enhanced, illustrating the maximum power density of 522 mW cm -2 , which was much higher than those of the pristine and single-layer composite membranes, 460 mW cm -2 and 390 mW cm -2 , respectively."
1271,KES6-1158,,"Ion-conducting polymers (H + or OH - ) are used as polymer electrolyte membranes and ionomer binders of catalyst layers, and they are a key component of electrochemical energy conversion and storage technologies such as fuel cells and electrolyzers. Currently, most electrochemical energy conversion technologies (e.g., hydrogen fuel cell, water electrolyzer, redox flow battery) heavily relies on Nafion for a proton-conducting material, though it is not ideal material for those applications. Perfluoroalkyl substrates (PFASs), which include Nafion, have recently received significant pressure from government and environmental activist groups due to their environmental and health hazard of PFAS. Thus, the development of alternative ion-conducting polymers based on hydrocarbon polymers (mostly made of C and H) has attracted new attention within polymer society. Compared to perfluorosulfonated Nafion, hydrocarbon ion-conducting polymers can offer advantages of flexible synthetic tunability, lower gas permeability, and importantly lower production cost. However, their systematic polymer chemistry–morphology structure–property relationships are poorly understood until now. In this presentation, an overview of recent progress in the development of advanced ion-conducting polymers (both H + and OH – ), key material properties, and their state-of-the-art performance in in real world applications of hydrogen technologies will be presented."
1264,INS6-1151,"Sun Young Kang (Los Alamos National Laboratory), Jihoon Lim (Ulsan National Institute of Science and Technology), Heemin Park (Los Alamos National Laboratory), Seung Geol Lee (Ulsan National Institute of Science and Technology)","Polymer-based water electrolysis offers a compelling pathway for carbon-free hydrogen production. While proton exchange membrane water electrolyzers are commercialized, their reliance on expensive platinum-group metal (PGM) catalysts and perfluorosulfonic acids poses economic and environmental challenges. Anion exchange membrane water electrolyzers (AEMWEs) offer a more sustainable alternative, enabling the use of PGM-free catalysts and avoiding perfluoroalkyl substances (PFAS). However, their performance under pure water feed conditions remains limited in the absence of supporting electrolytes. In this study, we combine experimental analysis with computational modeling to identify the primary factor constraining the performance of pure water-fed AEMWEs. We reveal that supporting electrolytes play a crucial role in mitigating detrimental ionomer adsorption at the oxygen evolution catalyst interface. These findings suggest a strategic redirection in AEMWE development: rather than eliminating supporting electrolytes entirely, efforts should focus on minimizing while maintaining device performance. This approach could accelerate the realization of scalable, PGM and PFAS-free water electrolysis for sustainable hydrogen production."
1338,ORS6-1225,"Yuri Nara (Tokyo Metropolitan University), Yumi Hidaka (Tokyo Metropolitan University), Shoi Tanaka (Tokyo Metropolitan University), Takuya Kochi (Tokyo Metropolitan University)","Anion exchange membrane water electrolysis (AEMWE) is a promising technology for producing green hydrogen using renewable electricity, without requiring precious-metal catalysts or highly concentrated alkaline solutions. However, conventional AEMWE systems still exhibit lower performance than other water electrolysis technologies because of the limited anion conductivity and insufficient alkaline stability of anion exchange membranes (AEMs). Therefore, there is a strong demand for anion-conductive polymers that provide high anion conductivity while maintaining excellent stability under strongly alkaline conditions. In this study, a trimethylammonium-substituted poly(fluorene)-based anion-conductive polymer (TMA-PF) was designed and synthesized. The electrolyte properties of AEMs prepared from TMA-PF were evaluated and found to exhibit higher anion conductivity and alkaline stability than those of conventional AEMs. In addition, anion transport in TMA-PF was analyzed using all-atom molecular dynamics simulations. The AEMWE performance of membrane electrode assemblies employing TMA-PF as both the AEM and the anion exchange ionomer (AEI) will also be presented."
1143,KES6-1044,,"Single-atom catalysts (SACs) and atomically dispersed catalysts have attracted growing attention because the number of active sites, with unpredictable catalytic activity can be maximized. We have designed highly stable and high-loading atomically dispersed catalysts in porous architectures. We synthesized Ru SAC supported on WC 1-x (Ru SA/WC 1-x ) for alkaline HOR reaction by an in situ high-temperature annealing strategy to induce strong interactions between Ru SA and the WC 1-x support without forming of impurities (e.g., WO x ) on the surface during the carburization, resulting in high Ru SA loading of up to 6.1 wt.. We also report self-assembly-assisted dynamic placement of noble metals selectively on multifunctional carbide supports for alkaline hydrogen electrocatalysts. The strategy for stabilizing the interface of next-generation high-capacity rechargeable batteries, including lithium-metal and sodium-metal batteries will be also discussed."
348,INS6-0265,,"Fluorine-free hydrocarbon proton exchange membranes (PEMs) are attracting increasing attention as alternatives to perfluorosulfonic acid (PFSA)-based materials. However, the limited processability of many hydrocarbon ionomers, particularly their poor compatibility with alcohol-based solvent systems, remains a major barrier to scalable membrane and membrane–electrode assembly (MEA) manufacturing. In this presentation, a benzoyl-substituted poly(p-phenylene) ionomer incorporating meta-linked phenylene units is explored as an approach to improve alcohol processability and mechanical toughness. The introduction of nonlinear backbone segments disrupts aromatic chain packing and reduces conformational rigidity, leading to enhanced compatibility with alcohol-based green solvents and improved tensile toughness and puncture resistance. The modified ionomers also enable all-hydrocarbon MEA fabrication using hydrocarbon binders. Electrochemical evaluation in proton exchange membrane water electrolysis demonstrates competitive performance together with stable operation under differential pressure conditions. These findings highlight backbone structural modification as an effective strategy for developing green-processable and mechanically durable fluorine-free PEMs."
235,ORS6-0153,,"This presentation reports our research efforts on the molecular design and synthesis of ion-containing polymers (ionomers) as catalyst binders for CO 2 electrolysis. Although major progress has been achieved in catalyst development and reactor engineering over the past decade, further improvements in activity, selectivity, and durability remain essential. Ionomeric binders offer a powerful route to address these challenges by tailoring the local microenvironment near the catalyst surface. However, their structure–property–performance relationships are still not fully understood because multiple structural features often influence interfacial behavior simultaneously. To establish clearer design principles, we synthesize a library of ionomers in which one well-defined structural parameter is varied at a time. I will discuss representative studies that examine the roles of molecular weight, side-chain structure, ion-conducting groups, and charge density. These systematic changes regulate interfacial hydrophobicity, the thermodynamic stability of reaction intermediates, CO 2 and water activities, and local pH. As a result, they alter catalytic activity and product selectivity in CO 2 electrolysis. In situ vibrational spectroscopy is used to monitor key reaction intermediates under operating conditions, while computational analyses provide molecular-level insights into the governing mechanisms. When implemented in gas-diffusion electrodes, these tailored ionomers enable industrially relevant performance and demonstrate their practical potential. Overall, these studies establish molecular design rules for ionomers and highlight how ionomers can provide precise control over electrochemical interfaces across diverse electrocatalytic systems."
285,ORS6-0202,"Madhusudana Gopannagari (Department of Chemistry, Korea Advanced Institute of Science and Technology (KAIST), Daejeon 34141, Republic of Korea), Tae kyu Kim (Department of Chemistry, Korea Advanced Institute of Science and Technology (KAIST), Daejeon 34141, Republic of Korea)","Conducting polymers have emerged as promising materials for enhancing charge transport and interfacial kinetics in photoelectrochemical (PEC) energy conversion systems. In this work, we demonstrate a polymer-assisted strategy for improving the performance of BiVO₄ photoanodes through the incorporation of a polyaniline (PANI) interfacial layer and dithiooxamide-derived N,S co-doped carbon nanosheets (NSCN). The PANI layer acts as an efficient hole-transport medium, facilitating rapid charge transfer from BiVO₄ to the cobalt phosphate (CoPi) oxygen evolution catalyst, while NSCN serves as a visible-light harvester, extending light absorption and promoting photogenerated carrier generation. The synergistic integration of NSCN and PANI significantly enhances charge separation and interfacial hole-transfer kinetics, resulting in a high-performance BiVO₄–NSCN/PANI@CoPi photoanode. Under simulated solar illumination (1 sun), the optimized photoanode delivers a stable photocurrent density of 4.46 mA cm⁻² at 1.23 V versus the reversible hydrogen electrode (V_RHE) and achieves an applied bias photon-to-current efficiency (ABPE) of 1.13% at 0.74 V_RHE. Furthermore, the photoanode exhibits remarkable operational stability, retaining 97% of its initial photocurrent after 10 h of continuous operation. Comprehensive investigations reveal that the controlled polymeric PANI interlayer effectively bridges the semiconductor–catalyst interface, minimizes charge recombination, and accelerates hole extraction toward the oxygen evolution reaction. This study highlights the potential of conducting polymers as functional interfacial materials for developing efficient and durable photoelectrodes and provides new insights into polymer-enabled solar fuel generation technologies."
554,KES6-0470,,"The growing demand for low-cost and greener energy-storage technologies has stimulated the search for alternatives to conventional inorganic battery materials. Most commercial batteries rely on metal-based compounds, which often involve scarce resources and energy-intensive processing. In contrast, organic electrode materials, composed of abundant elements such as C, H, N, and O, offer broad structural tunability and improved end-of-life management. Organic electrochemistry enables the design of both n-type and p-type electroactive materials. While n-type systems operate through cation insertion, p-type materials store charge via reversible anion uptake and release, opening opportunities for the development of anionic rocking-chair batteries and fully organic energy-storage systems. Among p-type organic redox systems, pyridinium-based electrophores represent a particularly attractive class of materials due to their reversible two-electron redox chemistry and readily tunable molecular structure. For instance, the 4,4′-bipyridinium motif (viologens) undergoes two consecutive one-electron reductions (V 2+ ⇌ V • ⁺ ⇌ V⁰), providing access to three stable redox states and enabling efficient charge-storage processes. Importantly, the relatively low operating potentials of viologen derivatives distinguish them from many other p-type materials, making them promising candidates for negative electrodes in emerging anionic rocking-chair battery systems. In this contribution, we present a family of pyridinium-based electrophores, ranging from zwitterionic viologens and double salts to polymeric systems, developed as model platforms for studying anion-driven energy-storage mechanisms. Through a combination of molecular design, structural characterization, and electrochemical analysis, we explore how the ionic environment and molecular conformation, particularly the dihedral angle between pyridinium units, affect redox activity and tune the operating potential. These findings provide fundamental insights into structure–property relationships and offer new guidelines for the rational design of organic negative electrodes for anionic rocking-chair batteries."
1618,KES6-1481,,"All-solid-state batteries (ASSBs) are promising for safer, high-energy-density energy storage. Polymer electrolytes are attractive because of their synthetic versatility, favorable interfacial contact, and compatibility with scalable manufacturing. However, their development has been dominated by polyethylene oxide (PEO), whose limited salt dissociation, crystallinity, segmental-motion-dependent Li⁺ transport, and low Li⁺ transference number impose intrinsic constraints. This presentation introduces a “Beyond PEO” framework that redefines polymer electrolytes as engineered ion-transport architectures rather than passive ion-solvating matrices. By controlling entropy, supramolecular organization, and dynamic bonding, this approach regulates ionic conduction, mechanical resilience, and electrochemical integration. Conflicting-entropy-driven zwitterionic polymer electrolytes promote salt dissociation and establish organized Li⁺-transport pathways decoupled from conventional segmental relaxation, enabling pouch-type ASSBs to operate at ambient temperature. Ionic dimer elastomers use dynamic ionic crosslinking to combine ion conduction with mechanical robustness. Monomer-in-salt polymer catholytes extend these principles to electrode manufacturing. Through in situ polymerization, they form solvent-free, compositionally uniform, and ionically percolated catholyte networks for dry-processed Ah-class pouch cells. Despite their different molecular designs, these systems share a common objective: to decouple Li⁺ transport from the classical PEO paradigm, direct ion transport through designed pathways, and embed manufacturability into materials design. Their compatibility with established lithium-ion battery processes also supports stable operation under practically relevant low stack pressure. These studies position“Beyond PEO” as a materials-design framework for robust and scalable polymer-based ASSBs."
182,INS6-0101,,"Batteries made from organic redox polymers represent a promising and viable solution to many issues, particularly in the production of next-generation flexible energy storage systems.(1-4) Nitroxide radical polymers (NRPs) are among the most promising redox polymers available, providing corresponding batteries with high voltage, fast charging, and long cyclability. Despite the attractive properties of NRPs as active electrode materials, these polymers have limited implementation in battery-powered electronic devices or large-scale energy storage. One of the greatest challenges is their low energy storage capability (i.e., 110 mAh/g). For example, most studies on radical polymer batteries could only realize the oxidation process (i.e., TEMPO +/• ) for battery applications due to the sluggish kinetics of the reduction process (i.e., TEMPO •/- ), which greatly compromises their energy storage capability. Recent research suggests that two-electron storage may be achieved by carefully designing polymer structures, polymer/nanocarbon composites, or electrolytes.(4-6) In recent years, our group has explored how polymer chemical structures and electrode composite morphologies govern the electrochemical properties of the NRP cathode, suggesting that rational design of radical polymer electrodes could enhance energy storage performance.(7-8) 1. T. Janoschka, M. D. Hager and U. S. Schubert, (2012), Adv. Mater., 24, 6397-6409. 2. S. Wang, A. D. Easley and J. L. Lutkenhaus, (2020), ACS Macro Lett., 9, 358-370. 3. Y. Xie, K. Zhang, Y. Yamauchi, K. Oyaizu and Z. Jia, (2021), Mater. Horiz., 8, 803-829. 4. J. K. Kim, Y. Kim, S. Park, H. Ko and Y. Kim, (2016), Energy Environ. Sci., 9, 1264-1269. 5. W. Guo, Y. X. Yin, S. Xin, Y. G. Guo and L. J. Wan, (2012), Energy Environ. Sci., 5, 5221-5225. 6. Q. Huang, D. W. Choi, L. Cosimbescu and J. P. Lemmon, (2013), Phys. Chem. Chem. Phys., 15, 20921-20928. 7. K. Zhang, Y. Xie, B. B. Noble, M. J. Monteiro, J. L. Lutkenhaus, K. Oyaizu and Z. F. Jia, (2021), J. Mater. Chem. A, 9, 13071-13079. 8. W. Li, S. Jiang, Y. Xie, X. Yan, F. Zhao, X. Pang, K. Zhang and Z. Jia, (2022), ACS Energy Lett., 7, 1481-1489."
98,ORS6-0022,"Claudio  Gerbaldi (GAME Lab, Department of Applied Science and Technology (DISAT), Politecnico di Torino), Juan A. Guerrero (Laboratory of Polymeric and Composite Materials (LPCM), Center of Innovation and Research in Materials and Polymers (CIRMAP), University of Mons (UMONS)), Jérémy Odent (Laboratory of Polymeric and Composite Materials (LPCM), Center of Innovation and Research in Materials and Polymers (CIRMAP), University of Mons (UMONS)), Francesco  Gambino (GAME Lab, Department of Applied Science and Technology (DISAT), Politecnico di Torino), Vladislav Shevtsov (Functional Polymeric and Particulate Materials Unit, Luxembourg Institute of Science and Technology (LIST))","The realization of safe, high-performance solid-state Li batteries and piezoionic sensors demands polyelectrolytes combining high ionic conductivity (>10⁻⁵ S/cm at 25°C) with robust thermal and electrochemical stability. Poly(ionic liquid)s, as macromolecular counterparts of ionic liquids, offer promising platform, yet their development is limited by the intrinsic trade-off between ion transport and glass transition temperature, which constrains mechanical integrity and device performance. Here, we present a set of design strategies based on ionic random and block copolymers, as well as polymer networks. First, block copolymers poly[TMCₙ-b-(LiMₘ-r-PEGM)ₖ] were synthesized via ROP of trimethylene carbonate followed by RAFT copolymerization of ionic monomer LiM with PEGM. These materials form hexagonally packed cylinders and exhibit improved viscoelastic properties, ionic conductivity 3.7×10⁻⁶ S/cm (70°C), high tLi⁺=0.91 and wide electrochemical stability (4.8V vs. Li⁺/Li). Li/LFP and Li/NMC cells deliver stable cycling with capacities up to 145 and 118 mAh/g (C/20, 70°C). Second, block copolymers comprising a conductive LiM/PEGM random segment and a rigid poly(2-phenylethyl methacrylate) block display lamellar ordering, enhanced mechanical strength, and σ =3.8×10⁻⁷ S/cm at 25°C, with tLi⁺=0.96 and ESW≈4.4V. Li/LFP cells show stable cycling up to 150 mAh/g. Third, random copolymers incorporating a new ionic monomer with PEG spacer achieve σ = 3.0×10⁻⁶ S/cm at 25°C, ESW≈4.5V, and efficient dendrite suppression. Cells retain 100 mAh/g (200 cycles at C/5, 70 °C). Finally, crosslinked networks from ionic monomers, PEGM, and PEGDM reach 1.0×10⁻⁶ S/cm at 25°C and exhibit a piezoionic response of 290 mV under 80 kPa pressure, enabling unique, self-powered, soft electronic sensors. Supported by Luxembourg National Research Fund (FNR) through the FNRS–FNR project INFINITE (INTER/FNRS/21/16555380)."
387,ORS6-0303,"Yujin Nam (Korea University), Chanhee Choi (Korea University), Jung-Hyun Lee (Korea University)","Anion exchange membrane (AEM) water electrolysis (AEMWE) is a promising technology for green hydrogen (H 2 ) production using renewable energy. In the AEMWE system, an AEM is critical for efficient and safe operation, as it conducts hydroxide ions (OH - ) while maintaining alkaline stability. However, ion-transport factors governing the OH - conductivity of AEMs remain unclear. Herein, we present a newly developed diallylammonium-cyclopolymerized (PDT) membrane composed of linear and crosslinked structures. By controlling the crosslinking density, the relationship between membrane structure and ion transport was systematically investigated. As a result, OH - conductivity was more strongly correlated with OH - diffusivity than with OH - partitioning, highlighting the importance of ion mobility in AEM design. The optimized PDT membrane also exhibited higher AEMWE performance compared with commercial AEMs."
268,ORS6-0185,,"Silicon (Si) anodes are among the most promising candidates for next-generation lithium-ion batteries owing to their exceptionally high theoretical capacity (~3500 mAh g⁻¹). However, their practical implementation is severely hampered by the enormous volumetric expansion (~400%) during cycling, which leads to particle pulverization, continuous SEI reconstruction, and rapid capacity decay — particularly at high active material contents. Conventional interfacial strategies have provided only limited improvements, failing to simultaneously address mechanical, ionic, and chemical demands at the electrode level. Herein, we report an interfacially tunable functional primer designed to serve as a multifunctional bridging agent within the Si electrode matrix. The primer is constructed from a thermally crosslinked polyarylene backbone combined with soft segments, enabling both mechanical rigidity and elastic adaptability. Upon thermal curing, a conformal and robust polymeric network forms on the Si surface via ring-opening polymerization, establishing strong Si–O–C anchoring bonds. The primer fulfills three synergistic roles. First, the dynamic soft chain exchange accommodates volumetric expansion while maintaining interfacial continuity with the binder, as confirmed by SAICAS and rheological analyses demonstrating superior cohesive strength even under electrolyte-wetted conditions. Second, the π-conjugated polyarylene backbone promotes strong π–π interactions with conductive carbon additives, yielding a homogeneous electron percolation network with reduced electrode resistance. Third, the ionophoric carbonyl and hydroxyl groups within the primer facilitate Li⁺ desolvation and accelerate interfacial ion transport — approximately 20 times faster than conventional binder interfaces — without immobilizing ions, thereby suppressing concentration polarization and enabling stable high-rate cycling. These synergistic effects enabled stable electrochemical operation of a nearly binder-free electrode with an unprecedented nearly all active material content (~99 wt%) representing the lowest reported binder content among Si-based anodes. This concept has been further validated in the ultrathick formulation and high-energy full cell configuration."
1062,ORS6-0964,"Sagydat Duisenbekov (Department of Chemical and Materials Engineering, School of Engineering & Digital Science, Nazarbayev University), Alisher Yesmukhanov (Department of Chemistry, School of Sciences and Humanities, Nazarbayev University), Asset Aliyev (Renewable Energy Lab, National Laboratory Astana, Nazarbayev University), Ulan Burkit (Department of Chemical and Materials Engineering, School of Engineering & Digital Science, Nazarbayev University), Dana Kanzhigitova (Renewable Energy Lab, National Laboratory Astana, Nazarbayev University), Aishuak Konarov (Department of Chemical and Materials Engineering, School of Engineering & Digital Science, Nazarbayev University), Nurxat Nuraje (Department of Chemical and Materials Engineering, School of Engineering & Digital Science, Nazarbayev University)","The advancement of flexible electronics necessitates the development of lightweight, high-capacity, and mechanically robust energy storage devices. Supercapacitors based on conducting polymers like polyaniline (PANI) are promising candidates but are conventionally limited by the need for binders and conductive additives, which increase dead mass, interrupt charge transport pathways, and accelerate structural degradation during cycling. This work presents a free-standing PANI copolymer film synthesized via a facile chemical oxidative interfacial polymerization between aniline and a custom-designed ether-bridged diamine derivative monomer. The interfacial growth mechanism yields an ultrathin (≈100 nm), binder-free, self-supporting film that functions simultaneously as active electrode material and current collector. Structural and chemical characterization by SEM, AFM, cross-sectional imaging, EDS, XPS, TGA, and four-probe conductivity measurements confirm the uniform two-dimensional morphology, high intrinsic conductivity (up to 21.38 S cm ⁻ ¹), and remarkable chemical stability of the copolymer film over 10,000 electrochemical cycles. Electrochemical evaluation in a symmetric two-electrode coin cell with 1 M H₂SO₄ electrolyte demonstrates that the PANI copolymer film achieves a specific capacitance of 601 F g ⁻ ¹ at 0.1 A cm ⁻ ², an energy density of 53.4 W h kg ⁻ ¹, and a power density of 991 W kg ⁻ ¹ — among the highest reported for PANI-based symmetric configurations — while retaining 86% of its initial capacitance after 10,000 galvanostatic charge-discharge cycles."
517,KES6-0433,,"An organic redox flow battery uses organic redox-active molecules dissolved or dispersed in aqueous electrolyte solutions, stored in tanks and pumped to a cell equipped with a current collector and a separator. In addition to low-molecular-weight organic molecules, organic polymers are also investigated taking advantage of their inherent properties such as suppressed crossover across lower-cost nanoporous separators than the expensive ionic exchange membranes currently used. Two challenges have emerged thus far: increasing the polymer concentration to boost energy density also increases viscosity, resulting in higher flow energy losses; and the solubility of the polymer in the aqueous electrolyte solution limits volumetric energy density. We found that a novel redox polyelectrolyte approach could solve these issues and lead to a flow battery with higher energy density and excellent cycle performance. A typical example of the redox polyelectrolyte is poly( N -(3-acrylamidopropyl)- N , N ,2,2,6,6-hexamethylpiperidinyloxy-4-aminium) bearing an ammonium group to bind TEMPO and acrylamide within each repeating unit. The polyelectrolyte dissolved in a 1 M NaCl solution at more than 54 Ah/L while maintaining flowability. The permeability of the polyelectrolyte (Mn = ca. 20000) across a porous dialysis membrane with MWCO = 3500 was less than 1/1000 that of the monomeric analog, 4-trimethylammonio-TEMPO chloride, suggesting that the polyelectrolyte is a candidate for the catholyte with the conventional vanadium-class high capacity. Interestingly, the polyelectrolyte exhibited a decrease in intrinsic viscosity when oxidized (or charged) to the oxoammonium-substituted polymer. The molecular weight dependence of the intrinsic viscosity revealed that the reduction in viscosity is primarily due to the contraction in volume of the hydration shell, rather than the effect of increased rigidity resulting from the oxidized polyelectrolyte's increased charge."
473,KES6-0389,,"The performance and durability of next-generation secondary batteries are governed not only by the intrinsic properties of active materials but also by dynamic interfaces among electrodes, electrolytes, and binders. In this presentation, we introduce supramolecular functionalization strategies designed to regulate interfacial reactions, mechanical integrity, and ion transport in high-energy battery systems. First, polydopamine-derived coatings are used as electrolyte-blocking yet Li-ion-permeable layers to suppress parasitic electrolyte decomposition under lean-electrolyte conditions. Combined with Extremely Lean Electrolyte Testing (ELET), this approach enables quantitative evaluation of electrolyte consumption and cycle life. Second, reversible hydrogen-bonding networks are developed as supramolecular binders to accommodate the large volume changes of silicon anodes. A rheological fatigue-analysis method is further introduced to quantify the persistence of self-healing under repeated deformation, establishing fatigue endurance as a practical binder design criterion. Additional supramolecular approaches will also be discussed, including adhesive conductive networks, interfacially compatibilized carbon precursors for silicon–carbon nanocomposites, and phosphate-mediated surface functionalization for stable fast-charging graphite electrodes. These strategies share a common goal: creating adaptive interphases that simultaneously regulate ion transport, stress dissipation, and interfacial stability. Collectively, these studies demonstrate that supramolecular functionalization offers a versatile platform for overcoming coupled electrochemical and mechanical limitations in advanced batteries. By integrating reversible interactions, interfacial selectivity, and dynamic adaptability, this approach provides new design principles for high-performance lithium-ion and beyond-lithium battery systems."
1090,INS6-0992,"Jongwon Lee (Gwangju Institute of Science and Technology), Danfeng Cao (Linköping University), Myung-Han Yoon (Gwangju Institute of Science and Technology), Klas Tybrandt (Linköping University)","Abstract The growing demand for personalized healthcare and intelligent human–machine interfaces calls for electronic materials that can function reliably within soft, deformable biological environments. Organic electronic materials, particularly conjugated polymers, can be engineered to achieve intrinsic stretchability while enabling mixed ionic–electronic transport, thermoelectric energy conversion, and electrochemical charge storage. In this talk, I will present our work on developing stretchable conducting polymer systems based on poly(3,4-ethylenedioxythiophene):poly(styrene sulfonate) (PEDOT:PSS) for soft energy harvesting and storage devices. By engineering mixed ionic–electronic elastomeric networks, we developed a PEDOT-based composite that simultaneously delivers high electrical conductivity (140 S/cm), extreme stretchability (up to 600%), and low mechanical stiffness (Young’s modulus ~7 MPa). [1] This material enabled the first intrinsically stretchable organic thermoelectric module and an intrinsically stretchable organic battery based on a plant-derived redox molecule. [1,2] More recently, we developed stretchable porous electrodes composed of self-fused, highly conductive PEDOT:PSS microfibers, allowing efficient ion and redox transport and achieving areal capacities of up to 1.2 mAh/cm 2 . Together, these advances establish conducting polymers as a versatile platform for next-generation stretchable energy harvesters and batteries, paving the way toward mechanically compliant, energy-autonomous wearable electronics. References 1. N.Kim et al. , Nat. Commun. 11, 1424 (2020) 2. N.Kim* et al. , J. Mater. Chem. 11, 25703-25714 (2023)"
1157,INS6-1054,,"Aqueous organic redox flow batteries (AORFBs) have emerged as a secure and cost-effective technology for large-scale energy storage. By using non-flammable water and redox-active organic materials synthesized from abundantly available elements, AORFBs provide a sustainable alternative to lithium and vanadium batteries, which rely on limited material resources. The key materials in a flow battery system, including redox-active energy storage materials and ion exchange membranes, account for a substantial portion of the total cost. T he development of energy storage materials with high aqueous solubility and chemical stability, along with membranes that exhibit both high conductivity and selectivity, is essential for advancing high-performance electrochemical devices. We developed three main strategies to design highly water-soluble, stable organic energy storage materials for both positive and negative electrolytes, enabling long-term cycling in high energy density AORFBs . These effective strategies include m odulating molecular polarity , tailoring side reaction energy barriers, and enhancing electron transfer reversibility through molecular engineering. Moreover, from functional small molecules to polymer ic materials, we are advancing the development of polymer membranes with high ion conductivity and low permeability towards energy storage materials, thereby enabling high-performance AORFB systems with high energy efficiency and long lifetime."
310,INS6-0227,,"Solid-state electrolytes have largely paid attention to eliminating fire risk and assembling compact cell configurations. Polymeric electrolytes have been developed as flexible organic solid-state electrolytes. However, their low ionic conductivity in lithium (Li)-ion batteries has limited practical use. It is attributed to the sluggish segmental motion of the polymeric backbone through Li + ion transport. Presumably, a more rigid electrolyte framework can provide faster Li + ion movement. Covalent organic frameworks (COFs) can be promising electrolytes that possess crystal structures and nanometer-scale por ous channels. Immobilized anions in the channel of the COF offer the sole Li + ion transport, forming a single solid-state electrolyte . It is intriguing to evaluate the Li + ion conductivity in this rigid COF through anion characteristics. In this study, we introduced carboxylic, sulfonate, or sulfonylimide anionic groups into COFs, providing high to low Lewis basicity . The Li + ion moves from one anionic group to another through the hopping process. The strength of Li + and anion association/dissociation is critical to determining the ionic conductivity. We demonstrated that the weakest Lewis basicity of the anion provided the superior Li + ionic conductivity. The sulfonylimide -immobilized COF exhibited the highest value at 8.26 × 10 -5 S cm -1 at room temperature , and a Li + transference number was estimated to be 0.91. In comparison, the carboxylic and sulfonate anion groups in COFs provided 3.16 × 10 -6 and 2.58 × 10 -5 S cm -1 , respectively. S olid-state 7 Li NMR spectra of all samples supported these results by a more downfield shift from softer base anion-COF. In addition, the activation energy ( E a ) was decreased from 0.21 eV for the carboxylic group to 0.18 eV for the sulfonate group, and 0.14 eV for the sulfonylimide group -COF . All these results demonstrated the improved Li + ion conductivity with softer anions based on the hard - soft acid - base (HSAB) theory , promoting dissociation of Li + /anion interaction and leading to more rapid Li + ion hopping . Li|Li symmetric cells exhibited the lowest voltage hysteresis with the sulfonylimide group -COF and delivered for exceeding 600 hours. I will discuss details of comparative Li + ion transport among COFs and related mechanisms."
205,INS6-0124,,"The electrolyte is a pivotal component of lithium-ion batteries, primarily functioning to transport lithium ions and significantly impacting the battery's actual performance, earning it the vivid metaphor of ""the blood of batteries."" However, the design and development of advanced electrolytes face challenges such as the complexity of solution chemistry, the vast number of electrolyte molecules, and the difficulty in optimizing the strong correlations between electrolyte components. This report focuses on understanding the solvent chemistry principles of electrolytes and the research on designing advanced electrolytes using artificial intelligence. Specifically, it explores the solvent chemistry rules of electrolytes through multi-scale simulation methods combining first-principles calculations and molecular dynamics simulations, discovers that the formation of ion-solvent structures is a crucial factor affecting electrolyte interface stability, and thereby establishes an ion-solvent chemistry model. Furthermore, it develops various prediction methods for electrolyte physical properties such as dielectric constant and viscosity. By integrating multiple physical property calculation methods and high-throughput computations, a large electrolyte database is constructed, encompassing 250,000 molecular structures and over 20 electrolyte properties. Based on this constructed electrolyte database, artificial intelligence models are developed to quantitatively correlate the molecular structure of electrolytes with their physicochemical properties, enabling high-throughput screening and inverse design of electrolyte molecules. Consequently, over a dozen new molecular systems have been obtained, and further experimental validations are underway. This research content advances the practical application of next-generation high-energy-density batteries and providing critical technological support for achieving carbon neutralizing target."
1789,INS6-1616,,"Lithium metal batteries are promising energy-storage systems with high energy density; however, their development remains limited by the insufficient ionic conductivity, low lithium-ion transference number, and unstable electrode interfaces of polymer electrolytes. Zwitterionic polymers contain covalently linked cationic and anionic groups and can promote lithium-salt dissociation, restrict anion migration, and regulate interfacial ion distribution through strong dipolar and coordination interactions. This presentation first introduces the molecular structures and synthetic strategies of zwitterionic polymers and discusses their structure–ion transport relationships. Zwitterion-based solid, gel, and composite polymer electrolytes for lithium metal batteries are then systematically reviewed. A zwitterionic–single-ion conducting nanofiber composite electrolyte is subsequently presented, in which the continuous nanofibrous framework and immobilized anionic groups improve selective Li ⁺ transport and membrane stability. Finally, coordination-driven zwitterionic core–shell polymers are discussed as functional nanostructured transport units. Controlled polymerization, self-assembly, and selective crosslinking are employed to construct continuous and low-tortuosity ion-conduction pathways. By integrating molecular coordination, nanostructural engineering, and interfacial regulation, this presentation highlights the development of zwitterionic polymer electrolytes from lithium-salt dissociation toward directional Li ⁺ transport. Keywords: zwitterionic polymers, lithium metal batteries, solid polymer electrolytes, single-ion conductors, directional ion transport"
1031,KES6-0933,,"The emergence of Triboelectric Medicine marks a paradigm shift in how we harness mechanical energy within the human body to drive bioelectronic functions for therapeutic purposes. This presentation will introduce a new class of ultrasound-driven triboelectric nanogenerators (US-TENGs) and their applications as self-sustained power sources and therapeutic actuators for implantable and wearable medical systems. Building upon the foundation of ultrasound-activated triboelectricity, our team demonstrated bioresorbable and electrode-free nerve block systems capable of drug-free, reversible pain control in rodent and porcine models. These devices, composed entirely of triboelectric polymers, generate alternating electric fields upon acoustic stimulation to modulate neural activity without rigid electronics or secondary surgeries. This bioresorbable triboelectric nerve cuff represents the first clinical translation of triboelectricity into an electronic medicine. Beyond pain control, the triboelectric paradigm extends to wound healing, antibacterial therapy, tissue regeneration, and neurostimulation, where self-powered systems convert biomechanical or acoustic energy into localized bioelectrical cues. The concept of “Triboelectric Medicine” therefore integrates energy harvesting, bioelectronics, and regenerative therapy into a unified field, paving the way toward battery-free, wireless, and biodegradable therapeutic systems. This plenary lecture will provide a vision for the future of biomedical engineering where mechanical energy becomes medicine, enabling sustainable and personalized healthcare through triboelectric principles."
523,INS6-0439,,"Triboelectric nanogenerators (TENGs) are pivotal for energy harvesting, converting ambient mechanical energy into electrical power with high efficiency and low cost. Recently, ionic conductor-based TENGs have attracted significant attention for flexible and wearable electronics due to their superior stretchability and optical transparency. However, a fundamental understanding of their internal working principles remains insufficient. This work systematically investigates the underlying physics and electrochemical dynamics of ionic TENG systems to address this gap. We present findings on the precise charge-transport and interfacial polarization mechanisms governing these devices. Furthermore, while the developed ionic systems primarily exhibit conventional alternating current (AC) outputs, we introduce viable implementation strategies and performance results for direct current (DC) generation. This study provides crucial mechanistic insights essential for designing high-efficiency, self-powered electronics."
199,INS6-0118,"Jihyun Kim (Chungnam National University), Hyeonsu Choi (Chungnam National University), Kanghyun Jo (Chungnam National University)","Active conductive polymers represent a compelling class of materials for thermoelectric applications due to their exceptional solution processability and mechanical flexibility. However, their practical integration into wearable electronics is severely bottlenecked by recurrent mechanical degradation, which compromises long-term power conversion efficiency. To address this challenge, incorporating autonomous self-healing mechanisms into the polymer architecture is essential for ensuring operational durability and sustainability. Herein, we report the synthesis of mixed ionic-electronic thermoelectric materials engineered via a strategic metal based hydroxo complexation approach. The composite network was fabricated by establishing dynamic hydroxo coordination complexes within a synergistic matrix comprising an electronically conductive polymer and a highly hydrophilic ionic polymer. The highly hydrated microenvironment, regulated by the reversible ligand exchange of the hydroxo complexes, alongside the intrinsic ionic pathways within the resulting composite matrix, facilitated significantly accelerated, reversible bond dynamics. Consequently, this crosslinked network enabled robust macroscale self-recovery under ambient conditions without external stimuli. This work highlights the potential of strategic hydroxo complexation as a design rule for fabricating resilient, high-performance energy-harvesting materials tailored for next-generation wearable applications."
320,INS6-0237,,"Highly doped conjugated polymers are promising thermoelectric (TE) materials because they combine solution processability, mechanical flexibility, and intrinsically low thermal conductivity. However, their TE figure-of-merit, ZT, is often limited by the trade-off between electrical conductivity and the Seebeck coefficient. While increasing the doping level enhances carrier concentration and conductivity, it generally lowers the Seebeck coefficient, restricting further improvement in the power factor. This presentation discusses strategies to enhance ZT in highly doped conjugated polymers by controlling doping-induced electronic states and polymer microstructure. Corresponding charge transport physics are also introduced, comparing various existing models, as well as proposed band-filling single-Gaussian (BFSG) model. By connecting molecular design, doping chemistry, and charge-transport physics, this talk aims to introduce design strategies for overcoming the conventional Seebeck-conductivity trade-off and developing high-ZT polymer TEs."
302,INS6-0219,,"To solve worldwide energy and environment issues as well as to provide distributed and sustainable power sources for the future of the Internet of Things (IoT), triboelectric nanogenerators (TENGs) that can covert mechanical energy into electricity based on contact electrification (CE) and electrostatic induction is one of the most promising technologies. However, the fundamental mechanism of CE and the TENGs’ functionalization need to be studied for insight into better theoretical understanding and real applications. In this talk, I will share recent investigations for the mechanism of CE involving ion transfer and electron transfer in the fluorinated ethylene propylene (FEP)/ single-ion conducting material (SICM) pairs and the results show that higher humidity leads to more free ions and higher contribution of ion transfer in the total transferred charges. Furthermore, we developed a novel smart skin using SICM as the triboelectric layer that can sense static pressure and dynamic vibration by triboelectric effect and sense environmental humidity by hygroelectric effect. We also used machine learning to interpret signals from the smart skin and achieve high-sensitivity across different tactile modalities. Our research not only provides new insights into the mechanism of CE that involves ion transfer but also introduces a unique category of triboelectric materials that are single-ion conducting and demonstrates their unique potential applications in self-powered sensors for robotics, prosthetics, healthcare, and intelligent industry."
337,INS6-0254,"Dong Woog Lee (Ulsan National Institute of Science and Technology), Yunseok Kang (Ulsan National Institute of Science and Technology), Seunghyun Lee (Ulsan National Institute of Science and Technology)","Water electrolysis powered by renewable electricity is a key technology for green hydrogen production, but its actual efficiency, stability, and safety are often limited by gas-management issues at dynamic gas–liquid–solid interfaces. Gas bubbles generated during electrolysis can block catalytic active sites, increase ohmic and mass-transport overpotentials, induce mechanical degradation of catalysts, and promote gas crossover through porous separators. In this talk, I will present our recent efforts to address these challenges through polymer-based wettability engineering. Porous hydrophilic hydrogel overlayers are introduced as a universal strategy to impart superaerophobicity to diverse electrodes by physically separating catalytic active sites from bubble-adhesion sites. Bio-derived and synthetic polymer hydrogels promote rapid bubble detachment and enhance hydrogen evolution under both acidic and alkaline conditions, and this concept is further expanded into gel-like aerophobic surface systems for scalable fabrication of bubble-repellent electrodes for various gas-evolving reactions. I will also discuss the extension of wettability engineering from electrode surfaces to electrolyzer components. Anisotropically wettable porous transport layers, prepared by partial hydrophobic modification of metal foams, provide directional pathways for electrolyte supply and gas removal, thereby reducing mass-transport losses in anion-exchange membrane water electrolyzers. In addition, superaerophobic hydrogel-modified diaphragms suppress gas crossover in alkaline water electrolyzers by accelerating bubble release and preventing gas penetration. These studies demonstrate that polymer-based control of interfacial wettability can serve as an effective materials-design strategy for improving the efficiency, stability, and safety of water electrolyzers for green hydrogen production."
454,INS6-0370,,"L ithium-metal batteries (LMBs) are garnering attention as a next-generation battery technology that can surpass conventional Li-ion batteries in terms of energy density, but suffers from the safety issue and unstable cycling. Herein, we report a class of elastomeric electrolytes with a three-dimensional interconnected plastic crystal phase. The elastomeric electrolytes show a combination of mechanical robustness, high ionic conductivity, low interfacial resistance and high lithium-ion transference number. Moreover, the elastomer electrolytes enable stable operation of the full cells under constrained conditions delivering a high specific energy. Next, I will present the structure-property-electrochemical performance relationship of the elastomeric electrolytes in the LMBs. In the last part, I will introduce our recent work on polymer protective layers for enhancing the cyclability of lithium metal batteries."
802,INS6-0713,,"Polymer-based thermal energy harvesting technologies offer promising routes to convert low-grade heat into electricity using flexible platforms. Organic thermoelectric (TE) generators, quasi-solid-state thermogalvanic cells, and ionic TE devices are particularly attractive because polymeric materials combine low thermal conductivity with mechanical softness and solution processability. However, their output performance remains insufficient for practical power generation, necessitating advances in molecular design, charge/ion transport, interfacial reaction kinetics, and device-level integration. This presentation focuses on our recent progress in polymer and hybrid materials for flexible thermal energy harvesting. The first part centers on organic TE materials based on molecularly doped conjugated polymers. We introduce dopant design based on Lewis acid–base chemistry, in which Lewis acids coordinate with cyano-functionalized molecules to form highly electron-withdrawing Lewis-paired dopants for efficient and stable p-doping. The roles of dopant structure, solvent polarity, polymer–dopant interactions, and latent doping chemistry are examined in relation to charge transfer, electrical conductivity, and TE performance. A vacuum-filtration strategy using doped polymer suspensions is also described as a rapid and scalable route to thick, uniformly doped TE legs and compact organic TE generators. The second part covers quasi-solid-state thermogalvanic cells based on redox-active gel electrolytes and flexible hybrid electrodes. Metallized textile electrodes and engineered gel electrolytes are combined to enhance redox kinetics, ion diffusion, and power density. Finally, novel ionic TE systems are introduced, highlighting how polymer–ion interactions and soft ion-conducting networks can be engineered to generate large thermovoltages from small temperature gradients."
1737,INS6-1596,,"Emerging technologies such as wearable electronics and soft robotics require thermoelectric materials that can be digitally fabricated into application-specific geometries while maintaining mechanical compliance. However, most existing thermoelectric inks rely on high-temperature sintering or rigid inorganic binders, limiting manufacturing versatility and flexibility. Here, we present a printable thermoelectric ink composed of microscale bismuth telluride particles dispersed within a viscoelastic styrene-isoprene-styrene polymer matrix, enabling direct ink writing of soft thermoelectric architectures under ambient, room temperature conditions. The ink combines tunable viscoelasticity with electrostatically driven particle and polymer interactions to form stable conductive pathways while preserving printing fidelity without post-sintering. The printed structures retain thermoelectric performance under mechanical deformation and exhibit solvent-assisted self-healing and biocompatibility. By integrating rheological tunability, mechanical flexibility, thermoelectric energy conversion, and thermal sensing capabilities, the printable ink provides a versatile platform for low temperature, programmable manufacturing of soft thermoelectric devices, offering new opportunities for self powered electronic skins, adaptive robotic systems, and biointegrated electronics."
1803,INS6-1630,,"Polybenzimidazoles (PBIs) are a class of heteroaromatic polymers with high thermal and chemical stability, strong intermolecular hydrogen bonding, and versatile interactions with acids and bases. These characteristics make PBI a promising platform for membranes used throughout the hydrogen value chain. This presentation discusses two representative membrane applications for energy-efficient hydrogen production, and gas separation. First, para -PBI was applied as an ion-solvating and hydrogen-barrier layer in a thin-film-assembled membrane for anion exchange membrane water electrolysis. The rigid, hydrogen-bonded PBI chains suppressed hydrogen crossover, while KOH uptake enabled hydroxide-ion transport. A multilayer membrane composed of p -PBI, Zirfon, and an anion-exchange polymer achieved 3.93 A cm⁻² at 2.0 V in 30 wt% KOH at 90 °C, reduced hydrogen permeance from 2.5 to 0.23 GPU relative to Zirfon, and demonstrated stable operation for more than 1,670 h at high current densities. Second, PBI-derived carbon molecular sieve hollow fiber membranes were developed for elevated-temperature H₂/CO₂ separation. Precursor crosslinking and controlled pyrolysis preserved an asymmetric hollow-fiber structure consisting of an ultrathin selective layer and a porous support. The optimized membrane, pyrolyzed at 700 °C, exhibited an H₂ permeance of 100 GPU and an ideal H₂/CO₂ selectivity of 80, while maintaining stable separation performance for approximately 850 h under humidified simulated syngas conditions. These results demonstrate that PBI can be engineered as either a molecular-sieving separation medium or an ion-conducting gas-barrier membrane, providing a versatile polymer platform for sustainable hydrogen technologies."
1773,KES7-1601,,Bio-based polymers are a class of polymers which were derived from renewable resources. Great attention has been paid from both academic and industrial society since they are sustainable and renewable materials. Biocomposites are composed of plant fillers and polymer resins. Here we report a new kind of biocomposites called herb plastics composites (HPC). HPC is composed of herbaceous fibers and polymer resins. It is very different from wood plastic composites (WPC). HPC has fiber-like structures. The mechanical properties of HPC are much higher than WPC. This talk will review our recent research progress on HPC. It includes the manufacture and applications.
1046,KES7-0948,,"Carbon fiber reinforced plastics (CFRPs) are utilized in aerospace, transportation, renewable energy, and other advanced applications owing to their exceptional specific strength and stiffness. However, the widespread adoption of carbon fiber remains limited by its high manufacturing cost, which is largely associated with the energy-intensive stabilization process required for conventional polyacrylonitrile (PAN)-based precursor fibers. To address this challenge, extensive efforts have been devoted worldwide to developing alternative precursor materials. Nevertheless, many of these approaches face significant obstacles in scalability, processability, and the ability to produce carbon fibers with competitive mechanical properties. In Japan, an alternative strategy has emerged that focuses on the development of novel precursor polymeric fibers capable of fundamentally transforming the carbon fiber manufacturing process itself. This presentation introduces recent advances in precursor polymer design aimed at enabling new carbon fiber manufacturing routes with significantly reduced energy consumption. Particular attention will be given to rigid and linear aromatic polymer systems that exhibit unique thermal conversion behavior, potentially eliminating or substantially shortening the conventional stabilization process. The relationship between molecular structure, fiber formation, thermal conversion mechanisms, and resulting carbon fiber properties will be discussed. Furthermore, recent progress achieved through national collaborative programs involving universities, industrial partners, and research institutes will be presented. These efforts are establishing a new paradigm for carbon fiber manufacturing that combines material innovation with process innovation. The proposed approach offers a promising pathway toward sustainable and economically viable carbon fiber production while maintaining the high performance required for future structural applications."
1434,KES7-1302,Minghao Li (Kyushu University),"Nanoporous materials and their composites are widely used in various application fields of separation, catalysis, and energy storage due to their high specific surface area, adjustable pore size, and unique pore network structure. As the performances of porous materials are highly dependent on the pore structure, an evaluation of the pore structure of nanoporous materials is indispensable for maximizing their performance in practical applications. However, to calculate the pore size and the distribution from data measured by traditional gas adsorption methods requires an assumption of pore shape, whilst limited methods are available for pore shape evaluation. In this talk, we’d like to introduce that xenon isotope nuclear magnetic resonance ( 129 Xe−NMR) spectroscopy can estimate the pore size of porous materials without the pore shape assumption [1]. Furthermore, we also report our recent finding that adsorption-controlled 129 Xe-NMR spectroscopy serves not only as a practical method for pore size analysis but also as a versatile technique for analyzing pore shapes and connectivity across a variety of nanoporous materials [2]. 129 Xe−NMR spectroscopy has been widely applied to evaluate the pore size of various nanoporous materials such as zeolites, silica-based materials, clathrates, and polymers. However, few studies have explored the validity of 129 Xe−NMR spectroscopy for nanoporous carbons. Therefore, we first verified the applicability of the 129 Xe−NMR spectroscopy for pore size determination in nanoporous carbon materials by using microporous activated carbons (ACs) with relatively uniform pore size distribution. The results revealed that the 129 Xe-NMR chemical shift, δ (Xe), of adsorbed Xe molecules depends on the amount of adsorbed Xe ( A Xe ) and the adsorbent itself, but is independent of the Xe adsorption temperature ( T Xe ) and pressure ( P Xe ). Furthermore, at least within the T Xe and P Xe ranges measured in this study, it was confirmed that the adsorption of Xe molecules on ACs occurs through surface covering rather than pore filling. Additionally, a plot of the surface density of adsorbed Xe molecules ( ρ Xe ) versus δ (Xe) revealed a linear correlation between the two, except in the low- and high- ρ Xe regions: Downward deviations from this linear relationship were attributed to the influence of paramagnetism in ACs and a change in the adsorption form in the low- and high- ρ Xe regions, respectively. Meanwhile, the intercepts of straight lines extrapolated in the middle- ρ Xe region of the ρ Xe − δ (Xe) plots were linearly correlated with the isosteric heat of adsorption of Xe ( Q st ), indicating that these extrapolated values genuinely reflected the interaction between AC pore surfaces and adsorbed Xe molecules ( δ S ). Moreover, the δ S values showed a single correlation curve with an average pore size factor− the ratio of the total pore volume and internal specific surface area ( V / SSA ) – for ACs , regardless of the number of oxygen-containing surface functional groups. Note that both V and SSA were estimated from nitrogen adsorption isotherms at 77 K without assuming any specific pore shape. From the correlation curve for δ S versus V / SSA , an approximation formula was obtained: The universality of the proposed empirical equation was confirmed by the results for commercial ACs prepared from different raw materials. These findings confirm that the adsorption-controlled 129 Xe-NMR method is suitable for estimating the interaction between ACs and adsorbed Xe molecules, and that 129 Xe-NMR is a useful technique tool for estimating AC pore sizes without assuming the pore shape [1]. Based on this verification, we next investigated the potential of this 129 Xe−NMR technique for analyzing pore shape in nanoporous materials using various carbon- and silica-based nanoporous materials with pores of different shapes ranging in size from micropores to mesopores. The results revealed that by using the inverse pore size factor ( SSA / V ), nanoporous materials with cylindrical pores exhibit δ S − SSA / V plots clearly distinct from those of materials with slit-type pores, regardless of the elemental composition. At the same pore size, δ S values were higher for cylindrical pores than for slit-shaped pores, consistent with the stronger solid−fluid interaction for the former estimated by integrated Lennard−Jones calculations. Moreover, in δ S − V / SSA plots, four distinct correlations were obtained, presumably depending on the pore connectivity. These results demonstrate the potential of adsorption-controlled 129 Xe−NMR for analyzing the pore shape and connectivity as well as the pore size in various nanoporous materials [2]. In summary, these studies verified that the adsorption-controlled 129 Xe-NMR spectroscopy is a useful method for analyzing the pore structure of nanoporous materials. References [1]  M. Li, et al. , “Reevaluation of the suitability of 129 Xe nuclear magnetic resonance spectroscopy for pore size determination in porous carbon materials,” J. Am. Chem. Soc. , 146(50) , 34401−34412 (2024). [2]  M. Li, et al. , “A new pore shape analysis method based on the adsorption-controlled 129 Xe−NMR technique,” J. Am. Chem. Soc. , 148(4) , 3933−3937 (2026)."
264,ORS7-0181,,"Supramolecular polymer-mediated exfoliation provides a versatile strategy to construct stable and tunable two-dimensional nanosheets with controlled morphology and enhanced functional properties. The resulting nanosheets exhibit broad applicability across multiple domains, including biomedical engineering (e.g., drug delivery and therapeutic platforms), hydrogen production (via efficient electrocatalysis), and high-performance membrane separation (for water purification and molecular sieving). This approach not only ensures long-term dispersion stability of nanosheets in aqueous environments but also enables structural adaptability, thereby offering a promising pathway toward next-generation multifunctional composites."
1778,INS7-1606,,"Translating molecular chirality into organized structures and functional properties across multiple length scales remains a central challenge in soft and hybrid materials. Although helical polymers can exhibit distinctive optical, structural, and mechanical behavior, conventional approaches typically separate polymer synthesis from composite assembly, limiting control over how chirality is expressed beyond the molecular scale. In this talk, I will describe a strategy in which chiral nanoparticle surfaces serve simultaneously as catalytic interfaces for polymer synthesis and as organizing elements for hierarchical composite formation. A central finding is that the symmetry of the nanoparticle population governs distinct pathways of structural emergence. Homochiral nanoparticle systems promote directionally biased, twisted architectures, whereas racemic systems form more globally balanced and structurally coherent assemblies. These differences reveal how local chiral interactions and collective symmetry can compete or cooperate to determine organization at larger length scales. The resulting nanoparticle composites also exhibit enhanced mechanical properties relative to physically mixed composites, reflecting improved nanoparticle dispersion and strong interfacial coupling. More broadly, this work shows that catalytic nanoparticle interfaces can encode structural information during polymer growth, establishing interfacial chirality and symmetry as design variables for directing hierarchical organization and emergent properties in polymer nanocomposites."
1648,INS7-1511,,"The continued scaling of AI semiconductor systems is creating new challenges in advanced packaging, including finer interconnect dimensions, increased thermomechanical stress, and higher heat generation. In particular, the increasing complexity of high-bandwidth memory (HBM) and heterogeneous System-in-Package (SiP) architectures requires packaging materials whose molecular structures, interfacial properties, and thermal transport characteristics can be precisely controlled. This seminar will discuss advanced semiconductor packaging from a polymer chemistry perspective, with particular emphasis on the molecular and interfacial design of polymer-based packaging materials. First, submicron-pitch hybrid bonding will be introduced through the surface modification of inorganic bonding interfaces using silane coupling chemistry and electroless metal deposition. Second, the incorporation of rubbery segments into epoxy resins will be discussed as a molecular design strategy for controlling the toughness, stress relaxation, and warpage behavior of next-generation underfill materials. Finally, epoxy bead structures and superparamagnetic fillers will be presented as approaches to controlling filler organization and constructing thermally conductive pathways in polymer composites. These studies demonstrate how polymer molecular design, interfacial chemistry, and composite structuring can be integrated to address the interconnection, mechanical reliability, and thermal management challenges of next-generation HBM and SiP packaging."
326,INS7-0243,,"Lithium metal batteries (LMBs) are promising next-generation energy storage systems because of the high theoretical capacity and low redox potential of lithium metal. However, their practical use remains limited by uncontrolled Li deposition, unstable solid electrolyte interphase (SEI) formation, and continuous interfacial side reactions during repeated Li plating and stripping. In this presentation, graphene oxide (GO)-based nanocomposite thin films are introduced as functional anode coatings for LMBs, fabricated by Layer-by-Layer (LbL) self-assembly method for constructing highly structured GO composite interfaces. GO is an attractive building block for anode coating because its two-dimensional geometry with oxygen-containing functional groups that can promote ion transport and formation of stable solid electrolyte interphase (SEI) layer in LMBs. Through controlled LbL assembly, GO nanosheets can be organized into ultrathin films with tunable thickness, composition, surface chemistry, and internal nanostructure. The sequential adsorption process forms well-defined composite architectures through versatile intermolecular interactions, providing a practical route to translate nanoscale organization into thin-film form. When applied to Li-metal anodes, these self-assembled GO nanocomposite coatings can regulate Li-ion flux and suppress localized current concentration, resulting in uniform Li deposition and enhanced interfacial stability during battery operation. This presentation highlights how interface-driven self-assembly of GO-based nanocomposite thin films enables highly ordered functional thin films and how this methodology can be extended to anode interface engineering for safer and more durable LMBs."
1693,ORS7-1554,"Yu Rim Kang (Konkuk University), Dong Uk Woo (Korea Institute of Materials Science), Han-Hee Lee (Korea Testing Laboratory), Haelyong Kim (Korea Automotive Technology Institute), Jaehoo Kim (Korea Institute of Science and Technology), Hongje Jang (Korea Testing Laboratory), Dongjae Lee (Hankuk University of Foreign Studies), Jaewoo Kim (Korea Institute of Science and Technology), Taekyeong Kim (Hankuk University of Foreign Studies), Taehoon Kim (Korea Institute of Materials Science), Sung Woo Hong (Korea Institute of Industrial Technology), Bong-Gi Kim (Konkuk University)","Flexible electromagnetic interference (EMI) shielding materials increasingly require a combination of high electrical conductivity, mechanical durability, and effective wave attenuation. Here, we report hierarchical engineering of single-walled carbon nanotube (SWCNT)/conjugated polymer (CP) composites through molecular doping, covalent crosslinking, and impedance modulation. CP wrapping enabled uniform SWCNT networks and robust free-standing films with a Young’s modulus above 13 GPa and tensile strength above 96 MPa. Comparison of F4TCNQ and AuCl₃ showed that dopant-dependent charge generation governed conductivity, dielectric loss, and shielding behavior. The optimized 50 wt% SWCNT composite exhibited an electrical conductivity above 5000 S·cm ⁻ ¹, EMI shielding effectiveness (SE) above 75 dB in the X-band, and stable performance after 300,000 folding cycles at a 3 mm bending radius. Sequential azide-based crosslinking followed by AuCl₃ doping reinforced SWCNT/CP hybrid-fiber junctions, improved load transfer, and reduced junction resistance, increasing Young’s modulus and tensile strength by 37.6% and 40.8%, respectively. The crosslinked composite maintained shielding performance after 50,000 folding cycles under severe bending with a radius of 1 mm. To achieve absorption-dominant shielding, a magnetic carbonyl iron particle/polyurethane layer was combined with an AuCl₃-doped SWCNT/PBTTT layer. The magnetic layer modulated the input impedance, reducing reflectance and increasing absorptance while retaining the high SE of the SWCNT layer. The bilayer coating suppressed radiated emissions from an electric-vehicle on-board charger, with performance comparable to aluminum housing. Overall, this work establishes a hierarchical design framework that integrates charge transport control, network reinforcement, and impedance modulation to achieve highly conductive, mechanically robust, and absorption-dominant flexible EMI shielding materials."
1858,INS7-1662,"Jaehoo Kim (KIST), Jiwon Kwon (KIST), Deok Jae Lim (KIST)","Injection-molded carbon fiber–reinforced thermoplastics (CFRTPs) offer high strength and scalable manufacturing but often exhibit limited electrical conductivity and EMI shielding. Here, we demonstrate a simple post-annealing strategy that simultaneously improves mechanical and EMI shielding performance in injection-molded CFRTPs. Optimal annealing at 200 °C increases tensile and impact strengths by 22% and 28%, respectively, while enhancing W-band shielding effectiveness by 99% relative to as-molded specimens. Mechanical improvements originate from strengthened fiber–matrix interactions, increased crystallinity, densification, and residual-stress relaxation. Meanwhile, annealing reduces the highly aligned fiber orientation generated during molding, promoting three-dimensional conductive networks and CF–matrix–CF micro-capacitor structures. These structural changes increase dielectric loss, reduce skin depth, and improve reflection and absorption of electromagnetic waves. Frequency-resolved shielding analysis and power-coefficient decomposition, supported by Ansys HFSS simulations, further reveal a pronounced annealing–frequency synergy at millimeter-wave frequencies. These findings establish clear annealing–structure–property relationships and provide a practical route toward multifunctional CFRTPs for next-generation electronics and mobility systems."
1197,INS7-1086,,"Gallium-based liquid metals such as eutectic Ga–In (EGaIn) combine metallic thermal/electrical conductivity with room-temperature fluidity and low vapor pressure, making them attractive for soft electronics and thermal interface materials. However, their native gallium oxide skin creates complex wetting behavior, large contact-angle hysteresis, and leakage/pump-out issues that limit practical use. This presentation discusses an interface-centered framework for understanding and engineering liquid metals. We first revisit the distinction between surface energy and surface stress in oxide-coated liquid metals and propose a modified Young’s equation that accounts for both the oxide surface energy and the strain-dependent mechanical tension of the skin. This model rationalizes the large but substrate-sensitive advancing contact angles of liquid metals, the role of adhesion work at the three-phase contact line, and the collapse of oxide “sacs” during receding. Building on this mechanistic understanding, we then present strategies for advanced thermal interface materials based on liquid-metal composites. Interface-control additives and plasma-assisted mechanochemistry are used to reduce interfacial energy between liquid metals and ceramic fillers such as Al₂O₃ and AlN, enabling spontaneous composite formation, improved wetting/adhesion, reduced internal thermal resistance, and leakage-free paste-like behavior. The resulting composites achieve high thermal conductivities of approximately 30 W m⁻¹ K⁻¹ for liquid metal/Al₂O₃ systems and up to ~110 W m⁻¹ K⁻¹ for plasma-assisted AlN composites, while maintaining conformal contact and mechanical stability. These results highlight liquid-metal interface tailoring as a route to bridge fundamental surface mechanics and scalable thermal management for high-power electronics."
211,KES7-0130,"Sang-Hyon Chu (NASA Langley Research Center), Catharine Fay (NASA Langley Research Center)","Extreme aerospace environments present harsh challenges, including aerodynamic heating, corrosive and caustic damage, extreme thermal conditions and cycling, abrasive lunar dust, impacts from micrometeoroids and space debris, space radiation, extreme vacuum, microgravity, and thrust plume ejecta. These conditions, along with their synergistically adverse effects, make the advancement in aerospace vehicle technology and space exploration extremely challenging. Exceedingly robust and advanced materials and structures are needed to protect crew and equipment, extending the aeronautical performance and space missions longer and safer with minimal service and repair needs. Recent progress at NASA on advanced multifunctional structural materials will be highlighted, including boron nitride nanotube (BNNT) and BNNT composites, bio-based sustainable aircraft composites, covalent adaptable networks (CAN) reversible composites, radiation shielding materials, and solar sail materials."
125,INS7-0044,,"One of the recently developed polymers with high porosity and crystallinity, called porous crystalline polymers, includes covalent organic frameworks (COFs). COFs with ionic functional groups can rapidly, selectively, and reliably transport ions, e.g. , Li + , Na + , Zn 2+ , or Ca 2+ . These ionic COFs (iCOFs) are incorporated in energy devices for enhanced transport and safety, outperforming known electrolytes and enabling the next-generation batteries. A key feature of the iCOFs is that they are solid-state single-ion conductors. We developed new iCOFs, including those bearing hypervalent nodes, redox-active moieties, three-dimensional network topologies, etc. We have demonstrated that iCOF-based batteries offer significantly improved safety while showing better performance than the liquid electrolytes. The iCOFs we have developed showed the highest Li + conductivity of 9.8 mS cm –1 at r.t. and a transference number of 0.92 ( J. Am. Chem. Soc. 2023). We demonstrated that iCOF/polymer composite can be an excellent all-solid-state electrolyte for lithium metal batteries (LMBs), meeting industry standards ( Adv. Energy Mater. 2024). We also demonstrated that multicomponent reactions can yield iCOF-based quasi-solid-state electrolytes (QSSEs) for LMBs ( Angew. Chem. Int. Ed. 2024), and phosphonium COFs as QSSEs for zinc–air batteries ( Angew. Chem. Int. Ed. 2024). Current efforts include iCOF applications in anode-free alkali (Li/Na) metal batteries, high-valent ion batteries, e.g. , Ca-ion batteries, lithium–sulfur batteries, etc. Overall, iCOF’s advantageous properties enable the development of next-generation batteries ( Adv. Mater. 2021; Adv. Mater. 2024)."
1841,INS7-1645,,"Biomimetic flexible sensors with skin-like softness and high sensitivity have received significant attention for applications in human–machine interfaces, robotic skins, and wearable healthcare systems. Despite the development of various soft sensors leveraging advanced materials and diverse sensing mechanisms, challenges remain in achieving multifunctionality, environmental robustness, and seamless integration with the human body. To overcome these limitations, we take inspiration from biological systems, which possess highly evolved micro/nanostructures that enable exceptional sensory functions through continuous adaptation to external stimuli. Here, we present a set of biomimetic structural design strategies for micro/nanostructured polymer composites that serve as high-performance soft sensors for wearable electronics and human–machine interfaces. First, inspired by the hierarchical structure of human fingertips, we develop multifunctional electronic skins capable of distinguishing a wide range of mechanical cues—normal pressure, shear, stretching, bending—as well as static/dynamic forces and temperature with high sensitivity. Second, drawing inspiration from the frequency-selective response of the cochlea, we design triboelectric sensors with hierarchical ferroelectric composites that enable frequency-tunable acoustic and haptic sensing for dual-mode HMIs. Third, inspired by stimuli-responsive color-changing structures in nature, we realize colorimetric tactile sensors that quantitatively monitor external forces through visually discernible chromatic transitions. Finally, mimicking the structure and function of biological synapses, we develop a fully biodegradable artificial synapse that operates at sub-millivolt levels, exhibits key synaptic behaviors, and supports a bioinspired reflexive system capable of adaptive, stimulus-dependent learning and reflex-like responses."
456,ORS7-0372,"Kayla Ainsworth (Texas A&M University), Emile Motta De Castro (Texas A&M University)","We present a simple reactive-processing strategy based on elemental sulfur to engineer crystallization and simultaneously improve strength and fracture toughness in carbon fiber-reinforced polyether ether ketone (CF/PEEK) composites, overcoming the conventional trade-off between these properties. We investigate the effects of sulfur on crystalline architecture, mechanical performance, and interlaminar fracture behavior in CF/PEEK laminates. In addition, we use graphene nanoplatelets (GNPs) to showcase the advantage of elemental sulfur over using conventional nanomaterials for enhancing properties. Sulfur and CNC-stabilized GNPs were introduced through a scalable spray-coating process onto the prepregs, followed by vacuum-assisted compression molding. Sulfur initiated controlled chain scission and crosslinking reactions within PEEK, reducing melt viscosity by nearly an order of magnitude and improving processability. At low sulfur concentrations, enhanced chain mobility promoted crystallization, increasing the degree of crystallinity from ~45% to >54% in CF/PEEK laminates. When combined with CNC:GNP hybrid fillers, crystallinity slightly increased due to the synergistic effects of sulfur-enabled chain mobility and GNP-induced heterogeneous nucleation. Structural analysis revealed significant changes in lamellar organization and crystal stacking, demonstrating sulfur-driven modification of the crystalline architecture. These microstructural changes translated into improved composite performance. Trace sulfur additions increased flexural strength from ~780 MPa to nearly 900 MPa while maintaining interlaminar shear properties. Further, the addition of sulfur improved the mode I and Mode fracture toughness by 80%.This work establishes a scalable framework linking sulfur-driven crystallization control to improved mechanical and fracture performance in high-temperature thermoplastic composites."
1235,ORS7-1124,,"Shape memory polymer composites (SMPCs) often have limitations in high-performance advanced composite applications due to their inherently poor mechanical performance during shape transformation. In this study, SMPCs exhibit significantly superior mechanical properties when mineral-based non-crimp basalt fibre (BF) is incorporated into shape memory epoxy (SMEP) thermoset and shape memory Elium (SMEL) thermoplastic matrices. The resulting SMPCs demonstrate outstanding performance, with a stable storage modulus at room temperature up to the glass transition temperature (T g ) of 106 °C for the SMEL composite and 71 °C for the SMEP composite. The SMEL composite also shows superior mechanical properties compared with the SMEP composite, attributed to the high adhesion strength between the Elium matrix and the basalt fibres, which provide tensile and flexural strengths exceeding 1100 MPa. The shape-memory testing temperature of the dynamic mechanical thermal analysis (DMTA) machine using the single cantilever beam apparatus was set close to the T g of both composites, with a 10 °C increment. The strain rate of SMEL composites was 1.56% at a T g of 106 °C and increased significantly at testing temperatures of 115 °C and 125 °C. On the other hand, the strain rate of SMEP composites was 0.57% at a T g of 71 °C and increased slightly at testing temperatures of 80 °C and 90 °C. The SMEL composite shows strong promise as a smart structural material capable of autonomous shape adaptation in response to environmental changes, particularly in applications such as wind and tidal blades, marine structures, aerofoils, and energy harvesting systems."
1464,ORS7-1332,,"Introduction Facade systems account for a significant share of the embodied carbon in building envelopes, driven largely by petroleum-derived polymer matrices and energy-intensive bulk moulding compounds (BCMs). On the polymer side, facade composite matrices are broadly divided into thermosets and thermoplastics. Thermoplastics (e.g., PE, PP, PVC) dominate wood-plastic composite cladding for their recyclability and extrusion compatibility, while thermosets (e.g., polyester, epoxy, rubber, and furan resins) offer greater dimensional stability, rigidity, and thermal resistance at the cost of reprocessability. In the context of bio-based and durable composite materials, furan resins are particularly relevant because they can be derived from renewable resources and are known for their chemical resistance, thermal stability, and durability. Therefore, a novel furan resin is used as the thermoset matrix in the present work. Conventional BMCs use mineral fillers such as calcium carbonate and glass fiber because they are inexpensive, readily available, and effective in improving processability and dimensional stability. However, increasing interest in more sustainable composite materials has encouraged the investigation of renewable fillers derived from biomass such as biochar. While biochar has been explored as a sustainable fuel or soil amendment, its use in facade-grade composites for the building envelope remains limited, primarily due to poor interfacial compatibility with polymer matrices, which constrains mechanical performance, moisture resistance, and processability. This study addresses this knowledge gap by evaluating hydrothermal carbonization- and pyrolysis-derived chars as fillers in bio-based furan resin composites, benchmarking their performance against facade application requirements, with a primary focus on enhancing mechanical properties and weather resistance. In addition, the unique aspect of this study is that it was conducted in partnership with a Dutch company, ensuring that the outcomes of this work can be scaled up from prototype to commercial level. Materials and Methods Biochar was produced from almond shells via pyrolysis at 400-800 ° C, and hydrochars were produced at 260-280 ° C. The bio-composite production process comprised three successive stages: filler drying, dough preparation, and compression moulding. Prior to panel production, the filler material was dried in a laboratory oven at 105 ° C for two hours to minimize its moisture content and to ensure reproducible processing conditions. The composite dough was prepared in a blade mixer, where a furan bio-based resin was stirred under vacuum to remove residual moisture. Subsequently, the filler (25wt%-43wt% loading) was gradually added to the resin mixture. The prepared dough was processed into flat panels by means of compression moulding. Mechanical properties were assessed via three-point bending test and charpy impact testing. Thermal behavior was characterized via TGA/DSC. Morphology and filler matrix-interaction were examined via SEM-EDS, FTIR and BET. Wettability was measured using contact angle measurements of water. Results Biochars and hydrochars produced from almond shells have an average fixed carbon content of 85wt% and 48wt%, respectively. Compared with the raw almond shell, the hydrochar FTIR spectra indicate a mild transformation stage. The persistence of O–H, C=O, C–O, and C–O–C bands shows that HTC preserves oxygen-containing functional groups to a significant extent. On the other hand, the reduction of polar functional groups in the biochar's FTIR results suggests that pyrolysis produces a less hydrophilic and more carbonized filler compared with both the raw almond shell and the hydrochars. Based on preliminary findings, bio-based resin biocomposites reinforced with biochar at 400°C had an average modulus of 3.17 GPa and flexural strength of 46 MPa. Preliminary findings for bio-based resin biocomposites reinforced with hydrochar at 260°C show an average modulus of 2.18 GPa and flexural strength of 36 MPa. Conclusion Preliminary results establish biochar and hydrochar as viable, carbon-negative fillers for bio-based facade composites, achieving similar flexural strengths as reported in literature for bio-based bio-composites (43-50 MPa). The best reinforcement observed thus far was at 37wt% loading, demonstrating that these bio-based composites are not only a promising solution for the building environment but also for valorizing low-grade residues such as almond shells."
175,INS7-0094,,"Biological systems are exquisitely adapted to respond to their environments, with important functions regulated by diffusion, chemical reactions, and self-assembly. Translating these principles into synthetic materials that can coherently manage multiple complex properties is critical for advancing the versatility, resilience, and energy efficiency of modern materials. Inspired by these biological strategies, we design self-repairing, reprocessable materials that modulate their equilibrium states in response to external stimuli. In this talk, I will present tailorable nanoparticle-based bonds that act as multivalent crosslinks to drive the self-assembly (process) and self-repairing of polymer networks (property). These nanoparticle-based bonds enable NIR-activated self-assembly-driven microlithography (towards 3D printing) and provide precise control over material properties, including rapid self-repair at room temperature, glass transition temperatures exceeding 120 °C, a fast stress-relaxation rate, and modulus in the GPa range. Finally, I will discuss how these materials enable energy-efficient recycling through reversible assembly and disassembly processes."
185,INS7-0104,,"Stable nitroxide-functionalized nonconjugated polymers are introduced as a class of redox-active macromolecules uniquely positioned at the intersection of soft materials engineering and functional electronics. The absence of a conjugated backbone proves advantageous rather than limiting: it confers exceptional processability in common solvents and mechanical adaptability that conjugated analogs rarely achieve, thereby enabling direct film deposition onto compliant substrates through scalable solution-based routes. Central to device operation is the chemically reversible single-electron transition inherent to the nitroxide radical unit, which drives reproducible resistive switching under low applied bias while maintaining a substantial ON/OFF current ratio across repeated cycling. This switching characteristic satisfies key benchmarks for non-volatile data retention without the need for inorganic active layers. Beyond memory functionality, the polymer's tolerance of aqueous conditions and tissue-compatible mechanical properties position it as an active material candidate for electrochemical detection in biological microenvironments. Taken together, the findings reframe nonconjugated radical polymers not as structural compromises but as deliberately engineered platforms capable of addressing simultaneous demands in flexible memory and biointegrated sensing."
1807,INS7-1634,"Yeonsu Jung (Korea Institute of Materials Science), Kyunbae Lee (Korea Institute of Materials Science)","The aerospace mobility sector is a field in which the economic benefit of weight reduction is maximized, and the evolution of its structural materials has proceeded from metals through lightweight alloys to carbon-fiber-reinforced composites. With the anticipated expansion of the 6G and satellite communication markets, industrial demand for ultralight materials is expected to accelerate further. In this study, composites were fabricated using carbon nanotube (CNT) fibers, which offer a specific strength superior to that of conventional carbon fibers, and the property changes associated with the CNT film fabrication process, chemical post-treatment, and composite molding were examined. The CNT fiber-based films produced by our process exhibited substantially improved mechanical and electrical properties compared with nonwoven sheets fabricated by the conventional FCCVD route. This is attributed to the contraction of the fibers in the coagulation bath, which densifies the bundle structure and thereby improves the alignment of the nanocarbon. In addition, appropriate post-treatment and resin impregnation strengthened the interfacial bonding of the CNT films, so that the resulting composites achieved a higher mechanical strength than the films alone. This work secures the core process technologies required to realize high-performance CNT composites. Future work will incorporate maximized synthesis productivity and high-efficiency post-treatment technologies with the aim of developing next-generation ultralight composites having a density of 1.2 g/cm³ or less."
1127,INS7-1028,,"Phase transitions and the associated structures of spherical colloids are fundamental topics in materials research as they reveal how nature determines material structures. Over the last few decades, a library of topologically close-packed structures (TCPs) formed by deformable spherical colloids has been well documented and explained. However, surprisingly, the origin of the polymorphism of close-packed structures of equal spheres has remained elusive. In this talk, we discuss a new strategy that leverages the conformational entropy of polymer chains to control the polymorphism in close-packed block copolymer micelles. Among the polytypes of close-packed structures, face-centered cubic (FCC) is the most stable structure due to its advantage in lattice configurational entropy. Indeed, FCC is the dominant polytype observed in colloidal systems. However, other polytypes, such as hexagonal close-packed (HCP) and random stacking of 2D-HCP layers (RHCP), are also frequently observed, yet their thermodynamic origins remain unclear. Using model block copolymer micelles, we show that a systematic shift in the polytypes from FCC to HCP via RHCP is achieved by introducing long corona chains into the interstitial spaces of the colloidal crystals. We explain this shift through the competition between the conformational entropy of polymer chains in the interstitial spaces, which is maximized in HCP, and the lattice configurational entropy preferring FCC. The use of polymer conformational entropy offers a new strategy for controlling the self-assembly of colloids beyond tuning the classical interparticle interactions."
1039,INS7-0941,,"Layer-by-layer (LbL) assembly is a powerful route to multifunctional thin films, but every reported version depends on pre-dispersed CNT suspensions. Such wet processing cuts the tubes into short, damaged fragments and destroys the pristine framework. Here we report a fundamentally different LbL process that is uniquely enabled by our ability to continuously synthesize sub-100 nm CNT films by floating catalyst chemical vapor deposition (FCCVD). Because the CNT network is formed in-situ as a long, intact aerogel, no dispersion step is ever required. Each cycle directly transfers an as-grown CNT layer, loads a guest material, and redeposits a fresh CNT layer, building multilayer films with a programmable architecture. The pristine, long-tube scaffold is preserved throughout, so the films retain the intrinsic crystallinity and properties of the source nanotubes. The process is dimension and size agnostic, accepting 0D nanoparticles, 1D nanowires, and 2D nanosheets from 100 nm to 1 micrometer, which enables heterostructures and gradient stacking on a single platform. Being fully dry and continuous, it is directly compatible with roll-to-roll manufacturing. We demonstrate MXene/CNT, AgNW/CNT, and multilayer films with clean interfaces, reaching GPa-level tensile strength at sub-micrometer thickness with tunable EMI shielding and strong ambient stability. This work establishes as-grown film LbL as a scalable route to pristine, universally hybridizable CNT films."
496,INS7-0412,,"Cellulose nanocrystals (CNCs) self-organize into chiral nematic liquid crystalline architectures, providing a versatile bio-derived photonic template for engineering advanced composite materials with programmable optical functionality. By integrating diverse optically active components including semiconducting quantum nanorods, photochromic organic molecules, and magnetic nanoparticles into the CNC chiral host matrix through rational co-assembly strategies, we demonstrate composites with tunable circularly polarized light (CPL) emission, real-time handedness switching, and multi-stimuli-responsive actuation. Furthermore, field-directed assembly and shear-based printing approaches enable precise control over helical organization and orientational order across large areas, extending the design space beyond what is accessible through conventional evaporation-induced self-assembly. The resulting freestanding, flexible composite films exhibit large luminescence asymmetry factors and dynamic chiroptical responses triggered by mechanical, optical, chemical, and magnetic stimuli, offering a scalable platform for next-generation photonic applications including optical encryption, sensing, and soft actuators."
1471,ORS7-1339,"Sreelakshmy K (ISRO Inertial Systems Unit), Joji J Chaman (ISRO Inertial Systems Unit)","This study addresses interfacial energy dissipation in Hemispherical Resonator Gyroscopes (HRGs), where maintaining an ultra-high mechanical Quality Factor ( Q ) is essential for use in high-precision, deep-space satellites. It introduces an interfacial engineering strategy to reduce molecular-level damping in a DGEBA epoxy resin by adding high-surface-area fumed silica nanoparticles (30 nm) and optimizing network crosslinking with a structured amine curative. A dual-stage formulation strategy was developed to correlate nanostructure-matrix interactions and crosslink density with viscoelastic damping behavior. Fourier-Transform Infrared (FTIR) spectroscopy confirmed that a 5 wt% fumed silica loading facilitates optimal silanol-epoxy surface interactions and a uniform nanoscale dispersion without disrupting network propagation. Dynamic Mechanical Analysis (DMA) revealed that a precise 7.5 wt% hardener stoichiometry maximized crosslink density, thereby minimizing the loss tangent (tanδ <0.02) and reducing thermal modulus variation by 50% over the operating window. Exceeding this stoichiometric optimum resulted in plasticization, increasing segmental mobility and impairing modulus stability. Space-qualification outgassing assays following ASTM E-595 demonstrated excellent vacuum stability, with a Total Mass Loss (TML) of 0.49% and a Collected Volatile Condensable Material (CVCM) of 0.044%, both well below aerospace limits of 1.0% and 0.1%, respectively. The optimized nanocomposite formulation was used to bond a resonator shell to a pickoff adapter. Resonant ring-down evaluations under high vacuum using a Laser Doppler Vibrometer (LDV) confirmed that the gyroscope's high-Q characteristics were preserved post-curing. This study underscores how precise control over interfacial fillers and thermoset crosslinking kinetics can address macroscopic mechanical damping challenges in extreme aerospace environments using industrially scalable polymer systems."
1839,KES7-1643,,"High-performance polymer composites play a vital role in modern defense systems due to their exceptional strength-to-weight ratios and structural versatility. As modern military platforms evolve toward higher mobility, operational efficiency, and extended service life, the fundamental material requirements for defense applications have expanded significantly beyond basic weight reduction. ​This presentation provides a comprehensive overview of current technological trends and core material requirements in defense polymer composites. Key developments in matrix resin chemistry, reinforcement technology, and processing techniques are discussed with an emphasis on fulfilling primary performance demands, such as high structural integrity, damage tolerance, and thermal stability under severe operational conditions. Furthermore, the paradigm shift toward integrating secondary functional capabilities into primary load-bearing structures is explored. Finally, remaining technical challenges—including scalable manufacturing, cost-effectiveness, and long-term durability—are presented alongside strategic perspectives for future materials development in the defense sector."
1139,INS7-1040,,"I present how dynamic bond chemistry enables new paradigms for sustainable manufacturing of polymeric materials. By integrating dynamic covalent bonds and adaptive metal–ligand interactions, polymer networks can be engineered to combine structural robustness with reprocessability, thereby addressing key challenges in circular materials design. Dynamic covalent networks provide a versatile platform for transforming conventional and high-performance polymers into reprocessable materials. Through associative bond exchange, crosslinked systems can be reshaped, repaired, and reprocessed without compromising network integrity. This approach enables energy- and resource-efficient processing, including compatibility with scalable manufacturing methods such as additive manufacturing (3D printing), while maintaining mechanical performance across multiple life cycles. In parallel, dynamic metal–polymer interactions offer a route to the sustainable fabrication of organic–inorganic hybrid materials. Inspired by biological systems, metal-coordinated polymer networks act as adaptive scaffolds that direct mineral nucleation and growth, coupling structural organization with mechanical reinforcement at reduced resource input. Extending this concept, polymer-mediated metal coordination governs nucleation kinetics and phase behavior in mineralization processes, enabling controlled synthesis of inorganic phases with enhanced yield and improved carbon utilization efficiency. Together, dynamic bonding—both covalent and coordinative—serves as a unifying framework for designing adaptive, recyclable, and multifunctional polymer systems. Embedding reversibility at the molecular level enables scalable and energy-efficient manufacturing routes for both organic and hybrid materials, thereby advancing the development of a circular materials economy."
347,INS7-0264,,"Polyimide-based PMR (Polymerization of Monomer Reactants) resins are a representative class of ultra-high-temperature thermosetting materials originally developed to meet the demanding requirements of the aerospace industry in the 1960s and 1970s. Designed to maintain mechanical integrity and long-term durability under extreme thermal conditions, PMR resins emerged through NASA programs for supersonic aircraft and aerospace structures and subsequently became key matrix materials for high-temperature composite applications. Among PMR-derived systems, phenylethynyl-terminated imide (PETI) resins have gained significant attention as next-generation thermosetting polyimides. Compared with conventional PMR formulations, PETI resins offer improved melt processability, reduced volatile evolution during curing, lower processing defects, high glass-transition temperatures, excellent thermo-oxidative stability, and outstanding mechanical performance. The combination of the thermally stable imide backbone and phenylethynyl end-group crosslinking enables PETI-based materials to satisfy the stringent requirements of advanced aerospace structures, high-temperature adhesives, and high-performance composite matrices. This invited lecture will review the historical development of PMR resins and their technological evolution from PMR-15 to modern PETI systems. Particular emphasis will be placed on the structure–property relationships of high-temperature thermosetting polyimides, including curing behavior, melt processability, and molecular design strategies. Recent advances in enhancing thermal resistance and structural performance through the control of molecular rigidity, reactive end-group chemistry, and free-volume characteristics will be highlighted. Finally, future opportunities and challenges for thermosetting polyimides in high-temperature composite matrices, heat-resistant adhesives, and next-generation aerospace structural materials will be discussed."
1021,INS7-0923,"Jinho Jang (Korea Institute of Materials Science), Kyunbae Lee (Korea Institute of Materials Science), Taehoon Kim (Korea Institute of Materials Science)","Carbon nanotube (CNT) fibers have attracted significant attention as next-generation lightweight structural materials owing to their excellent mass-specific mechanical properties and multifunctional potential. However, the exceptional intrinsic strength of individual CNTs is not readily translated into macroscopic fibers, because their mechanical performance is strongly governed by hierarchical internal structures such as CNT alignment, packing density, bundle connectivity, inter-tube contact, and defect distribution. Therefore, understanding the relationship between internal fiber structure and tensile properties is essential for developing high-strength CNT fibers. In this study, CNT fibers were continuously fabricated using a floating catalyst chemical vapor deposition process. The synthesis conditions were controlled to regulate the formation and assembly of CNT networks during fiber spinning. By adjusting the carbon source supply, catalyst composition, and reaction environment, the morphology, continuity, and axial orientation of the as-spun fibers were tailored. These synthesis-driven structural features were then used to investigate how the initial fiber architecture affects the efficiency of subsequent post-treatment processes. In CNT fibers, load transfer between neighboring CNTs and CNT bundles is mainly governed by weak van der Waals interactions, which limits the utilization of the intrinsic strength of CNTs at the macroscopic scale. To overcome this limitation, post-treatment strategies introducing additional interfacial interactions, such as polymer-mediated bonding and covalent crosslinking, were explored to reinforce inter-tube and inter-bundle junctions. However, the strengthening effect of these treatments depends strongly on the pre-existing internal structure of the fiber. Factors such as packing density, pore distribution, bundle size, and CNT alignment determine the accessibility of polymers or reactive species into the fiber interior and their ability to form effective load-transfer pathways. Thus, this study emphasizes that post-treatment should be designed based on the internal structural characteristics of CNT fibers rather than applied as a universal strengthening method. By correlating structural analysis with tensile testing, the influence of fiber architecture on interfacial reinforcement and mechanical enhancement was systematically examined. This structure-guided approach provides insight into the design of lightweight, high-strength CNT fibers for advanced structural and multifunctional applications."
349,INS7-0266,,"Thermosetting polymers are widely used as high-performance matrices in structural, electronic, and aerospace composites; however, their amorphous and permanently cross-linked nature often limits molecular organization, thermal transport, and recyclability. Liquid crystalline thermosets (LCTs) overcome these limitations by integrating ordered mesogenic structures into robust cross-linked networks. These molecularly ordered systems exhibit enhanced thermal conductivity, anisotropic properties, high thermal stability, and tunable mechanical performance while retaining the dimensional reliability of conventional thermosets. This presentation focuses on the molecular design and functionalization of LCTs for advanced composite applications. Specifically, the effects of mesogenic structure, spacer length, curing chemistry, and network topology on liquid crystalline ordering and macroscopic properties will be highlighted. Furthermore, incorporating dynamic covalent bonds into LCT networks enables reprocessability and topological rearrangement, providing a promising pathway toward sustainable, high-performance materials. Ultimately, these results demonstrate that LCTs serve not merely as structural matrices, but as versatile molecular platforms for designing next-generation functional composites featuring superior thermal management, mechanical reliability, and circularity."
180,INS7-0099,,"Polymer gel electrolytes (PGEs) have been widely utilized in a broad range of electrochemical and ionotronic applications. In particular, ion gels composed of room-temperature ionic liquids (ILs) and copolymers are regarded as highly promising PGEs, owing to their exceptional ionic conductivity, large capacitance, negligible vapor pressure, tunable mechanical robustness, and excellent solution processability. Since the properties and functionalities of ion gels are strongly governed by the characteristics of the copolymer gelators, this presentation will focus on the molecular engineering strategies for designing effective copolymer gelators to achieve highly functional and high-performance ion gels. In addition, the talk will cover their potential applications in wearable systems and various energy-related devices."
1680,ORS7-1543,"Muhammad Rif’an Fadli Machsun (Institut Teknologi Sepuluh Nopember, Surabaya), Lailatul Qadariyah (Institut Teknologi Sepuluh Nopember, Surabaya), Mahfud (Institut Teknologi Sepuluh Nopember, Surabaya), Firman Kurniawansyah (Institut Teknologi Sepuluh Nopember, Surabaya)","Poly(ethylene 2,5-furan dicarboxylate) (PEF) is polyesters based on 2,5-furan dicarboxylic acid which derived from biomass. PEF is a new class of biobased polymers with superior properties compared to those of their fossil-based homologues, poly(ethylene terephthalate) (PET). However, it is less flexible, low thermal stability, and brittle. In this study, PEF-based nanocomposites were fabricated with antimicrobial nanoparticles by solvent blending method. The PEF matrix was blended with poly(L-lactic acid) (PLLA) to improve physical properties and incorporated with zinc oxide (ZnO) and titanium dioxide (TiO 2 ) to improve antimicrobial properties. PLLA is biodegradable polyester that is widely applied as a flexible packaging film. Maleic anhydride (MA) was added in polymer blend to improve its compatibility. The amount of PLLA and active agent in the composite/nanocomposite films were varied to observe its effect on the properties of composites/nanocomposites. The PEF/PLLA blends showed a significant improvement in elongation at break with the increasing of PLLA content and comparable tensile strength and young modulus, as well as for PEF/PLLA-ZnO and PEF/PLLA-TiO 2 nanocomposites. According to crystallinity investigations, PEF/PLLA blends exhibit slightly decrease in crystallinity index and slightly increase for PEF/PLLA nanocomposites. The compatibilization effect of MA in polymer blends and nanocomposites was confirmed by FTIR and SEM analyses. Finally, antimicrobial investigation reported excellent inhibition of E. coli and S. aureus bacteria growth for nanocomposite with ZnO nanoparticles as antimicrobial agent, with the inhibition zone of 8 – 11 mm for 6 days. Thus, the results in this study showed great potential in the field of food or secondary packaging."
581,INS7-0495,,"Stretchable photonic composites typically generate color through the compression or expansion of a continuous photonic lattice, which couples the optical response directly to the mechanical properties of the host matrix. We present an alternative design strategy based on discrete, anisotropic block copolymer (BCP) photonic microparticles whose orientation, rather than lattice spacing, determines the structural color. These particles, formed through confined emulsion self-assembly with internally ordered lamellar nanostructures, can be magnetically aligned at a defined angle within an elastic matrix before curing. Mechanical stretching then reorients the embedded particles, producing a reversible and predictable shift in reflected color that depends on the initial alignment rather than on changes in the matrix itself. This orientation-based mechanism allows the strain response, color range, and spatial pattern of a composite to be programmed independently of its mechanical formulation, enabling latent, direction-selective optical signatures suited for anticounterfeiting and strain sensing. Beyond this one-dimensional lamellar design, the same emulsion-confinement strategy can be extended to block copolymer particles with two-dimensional hexagonal cylinder and three-dimensional gyroid internal periodicities, in both cases representing the first demonstration of structural color from such discrete colloidal architectures. Solvent-driven swelling expands the characteristic domain spacing of each lattice into the visible range, with the cylinder morphology offering an additional in-plane tuning axis and the gyroid network producing a three-dimensionally periodic photonic bandgap. These distinct internal architectures expand the design space of BCP colloidal particles as modular photonic building blocks, pointing toward a broader class of processable polymeric composites with programmable structural color."
192,INS7-0111,,"Polymer-dielectric triboelectric nanogenerators (TENGs) have attracted significant attention as sustainable power sources for self-powered electronics, haptic interfaces, and intelligent sensing systems. Despite remarkable advances in materials and device architectures, the practical performance of polymer-based TENGs remains fundamentally constrained by insufficient dielectric polarization, limited charge-storage capability, and rapid charge dissipation during repetitive operation. Herein, we present a dielectric polymer composite strategy with tunable polarization for responsive triboelectric applications. The proposed approach exploits molecular and interfacial engineering to regulate orientational and interfacial polarization within dielectric polymer systems. By controlling dipole alignment through polymer structure design and enhancing charge accumulation at heterogeneous interfaces, the effective dielectric constant and surface charge density can be significantly improved. Various responsive dielectric architectures, including fluorinated polymers with tunable dipole density, bilayer dielectric films with enhanced interfacial polarization, and stimuli-responsive dielectric systems, are demonstrated. The engineered dielectric polarization enables dynamic modulation of triboelectric output under external stimuli such as temperature and mechanical deformation. Furthermore, the relationship between dielectric polarization, charge generation, and triboelectric performance is systematically elucidated. These findings provide a fundamental design framework for next-generation dielectric polymer composites and offer new opportunities for high-performance, responsive, and self-powered triboelectric devices for wearable electronics, sensors, and intelligent human–machine interfaces."
344,ORS8-0261,"Javier Nakamatsu (Pontificia Universidad Católica del Perú), Katherine Jamanca Jamanca (Pontificia Universidad Católica del Perú), Claudia Zavaleta (Pontificia Universidad Católica del Perú)","Conventional hypodermic injections are widely used for drug administration due to their high therapeutic efficacy. However, they are associated with several drawbacks, including pain, needle phobia, needle-stick injuries, improper disposal, and the need for trained healthcare personnel. Microneedle-based drug delivery systems have emerged as a promising alternative, enabling painless and minimally invasive administration of therapeutic agents while improving patient compliance. In this study, biodegradable and bioabsorbable multilayer microneedle patches were developed for controlled and sustained drug delivery. Microneedle molds were fabricated using high-resolution digital light processing (DLP) 3D printing technology. Biodegradable polymers, including alginate, gelatin, hyaluronic acid, polyvinyl alcohol (PVA), and polyvinylpyrrolidone (PVP), were employed to obtain microneedles with tunable mechanical strength and degradation behavior. The rheological properties of polymer solutions and blends were evaluated to optimize the fabrication process. Two model drugs, 5-fluorouracil (5-FU) and lysozyme, were selected to represent chemical and biological therapeutics, respectively. Drug-loaded microparticles were produced using a microfluidic platform, enabling precise control of particle size distribution and efficient encapsulation. The fabricated microneedles were characterized in terms of morphology, swelling behavior, degradation rate, drug release kinetics, and compression strength. Results demonstrated that polymer composition and layer configuration significantly influenced the physical, mechanical, and release properties of the microneedles. The proposed biodegradable multilayer microneedle platform offers a promising strategy for safe, patient-friendly, and efficient transdermal delivery of drugs and vaccines."
1823,INS8-1634,,"Gene therapy, the delivery of genetic material to the cells of a patient for therapeutic benefit, has been increasingly successful over the past decade. The most successful gene delivery vectors are based on adeno-associated viruses (AAV). Although these natural viruses are safe and non-pathogenic, they present several barriers that limit their efficacy in delivery as they were not evolved by nature for human therapeutic applications. Directed evolution, a strategy involves the iterative genetic diversification of a molecule to create a gene pool and functional selection to isolate variants with optimal properties, has thereby emerged as a powerful approach for re-evolving AAVs of novel and improved functions. In parallel, recent advances in deep sequencing technologies allow millions of sequences to be assayed and used for training modern day machine learning (ML) models for prediction of protein properties. Using the combination of directed evolution and ML-guided design, we have engineered ‘designer’ vectors with greatly improved packaging, diversity, and primary human brain infection capabilities. The extension of such integration of new technologies will have broad utility in the development of next-generation delivery vectors for gene therapeutic applications."
1819,INS8-1633,"Kai-Hsiang Chang (National Taiwan University), Wen-Ya Lee (National Taipei University of Technology)","This study introduces a bio-inspired, dopamine-grafted carboxymethyl cellulose (CMCDA) hydrogel as a multifunctional platform for retinal tissue engineering and neuroprotection. Using 1D/2D NMR techniques, we provide a complete structural elucidation of this polysaccharide derivative, confirming amide formation alongside Schiff-base and Michael addition structures. In vitro assays demonstrate robust biocompatibility and potent reactive oxygen species (ROS) scavenging, effectively protecting retinal cells from oxidative stress. In vivo, using an optic nerve crush mouse model, intravitreal injection of a 7 wt% hydrogel emerged as the optimal formulation, significantly reducing ROS accumulation, preserving retinal ganglion cell (RGC) density, and markedly increasing axonal outgrowth. The regenerative outcomes were further validated by RBPMS, beta III Tubulin, and GAP-43 immunostaining. Beyond its therapeutic efficacy, the CMCDA hydrogel exhibits superior thermal stability, tunable rheological properties, and high tissue adhesiveness. When integrated with a saturated NaCl solution, the hydrogel achieves stable ionic conductivity, enabling one week of continuous ECG monitoring with signal-to-noise ratios that surpass those of commercial conductive gels on curved skin surfaces. Ultimately, this work highlights the potential of sustainable, cellulose-based hydrogels as a unified strategy for minimally invasive retinal repair while serving as a high-performance interface for long-term biomedical sensing."
1810,INS8-1629,,"Stem cell-based therapies hold substantial promise for tissue repair, inflammation control, and anti-fibrotic treatment. However, their clinical translation remains constrained by the poor retention and engraftment of transplanted cells at target sites. A large fraction of administered cells is rapidly lost because of weak initial adhesion, mechanical washout, and a hostile local microenvironment, resulting in limited therapeutic efficacy. Although genetic engineering, chemical surface functionalization, and biomaterial encapsulation have been explored to improve cell retention, these strategies may introduce concerns regarding safety, manufacturing complexity, regulatory approval, and clinical feasibility. Therefore, there is a strong need for simple, safe, and translationally relevant approaches that enhance cell localization and persistence without extensively altering cellular identity or function. This presentation presents a nanoparticle-enabled biophysical strategy to improve the retention and therapeutic performance of mesenchymal stem cells (MSCs). Cell-settling nanoparticles composed of clinically approved materials were incorporated into MSCs to increase cellular density. This density modulation accelerated gravitational settling, promoted early adhesion to the target surface, and improved cell survival. Building on this physical approach, copper-chaperone-activatable nanoparticles were developed to further enhance tissue regeneration and anti-fibrotic activity. These nanoparticles activated fibroblast growth factor 2 (FGF2)-related signaling and generated a positive feedback loop that supported pro-regenerative cellular responses. In a mouse skin wound model, MSCs treated with copper-chaperone-activatable nanoparticles demonstrated enhanced vascularization and reduced fibrosis compared with conventional cell transplantation approaches. These findings indicate that controlling cellular density and physical forces can improve stem cell engraftment and regenerative outcomes. This biophysical framework provides a potentially safer and more clinically practical alternative to conventional cell-engineering strategies, opening new opportunities for the development of effective cell-based therapies."
1809,INS8-1673,,"Transplantation of vascular cells remains a promising therapeutic strategy for enhancing vascular regeneration in the treatment of ischemic diseases. However, its clinical translation is hindered by poor engraftment and limited reparative potential. Here, we established a scalable methodology for generating suspensible, homogeneous arterial organoids (AOs) from human iPSCs using a three-dimensional bioreactor system. These spheroidal AOs constituted micron-scale vascular modules, enveloped by a confluent layer of arterial-like endothelial cells interfaced with mural cells. Local injection prompted the assembly of the modules into a larger tube, where the interstitial spaces between them constituted interconnected channels that supported rapid perfusion. To evaluate the therapeutic potential of this approach, we applied AOs in murine models of hindlimb ischemia and myocardial infarction. Upon delivery, the AOs rapidly anastomosed with the host vasculature, enhancing perfusion recovery and preserving tissue function, thereby outperforming single-cell counterparts. Mechanistically, the implanted AOs further recruited VEGFA-secreting macrophages to remodel the microenvironment, further reinforcing vascular regeneration. Collectively, our findings demonstrate that AOs can self-organize into perfusable vascular networks in vivo to restore blood flow in ischemic tissues. This study establishes injectable AOs as a promising therapeutic platform for the treatment of ischemic diseases."
1167,ORS8-1059,"Koya Ito (Kobe University), Ryo Kawabata (Kobe University), Le Thi Hue (Kobe University), HIroaki Takahashi (Kobe University), Kenji Okada (Kobe University)","The global hemodialysis population is growing by 5–6% annually and is projected to reach approximately 5.4 million by 2030. Hemodialysis requires a vascular access ""shunt"" created by anastomosing an artery and vein, but patients with poor native vessels require an artificial graft. Such grafts occlude more readily than native vessels, necessitating repeated catheter interventions and additional medical costs. Among grafts in clinical use, expanded polytetrafluoroethylene (ePTFE) offers long-term patency while polyurethane (PU) allows early cannulation; however, no graft satisfies both occlusion resistance and early postoperative use. Here, we developed a graft combining these properties by integrating poly(2-methoxyethyl acrylate) (PMEA), which suppresses thrombus formation via an intermediate water layer, with Tecoflex, a PU enabling early cannulation. PU and PMEA were each dissolved in DMF:chloroform (3:1) as 20 wt% solutions and blended at PU:PMEA ratios of 7:3, 8:2, and 9:1. Each was electrospun into nanofibers and formed into tubular grafts. To preserve strength, PMEA-containing grafts were given a bilayer structure with an outer PU-only layer. Grafts were characterized by SEM, gas chromatography for PMEA content, albumin and fibrinogen adsorption, human platelet adhesion and activation, water contact angle, ATR-IR analysis of interfacial water, tensile strength, and cytotoxicity, with PU-only grafts as controls. In vivo patency was evaluated by rat abdominal aorta replacement with HE staining. Increasing PMEA content raised the intermediate water content and suppressed protein adsorption and platelet adhesion/activation. PMEA-containing grafts maintained high patency in vivo, with histologically reduced intimal hyperplasia and no excessive hyperplasia near the anastomosis. These findings provide a foundational design strategy for a next-generation vascular access graft that reconciles early cannulation with thrombosis resistance"
130,KES8-0049,,"Organic mixed ionic and electronic conductors (OMIECs) provide a versatile platform for establishing electrical communication with biological systems. In this talk, I will demonstrate how n-type OMIECs can be tailored to enable favorable interactions with catalytic enzymes and lipid bilayers, enabling the development of advanced biosensors. Building on this, I will present the aqueous-gated photoelectrochemical transistor (OPECT), a device based on these materials that can respond to both light and electrical stimuli and retain the generated information. By tuning the water uptake in the film and exploiting its strong near-infrared absorption, we create a water-compatible device that mimics the function of biological photoreceptors. Together, these developments highlight the potential of OMIECs to build new classes of adaptive, multifunctional bioelectronic sensors."
1706,INS8-1567,,"The glycocalyx is a pericellular carbohydrate coat that is ubiquitously present on cells and crucially contributes to numerous biological processes, such as cell-cell recognition, cell-extracellular matrix interactions, cell adhesion, etc. The heterogenous sugar moieties of a cell’s glycocalyx can be multivalently recognized by another cell’s receptors, lectins, and/or glycocalyx. We speculated that the types, compositions, and spatial arrangement of individual sugar moieties of a glycocalyx may determine its binding affinity and selectivity for target cells. We thus hypothesized that a library of glycocalyx-mimicking nanoparticles (designated GlyNPs) could be used to screen and identify GlyNP hits with desired tissue or cell tropisms. We very recently published papers in which we used GlyNP libraries to identify cancer type-selective nanoparticles for tumor imaging and therapy (Adv. Mater. 2022: 34, 2203993) and a nanomedicine capable of targeting and treating inflamed colon through direct in vivo screening of a mouse colitis model (Angew. Chem. Int. Ed. 2023: 62, e202304815). In this talk, I will present a GlyNP library that can be leveraged for direct in vivo screening and identification of organ-selective nanoparticles and furthermore, the use of the organ-selective GlyNPs for treatments of organ-associated diseases."
1865,INS8-1663,,"Skeletal muscle diseases, including myopathies and muscular dystrophies, present significant clinical challenges with limited effective treatments. Robust in vitro muscle models are therefore needed to better understand disease mechanisms and accelerate therapeutic development. Three-dimensional (3D) bioprinting offers precise fabrication of tissue-like constructs, yet developing bioinks that combine printability, mechanical tunability, and biological functionality remains challenging. Here, we developed a novel bioactive hydrogel by methacrylating taurine, a naturally occurring amino sulfonic acid important in skeletal muscle physiology, to synthesize taurine methacrylate (TMA), enabling its covalent integration into gelatin methacrylate (GelMA) networks. GelMA-TMA was systematically compared with GelMA containing physically blended taurine to evaluate mechanical properties, swelling behavior, photocrosslinking kinetics, microstructure, molecular retention, and printability. Covalent TMA incorporation provided improved photocrosslinking control, minimized overcuring during digital light processing (DLP) printing, and enhanced feature resolution and shape fidelity. GelMA-TMA hydrogels exhibited finer and more homogeneous pore structures, while release studies demonstrated prolonged TMA retention compared with rapidly leaching taurine. Photopatterning and 3D printing of complex geometries further demonstrated excellent printability. Importantly, C2C12 myoblasts encapsulated within GelMA-TMA scaffolds exhibited accelerated myogenic differentiation, increased myosin heavy chain expression, and more extensive myotube formation compared with controls. Together, these findings establish GelMA-TMA as a bioprintable, mechanically tunable, and biologically active platform for engineering skeletal muscle tissue, with potential applications in disease modeling, drug screening, and regenerative medicine."
1856,ORS8-1660,,"Functional tissue regeneration requires microenvironments that actively regulate cellular organization and maturation. Here, we present ECM-based biopolymer systems designed to provide biochemical, structural, and mechanical cues for tissue formation. Using plasma-derived fibrin and tissue-specific ECM, we investigated how matrix composition, microfluidic shear, and anisotropic architecture influence cellular organization and differentiation. These approaches were applied to the engineering of muscle, neuromuscular, vascular, and cardiac tissues. We further examined how aligned ECM regulates cellular maturation through cell–matrix interactions and nuclear mechanotransduction. Together, these studies demonstrate that ECM-based biomaterials can function as instructive microenvironments rather than passive cell carriers. Engineering their biochemical and biophysical properties may provide a basis for developing organized, functional tissues and implantable bio-organs for regenerative medicine. This research was supported by grant funded by the National Research Foundation of Korea (NRF) grant funded by the Korea government (Ministry of Science and ICT) (Grant No. RS-2026-25469505)."
132,ORS8-0051,,"Human respiratory syncytial virus (hRSV) is a leading cause of acute lower respiratory tract infections. Preventing hRSV infection at its early stages represents an effective strategy to inhibit viral progression. The interaction between negatively charged heparan sulfate proteoglycans (HSPGs) and the positively charged heparin-binding domain (HBD) of hRSV glycoproteins is a common and critical feature of hRSV-mediated infection, making it an attractive target for the development of negatively charged antiviral agents. In this regard, mucin-inspired biomaterials have been developed, demonstrating excellent inhibitory activity against a range of pathogens owing to their unique characteristics, including high molecular weight, filamentous structure, and strong electronegative charge. [1] Here, we designed mucin-inspired amphiphilic copolymers (MIACPs) composed of ~70% dendronized sulfated groups and ~30% C11 hydrophobic units. The sulfated groups are intended to inhibit viral binding via electrostatic interactions with positively charged regions on viral surface proteins, while the hydrophobic C11 domains are expected to provide virucidal activity by disrupting the viral membrane. These biocompatible MIACPs exhibit strong, sulfate-dependent inhibition of hRSV, with exceptionally low IC 50 values (~0.25 µg/mL). [2] Virucidal activity was also assessed, confirming that MIACPs demonstrate potent virucidal effects, indicating a very strong binding affinity of the polymers to hRSV. The synthesis and characterization of MIACPs using cryo-electron tomography (Cryo-ET) and small-angle neutron scattering (SANS), along with the assessment of their biocompatibility and evaluation of their antiviral and virucidal efficacy against hRSV, will be discussed in the presentation. References: [1] R. Bej and R. Haag , J. Am. Chem. Soc . 2022, 144 , 20137. [2] R. Bej , C. Sieben and R. Haag et al . , Adv. Sci. 2026, e15908, 1-10."
1818,INS8-1635,,"Development of functional hydrophilic polymers with tailorable properties is essential for biomedical research. α-Lipoic acid (LA) has emerged as a versatile and cost-effective monomer for constructing degradable polymers because of cleavable disulfide bonds are present along the polymer backbone. LA and its derivatives undergo radical ring-opening polymerization via both conventional and controlled radical processes. The disulfide bonds can readily undergo bond scission under mild reductive conditions. While reversible addition–fragmentation chain transfer (RAFT) copolymerization of LA with vinyl monomers provides degradable polymers with controlled molecular weights, conventional thermally initiated RAFT systems often suffer from oxygen sensitivity and limited LA incorporation. Herein, we report the synthesis of degradable vinyl copolymers incorporating α-lipoic acid derivatives via photoiniferter-RAFT polymerization. This light-mediated approach eliminates the need for external initiators and exhibits enhanced oxygen tolerance, enabling a simplified and spatiotemporally controlled polymerization process under ambient conditions. The method demonstrates broad comonomer compatibility and allows efficient block copolymer synthesis with predictable molecular weight. Introduction of Isopropyl group to the terminal of LA impart thermoresponsivness to hydrophilic poly( N,N’ -dimethylacrylamide), such that lower critical solution temperature can be adjusted by the polymer composition. Furthermore, our recent efforts on antifouling amine-oxide containing polymer will be discussed."
1679,ORS8-1542,,"Ionizable lipids are key components of lipid nanoparticles (LNPs) that govern the delivery and biological performance of mRNA vaccines. Despite extensive efforts to improve transfection efficiency, the influence of ionizable lipid structure on vaccine protection remains poorly understood. Here, we report a series of rationally designed ionizable lipids bearing head groups inspired by Dervan's polyamide nucleic acid binders, including imidazole- and pyrrole-carboxamide motifs and their isosteric analogues. Systematic modulation of these directional polar protic recognition elements generated LNPs with distinct physicochemical and biological properties, revealing that even subtle structural variations, including regioisomerism, profoundly influence mRNA delivery and vaccine efficacy. Our lead lipid 11 mediated rapid and enhanced intramuscular protein expression, achieving 4.4- and 2.0-fold higher expression than the benchmark lipid SM-102 at 1 and 3 h post-injection, respectively, with no detectable liver expression. When formulated with SARS-CoV-2 spike mRNA, these LNPs elicited robust humoral and cellular immune responses. Notably, lipid 13 conferred markedly superior antiviral protection in an hACE2 transgenic mouse challenge model, reducing pulmonary viral RNA to near-baseline levels while maintaining body weight and complete survival despite inducing substantially lower anti-spike receptor-binding domain (RBD) IgG titers than SM-102. Preliminary studies further demonstrated neutralizing activity of the LNP with lipid 13 against multiple SARS-CoV-2 variants. Collectively, these findings demonstrate that precise installation of molecular recognition elements within ionizable lipid head groups can profoundly influence mRNA vaccine performance and antiviral protection, establishing head-group engineering as a promising molecular design strategy for next-generation mRNA delivery systems."
171,ORS8-0090,"Maria Vamvakaki (Department of Materials Science and Technology, University of Crete, Vasilika Vouton 700 13, Heraklion, Crete, Greece), Karine Panico (Centro de Ciências Naturais e Humanas, Universidade Federal do ABC, Santo André 09280-560, Brazil), Fernando Augusto de Oliveira (Centro de Ciências Naturais e Humanas, Universidade Federal do ABC, Santo André 09280-560, Brazil)","Genetic engineering strategies are increasingly transforming both agriculture and healthcare, yet efficient nucleic acid delivery remains a major challenge. In agriculture, RNA-based biopesticides have emerged as promising alternatives to conventional chemical agents, offering highly specific and environmentally safer pest and pathogen control through RNA interference (RNAi). However, the rapid degradation of RNA under field conditions limits their practical implementation. In medicine, the therapeutic potential of gene-based treatments similarly depends on the efficient intracellular delivery of DNA, which often requires transfection vectors to overcome poor cellular uptake. Polyplexes formed with cationic polymers offer a versatile solution by protecting nucleic acids from nuclease degradation and promoting intracellular delivery. Nevertheless, most current nucleic acid carriers rely on fossil fuel-derived synthetic polymers, highlighting the need for more sustainable alternatives. In this context, we investigated chitosan-derived nanocarriers as renewable and environmentally responsible platforms for nucleic acid delivery. Chitosan, a naturally occurring polysaccharide obtained from crustacean exoskeletons, presents attractive biocompatibility and biodegradability, although its native properties can limit broader technological applications. We demonstrate that chitosan functionalization through quaternization and poly(2-oxazoline) grafting significantly enhances nucleic acid protection, prevents premature degradation of dsRNA under field-relevant conditions, and shows promising performance as a DNA delivery vector for gene therapies targeting ocular diseases. These findings highlight the potential of sustainable polymer engineering to advance both RNAi-based crop protection and nucleic acid therapeutics. Acknowledgements We acknowledge the sponsoring by FAPESP (grant 2021/12071-6). F.C.G acknowledges the fellowship granted by CNPq (grant 303268/2020-4)."
522,INS8-0438,,"We present a versatile, pendant strategy for ABA-type triblock copolyethers that enables precise control over degradation kinetics via acid-labile acetal groups. Unlike traditional systems relying on unpredictable backbone scission, we achieve orthogonally tunable hydrolysis rates by modulating the chemical structure of acetal pendants. This molecular-level design allows for the programming of macroscopic viscoelastic transitions and drug-release profiles, demonstrated through the sustained delivery of paclitaxel and infection-triggered release of antibacterial hexanal. Furthermore, this design principle is extended to the self-assembly of 2D polymer nanodiscs using AB-type amphiphilic bottlebrush block copolymers. These amorphous nanostructures offer high surface-area-to-volume ratios and tunable degradation rates, presenting a superior and more functional alternative to conventional micellar carriers for next-generation drug delivery."
645,INS8-0559,,"Blood-contacting devices such as catheters, extracorporeal circuits, and graft components are prone to thrombosis, biofouling, and infection. Polymer-brush and hydrogel coatings can improve hemocompatibility, but durable coating on PVC remains difficult. Here, we developed hexanoyl-glycol chitosan (HGC), a hydrophobically modified glycol chitosan, as a thermoresponsive coating that is processable at room temperature and gel-locks near body temperature. This enables conformal coating of PVC, including inner lumens, without crosslinkers. HGC was synthesized by C6 acyl modification of glycol chitosan. Thermogelation was characterized by temperature-ramp rheometry using G′/G″ crossover. PVC plates and tubing were coated by dispensing or dip-coating followed by drying at 50 °C. Stability was evaluated by contact angle and mass changes during PBS immersion. Biointerface performance was assessed by platelet adhesion, erythrocyte morphology, antibacterial assays, and cell viability. Native glycol chitosan showed no clear sol–gel transition, whereas HGC exhibited thermogelation with G′ exceeding G″ upon heating, indicating temperature-enhanced hydrophobic association. GC coatings gradually lost mass in PBS, while HGC coatings maintained stable coating mass, suggesting improved network integrity and interfacial retention. HGC-coated PVC reduced platelet adhesion compared with uncoated PVC, and this effect was maintained for two months. Whole-blood exposure showed no promotion of echinocytosis on HGC-coated tubing, indicating preserved erythrocyte morphology. HGC-coated samples also suppressed bacterial growth compared with uncoated controls, while dissolved polymers showed no marked cytotoxicity. Conclusion: HGC offers a simple thermogel-based coating for PVC medical devices, combining room-temperature processability, body-temperature stabilization, long-term durability, hemocompatibility, antibacterial activity, and cytocompatibility."
664,INS8-0578,,"Engineering physiologically relevant 3D tissues and disease models is frequently hindered by residual biomaterials that obstruct critical cell-cell interactions and cellular condensation. To overcome this, we present a dynamic bioengineering platform utilizing self-degrading oxidized alginate (OA) microgels to facilitate rapid cellular self-assembly and complex 3D tissue organogenesis. The core mechanism relies on controlled oxidation (e.g., 5% OA), providing initial mechanical support for high-density cell encapsulation before rapidly self-degrading in culture. This programmed degradation eliminates physical barriers, driving spontaneous cellular condensation, robust intercellular connectivity, and structural remodeling. We validated this modeling technique across two diverse applications: regenerative organogenesis and aggressive cancer. First, for craniofacial regeneration, embryonic dental epithelial and mesenchymal cells were encapsulated in OA microgels. Rapid degradation promoted vital epithelial-mesenchymal interactions (EMI) and 3D tissue formation in vitro. Subsequent in vivo transplantation yielded functional host integration, robust vascularization, and bone organogenesis within two weeks. Second, we modeled glioblastoma (GBM) invasion by engineering tumor-host assembloids. OA-encapsulated GBM cells rapidly self-aggregated and integrated with dorsal forebrain organoids. This degradation-driven assembly induced strong cell adhesion, nuclear compaction, and massive tumor infiltration into host tissues. Transcriptomic profiling revealed upregulated integrin clustering, mechanosensing, and PI3K-AKT-mTOR signaling, accurately reflecting the invasive shift and niche remodeling confirmed in vivo. Ultimately, by harnessing transient biomaterial degradation to drive cellular condensation, this scalable OA platform effectively recapitulates complex 3D architectures for regenerative medicine and oncological modeling."
740,INS8-0652,,"Here we present multifunctional biomaterial platforms that integrate polyelectrolyte thin films with hydrogel-based composites to advance both bioelectronics and tissue engineering. Hydrogel-like polyelectrolyte coatings were engineered to modulate surface charge and hydrophilicity, enabling selective capture of nucleic acids and glucose. Cationic modifications on PCR platforms enhanced nucleic acid immobilization and amplification efficiency, while copper electrodes capped with polymeric layers facilitated Cu-ion-based non-enzymatic glucose sensing with more than twofold improvement in durability and sensitivity compared to uncoated electrodes. In addition, scaffold-hydrogel composites were designed to overcome poor adhesion between hydrophobic 3D-printed scaffolds and hydrophilic matrices. Natural polymer hydrogels, hydroxyapatite nanoparticles, and drug-carrying oligomers were integrated with functional surface coatings on ceramic, metal, and hydrogel substrates, resulting in improved interfacial adhesion, biocompatibility, and printability while supporting bone formation and regeneration. Together, these approaches demonstrate how interfacial engineering and functional hydrogel design converge to create adaptive, multifunctional biomaterials with broad potential in diagnostics, regenerative medicine, and therapeutic applications ."
927,INS8-0837,,"In recent years, chemical modifications of DNA have been recognized as key regulators of epigenetic mechanisms that control gene expression without altering the underlying DNA sequence. Among these modifications, 5-formylcytosine (5fC) was originally identified as an intermediate generated during the active demethylation of methylated DNA. Nevertheless, many aspects of its chemical properties and physiological roles remain poorly understood, highlighting the need for novel analytical tools. To address this challenge, we focused on photo-responsive molecular probes, whose reactivity can be controlled by external light stimuli. Based on this concept, we developed a novel photo-responsive oligonucleotide, termed GPs-Oligo. We found that GPs-Oligo undergoes a selective photo-crosslinking reaction with 5fC upon UV irradiation and exhibits reactivity distinct from that toward other cytosine modifications. Furthermore, we constructed a DNA microarray platform incorporating GPs-Oligo and established a technological basis for a diagnostic chip capable of selectively detecting 5fC. On the other hand, despite the remarkable progress and growing interest in nucleic acid therapeutics, the development of efficient drug delivery systems (DDS) has remained one of the most formidable challenges to their practical application. To address these challenges, we have developed a unique drug delivery system based on extracellular vesicles (EVs), particularly exosomes. I this report, we will also discuss a novel DDS strategy in which nucleic acid therapeutics are delivered into cells by hijacking exosomes."
1220,INS8-1109,,"Ex vivo non-genetic manipulation of natural killer (NK) cell surfaces presents a compelling strategy to augment contact-dependent target recognition and optimize receptor-ligand dynamics at the NK-tumor immunological synapse. Here, we report a versatile surface engineering platform utilizing lipid-based polymeric membrane engagers to directly immobilize bispecific targeting moieties onto NK cells via hydrophobic insertion. To facilitate specific targeting of CD44-overexpressing glioblastoma cells, hyaluronic acid (HA) was anchored to the NK cell surface. This platform was further tailored for disease-specific, bispecific tumor recognition through the additional incorporation of either glucosamine to target the GLUT1 receptor, or transferrin (Trf) for Trf receptor targeting. Following intravenous administration, NK cells engineered with these bispecific membrane engagers demonstrated facilitated transmigration across the blood-brain barrier (BBB) and enhanced glioblastoma tumor suppression. Notably, the most profound therapeutic efficacy was driven by the dual interactions between HA-CD44 and the Trf-Trf receptor. Ultimately, this modular NK membrane engineering strategy provides a promising, scalable solution for the manufacturing of next-generation adoptive cell therapy products."
1236,INS8-1125,,"Initiated chemical vapor deposition (iCVD) enables the solvent-free, vapor-phase synthesis of diverse functional polymer films. Because the process operates at ambient temperature, iCVD polymers can be integrated into various delicate substrates without thermal or chemical degradation. This versatile platform allows for the precise incorporation of specific functionalities by selecting appropriate monomeric precursors, offering vast potential for advanced device applications. Indeed, iCVD coatings serve as critical building blocks in fields ranging from flexible electronics and selective membranes to tissue engineering scaffolds, stimuli-responsive drug delivery systems, and high-performance biosensors. This seminar reviews the recent progress and multifaceted applications of iCVD-derived polymer films across these diverse technological domains."
1314,INS8-1201,,"Electrospun nanofibers are widely used for tissue engineering because they mimic the extracellular matrix and provide a favorable environment for cell growth. However, conventional nanofibrous scaffolds offer limited control over the spatial organization of cells and biomolecules. To address this challenge, we developed micropatterned nanofibrous scaffolds by integrating electrospinning with hydrogel photolithography, enabling precise control of scaffold architecture and biochemical functionality. The hybrid scaffolds allow selective incorporation of hydrogel microstructures into nanofibrous matrices, providing spatially defined environments for cell adhesion, protein immobilization, and growth factor delivery. This platform supports programmable release of bioactive molecules and can be adapted for various biomedical applications. This presentation highlights the application of these scaffolds to tissue engineering, particularly salivary gland regeneration. Micropatterned nanofibrous scaffolds promote the formation of uniform epithelial cell spheroids, enhance cell viability and differentiation, and improve the expression of salivary gland-specific markers. In addition, multilayered fibrous scaffolds capable of sequential growth factor release are introduced as an effective strategy for peripheral nerve regeneration. Overall, the combination of electrospinning and hydrogel micropatterning provides a versatile platform for engineering biomimetic scaffolds with controlled structural and biological properties, offering significant potential for tissue engineering and regenerative medicine."
1315,INS8-1202,,"Nanoscopic delivery vehicles capable of encapsulating drug molecules and releasing them in response to external stimuli are of great interest due to implications in therapeutic applications. For this purpose, we have developed a facile synthetic method for highly stable, polymeric nanogels or polymer-caged hollow nanoparticles using a simple intra/inter-chain crosslinking reaction. We show a simple method for the preparation of biocompatible nanovehicles that provides the ability to encapsulate hydrophobic or hydrophilic drug molecules. We can control the size of the nano-carriers and release kinetics depending on crosslinking in responsive to stimuli. Nano-carriers showed great stability to encapsulate drug molecules and drugs were only released inside cell. In addition, we can use surface modified nano-carriers for target delivery system. Cancer targeting nanomaterials have been extensively attempted by coating their surfaces with small molecules, peptides, proteins, and antibodies , but the tumor targeting and therapeutic efficacy still exhibits only a modest improvement due to deleterious interactions of nanomaterials with proteins (protein corona formation). We developed mesoporous nanoparticles pre-coated with a recombinant fusion protein featuring HER2-binding affibody molecule and glutathione- S -transferase. Upon stabilized in preferred orientations on nanoparticle, the pre-coated proteins as a corona minimize interactions with serum proteins to prevent the clearance of these particles by macrophages, while ensuring their targeting function in vitro and in vivo ."
1317,INS8-1204,,"To achieve improved predictive and therapeutic outcomes, bioactive biomaterials for regenerative medicine are increasingly designed to reconstruct the dynamic cues of the native extracellular matrix (ECM). Polymeric hydrogels are particularly attractive for tissue engineering because their hydrated, soft, and tunable networks can mimic key structural and physicochemical features of biological tissues. Beyond functioning as passive cell carriers, advanced hydrogels can serve as bioactive microenvironments that regulate cell adhesion, growth factor presentation, cytokine signaling, proteolytic remodeling, mechanical properties, and topographical guidance. Nano- and molecular-scale control over hydrogel chemistry, crosslinking, degradation, and biofunctionalization enables spatially and temporally programmed interactions with host tissues. Such design strategies support in situ tissue regeneration by activating endogenous repair mechanisms rather than relying exclusively on exogenous cell transplantation. This presentation will discuss key design principles for bioactive hydrogels that recapitulate or modulate native tissue microenvironments, with particular emphasis on host-responsive matrices, artificial ECM platforms, and their translational potential in regenerative medicine. These approaches provide a versatile framework for developing hydrogel-based nanomedicine systems capable of directing tissue repair and regeneration in vivo."
1323,INS8-1210,,"Exosomes have emerged as critical mediators of intercellular communication, regulating diverse physiological processes and contributing to the pathogenesis of numerous diseases. Their biological functions are increasingly recognized across a wide range of applications, including immune modulation, tissue regeneration, and cancer progression. From a therapeutic perspective, regenerative and immunomodulatory exosomes are gaining attention as naturally derived biotherapeutics, whereas disease-associated exosomes are being explored as important therapeutic targets. Successful clinical translation of exosome-based therapeutics requires strategies that selectively accumulate beneficial exosomes—whether endogenous or engineered—at diseased tissues while simultaneously suppressing the generation, release, or biological activity of pathogenic exosomes. Furthermore, owing to their intrinsic biocompatibility, low immunogenicity, and natural ability to transport bioactive cargos between cells, exosomes have emerged as highly promising drug delivery vehicles. In this presentation, I will highlight our recent advances in biomedical polymer-based strategies for exosome engineering and delivery. These platforms are designed to enhance the targeting, retention, and therapeutic efficacy of exosome-based therapies while overcoming current limitations in clinical translation. I will also discuss their potential applications in the treatment of intractable diseases, particularly cancer and inflammatory disorders."
1414,INS8-1282,,"Implantable bioelectrodes are essential for recording and stimulating electrical signals, but their long-term performance is often compromised by foreign body reactions, oxidative stress, and macrophage-driven inflammation, leading to scar encapsulation and high interfacial resistance. To address this, we developed polypyrrole (PPy)-based bioelectrodes designed to promote an anti-inflammatory macrophage phenotype. First, optimizing surface roughness and immobilizing interleukin-4 (IL-4) significantly reduced macrophage recruitment and induced anti-inflammatory polarization. Additionally, doping PPy with hemin-conjugated heparin (HepH) introduced robust, catalase-mimicking reactive oxygen species (ROS)-scavenging activity. This efficiently reduced intracellular ROS and further supported anti-inflammatory polarization. In vivo subcutaneous studies demonstrated that these topographical and antioxidant modifications successfully mitigated collagenous scar formation. Consequently, the immune-compatible bioelectrodes enabled reliable, real-time electrocardiogram (ECG) recording for up to 20 days without significant sensitivity loss. These effective surface modification strategies offer a promising platform for advanced electronic medical devices requiring long-term stability and high sensitivity."
1652,INS8-1515,,"Nanoparticle-mediated drug delivery systems have emerged as highly adaptable platforms capable of integrating multiple therapeutic modalities into a single system. By combining precise targeting, enhanced cellular uptake, and controlled release, these platforms enable advanced strategies in cancer therapy, including targeted protein degradation, photodynamic therapy, and adoptive immune cell modulation. In this study, we explore innovative nanoplatforms that exemplify this versatility. First, we present a polymeric nanoparticle system in which the polymer itself acts as a degrader, unifying the functions of drug and delivery vehicle to efficiently degrade oncogenic protein. This self-assembling nanoparticle demonstrated effective tumor accumulation and significant tumor suppression in vivo. Furthermore, leveraging the gene delivery capacity of nanoparticles, we developed CAPRN for in situ anti-PD-L1 antibody production with laser-triggered release, and a lipopolyplex-based system (pUnivody@LPP-PBA) to express Fc fragments on tumor cells, thereby activating natural killer (NK) cells in an antigen-independent manner. In vivo experiments confirmed that these smart delivery systems effectively reprogrammed the tumor microenvironment by enhancing T cell infiltration, activating NK cells, and inducing potent anti-tumor immune responses across multiple cancer models. Overall, these findings highlight the potential of multifunctional nanoparticles as active therapeutic agents capable of gene delivery, protein degradation, and immune modulation, offering a promising platform for next-generation precision cancer nanomedicine."
1688,INS8-1550,,"This presentation highlights how engineered biopolymers can be leveraged to regulate stem cell fate and advance personalized therapeutic applications. Biopolymers provide tunable biochemical and biophysical cues that can mimic key features of the native three-dimensional (3D) microenvironment, thereby influencing stem cell adhesion, reprogramming, differentiation, and therapeutic function. First, I will introduce biopolymer-based 3D platforms designed to enhance cellular reprogramming and guide cell fate decisions. Second, I will present a novel strategy for isolating mesenchymal stem cells (MSCs) from induced pluripotent stem cells (iPSCs) through selective integrin-mediated interactions with functionalized biopolymer surfaces, enabling the efficient production of highly purified MSCs. I will further discuss recent advances in the large-scale production of bioactive stem cell-derived exosomes and the engineering of stem cell membrane-coated nanoparticles for targeted therapy. Collectively, these approaches demonstrate how biopolymers can serve as versatile tools for orchestrating stem cell behavior, standardizing the production of high-quality stem cell products, and supporting the development of personalized regenerative and therapeutic strategies."
1707,INS8-1568,,"I. Research Background and Clinical Pain Points in Maxillofacial Repair In the fields of oral and maxillofacial surgery, craniomaxillofacial trauma reconstruction, and plastic surgery, maxillofacial soft tissue defects and volumetric collapse triggered by severe trauma, congenital deformities (such as micrognathia and mandibular retrusion), tumor resections, and degenerative diseases have long stood as highly challenging medical dilemmas. Due to the intricate anatomical structures of the maxillofacial region, replacement materials are subject to exceptionally stringent requirements regarding bioactivity, physical mechanical support strength, 3D space-maintaining capability, and long-term tissue histocompatibility. Currently, the mainstream clinical decellularized extracellular matrix (ECM) materials predominantly rely on animal tissue extraction or human cadaveric donation. In maxillofacial repair applications, these two traditional technological pathways reveal severe, irreversible bottlenecks: animal-derived ECM retains residual heterologous antigens, carrying potential immunogenic risks, and harsh decellularization extraction processes cause a massive loss of vital bioactive components, making it difficult to effectively induce the ""active regeneration"" of complex maxillofacial tissues. Conversely, cadaveric human ECM, while exhibiting better biocompatibility, heavily depends on scarce cadaver donations, leading to profound ethical, compliance, and legal liabilities within the raw material supply chain; furthermore, extreme donor batch-to-batch variations make it entirely incapable of supporting the clinical demands of standardized, industrial-scale mass production. To conquer the aforementioned bottlenecks, this study drives a paradigm shift from ""passive tissue extraction"" to ""synthetic biology customization"" by pioneering a first-in-class, ""gene-enhanced"" induced pluripotent stem cell-derived human extracellular matrix (iPS-ECM) technology platform. Through active engineering and composition optimization, this platform creates a 100% animal-free, cadaver-free, and virus-free cyto-engineered human ECM, securing a disruptive global technological high ground for maxillofacial volumetric repair and functional tissue regeneration. II. Technical Principles and Cyto-Engineering Customization Methods The core of this research lies in establishing clinical-grade Human Col-CiPS seed cells , actively modifying and regulating the composition and functionality of iPS cells through precise gene-editing tools at the raw material source. Gene Enhancement and Targeted Regulation: This strategy addresses the critical technical checkpoints of directing iPS cell differentiation into induced mesenchymal stem cells (iMSCs) and engineered induced fibroblast (iFbs) working cells. Through gene-editing technologies, the expression systems of core structural proteins within the ECM are actively regulated to stimulate high-volume secretion of a regenerative-enhanced human extracellular matrix in vitro , thereby resolving the shortcomings of low bioactivity and poor compatibility seen in conventional materials. 3D Scalable Bio-Manufacturing: The team developed proprietary cell culture media and porous polymer carriers with nanostructures for standardized, large-scale 3D cell culture inside bioreactors. Utilizing gentle and efficient purification processes, cellular components are entirely eradicated while a high-density collagen and non-collagenous matrix protein network remains fully preserved. Maxillofacial Scaffold Formulation: To meet the specialized space-maintenance and mechanical loading demands of the maxillofacial region, the purified cyto-engineered human ECM is formulated into high-strength ""cross-linked scaffolds"" and ""soluble micronized matrix-type gels,"" successfully crossing the threshold of commercial mass production at low manufacturing costs. III. Experimental Results and Validation in Maxillofacial Regenerative Application Molecular Validation of Gene-Enhanced Clones: Flow cytometry characterization verified that the differentiated iMSC seed cells were highly pure, with strong positive expression rates for markers CD90, CD73, and CD105 reaching 99.8%, 96.2%, and 99.7%, respectively. PCR and alignment against NCBI genomic libraries confirmed that the target gene expression levels achieved a breakthrough jump: the relative expression of the core collagen component COL1A1 increased by approximately 10-fold, and COL1A2 rose by 15- to 20-fold, with highly controllable co-expression of COL2A1 . This provides a highly bioactive molecular matrix for high-efficiency maxillofacial soft tissue repair and reconstruction. Microstructural and Composition Analysis: Scanning electron microscopy (SEM) and protein mass spectrometry confirmed that the purified cyto-engineered human ECM closely mimicked the human native dermal ECM microenvironment in its 3D micro-scaffold architecture. The structural network retained a complete profile of non-collagenous matrix proteins (such as FN1, POSTN, FBN1, VCAN, LAMB1), with a total protein content as high as 75%–90%, demonstrating supreme cellular adhesion and proliferation-promoting abilities. Clinical Translation Trials for Mandibular Retrusion: Leveraging this bio-synthetic engineering platform, the team successfully developed an ""injectable extracellular matrix collagen gel"" (Code: MB-005) designated for Class III medical device classification to treat soft tissue volumetric deficiencies like mandibular retrusion. The product displays outstanding rapid reconstitution dispersibility, film-forming capability, and strong volumetric structural support for structural restoration. Clinical Outcomes: To date, clinical trial enrollment has been successfully completed for over 190 patients. Multi-center trials led by clinical experts at Peking Union Medical College Hospital, Peking University Third Hospital, and Sun Yat-sen Memorial Hospital demonstrated superior volume retention and immediate aesthetic contouring at 1-month and 3-month post-injection follow-ups. Ultrasound and radiographic imaging confirmed excellent host tissue integration, zero severe immunogenic rejection, a negligible complication rate, and an exceptional capacity for long-term in vivo tissue-inductive regeneration. IV. Conclusion The ""gene-enhanced"" iPS-ECM platform developed in this study successfully shatters the supply chain bottlenecks and safety boundaries associated with cadaveric tissues and animal-derived heterologous antigens in maxillofacial repair. It represents the world's first industrial-scale mass production of a native-like, customizable human extracellular matrix at a production cost comparable to bacterial fermentation. In maxillofacial regenerative medicine, this biomaterial outperforms traditional products across both technical benchmarks (including purity, ultra-low DNA residue, and endotoxin metrics) and clinical regenerative performance in 190 mandibular retrusion cases. With a completed 10,000 ㎡ integrated research facility and GMP manufacturing plant in Hunan, Maybio is positioned to advance Class III medical device registrations and iterate further maxillofacial applications, including vocal cord paralysis matrix fiber (MB-034) and cartilage repair (MB-035). This technology offers a standardized ""Chinese Solution"" to global regenerative medicine, realizing a revolutionary paradigm shift from ""passive structural filling"" to ""active induced regeneration"". I. Research Background and Clinical Pain Points in Maxillofacial Repair In the fields of oral and maxillofacial surgery, craniomaxillofacial trauma reconstruction, and plastic surgery, maxillofacial soft tissue defects and volumetric collapse triggered by severe trauma, congenital deformities (such as micrognathia and mandibular retrusion), tumor resections, and degenerative diseases have long stood as highly challenging medical dilemmas. Due to the intricate anatomical structures of the maxillofacial region, replacement materials are subject to exceptionally stringent requirements regarding bioactivity, physical mechanical support strength, 3D space-maintaining capability, and long-term tissue histocompatibility. Currently, the mainstream clinical decellularized extracellular matrix (ECM) materials predominantly rely on animal tissue extraction or human cadaveric donation. In maxillofacial repair applications, these two traditional technological pathways reveal severe, irreversible bottlenecks: animal-derived ECM retains residual heterologous antigens, carrying potential immunogenic risks, and harsh decellularization extraction processes cause a massive loss of vital bioactive components, making it difficult to effectively induce the ""active regeneration"" of complex maxillofacial tissues. Conversely, cadaveric human ECM, while exhibiting better biocompatibility, heavily depends on scarce cadaver donations, leading to profound ethical, compliance, and legal liabilities within the raw material supply chain; furthermore, extreme donor batch-to-batch variations make it entirely incapable of supporting the clinical demands of standardized, industrial-scale mass production. To conquer the aforementioned bottlenecks, this study drives a paradigm shift from ""passive tissue extraction"" to ""synthetic biology customization"" by pioneering a first-in-class, ""gene-enhanced"" induced pluripotent stem cell-derived human extracellular matrix (iPS-ECM) technology platform. Through active engineering and composition optimization, this platform creates a 100% animal-free, cadaver-free, and virus-free cyto-engineered human ECM, securing a disruptive global technological high ground for maxillofacial volumetric repair and functional tissue regeneration. II. Technical Principles and Cyto-Engineering Customization Methods The core of this research lies in establishing clinical-grade Human Col-CiPS seed cells , actively modifying and regulating the composition and functionality of iPS cells through precise gene-editing tools at the raw material source. Gene Enhancement and Targeted Regulation: This strategy addresses the critical technical checkpoints of directing iPS cell differentiation into induced mesenchymal stem cells (iMSCs) and engineered induced fibroblast (iFbs) working cells. Through gene-editing technologies, the expression systems of core structural proteins within the ECM are actively regulated to stimulate high-volume secretion of a regenerative-enhanced human extracellular matrix in vitro , thereby resolving the shortcomings of low bioactivity and poor compatibility seen in conventional materials. 3D Scalable Bio-Manufacturing: The team developed proprietary cell culture media and porous polymer carriers with nanostructures for standardized, large-scale 3D cell culture inside bioreactors. Utilizing gentle and efficient purification processes, cellular components are entirely eradicated while a high-density collagen and non-collagenous matrix protein network remains fully preserved. Maxillofacial Scaffold Formulation: To meet the specialized space-maintenance and mechanical loading demands of the maxillofacial region, the purified cyto-engineered human ECM is formulated into high-strength ""cross-linked scaffolds"" and ""soluble micronized matrix-type gels,"" successfully crossing the threshold of commercial mass production at low manufacturing costs. III. Experimental Results and Validation in Maxillofacial Regenerative Application Molecular Validation of Gene-Enhanced Clones: Flow cytometry characterization verified that the differentiated iMSC seed cells were highly pure, with strong positive expression rates for markers CD90, CD73, and CD105 reaching 99.8%, 96.2%, and 99.7%, respectively. PCR and alignment against NCBI genomic libraries confirmed that the target gene expression levels achieved a breakthrough jump: the relative expression of the core collagen component COL1A1 increased by approximately 10-fold, and COL1A2 rose by 15- to 20-fold, with highly controllable co-expression of COL2A1 . This provides a highly bioactive molecular matrix for high-efficiency maxillofacial soft tissue repair and reconstruction. Microstructural and Composition Analysis: Scanning electron microscopy (SEM) and protein mass spectrometry confirmed that the purified cyto-engineered human ECM closely mimicked the human native dermal ECM microenvironment in its 3D micro-scaffold architecture. The structural network retained a complete profile of non-collagenous matrix proteins (such as FN1, POSTN, FBN1, VCAN, LAMB1), with a total protein content as high as 75%–90%, demonstrating supreme cellular adhesion and proliferation-promoting abilities. Clinical Translation Trials for Mandibular Retrusion: Leveraging this bio-synthetic engineering platform, the team successfully developed an ""injectable extracellular matrix collagen gel"" (Code: MB-005) designated for Class III medical device classification to treat soft tissue volumetric deficiencies like mandibular retrusion. The product displays outstanding rapid reconstitution dispersibility, film-forming capability, and strong volumetric structural support for structural restoration. Clinical Outcomes: To date, clinical trial enrollment has been successfully completed for over 190 patients. Multi-center trials led by clinical experts at Peking Union Medical College Hospital, Peking University Third Hospital, and Sun Yat-sen Memorial Hospital demonstrated superior volume retention and immediate aesthetic contouring at 1-month and 3-month post-injection follow-ups. Ultrasound and radiographic imaging confirmed excellent host tissue integration, zero severe immunogenic rejection, a negligible complication rate, and an exceptional capacity for long-term in vivo tissue-inductive regeneration. IV. Conclusion The ""gene-enhanced"" iPS-ECM platform developed in this study successfully shatters the supply chain bottlenecks and safety boundaries associated with cadaveric tissues and animal-derived heterologous antigens in maxillofacial repair. It represents the world's first industrial-scale mass production of a native-like, customizable human extracellular matrix at a production cost comparable to bacterial fermentation. In maxillofacial regenerative medicine, this biomaterial outperforms traditional products across both technical benchmarks (including purity, ultra-low DNA residue, and endotoxin metrics) and clinical regenerative performance in 190 mandibular retrusion cases. With a completed 10,000 ㎡ integrated research facility and GMP manufacturing plant in Hunan, Maybio is positioned to advance Class III medical device registrations and iterate further maxillofacial applications, including vocal cord paralysis matrix fiber (MB-034) and cartilage repair (MB-035). This technology offers a standardized ""Chinese Solution"" to global regenerative medicine, realizing a revolutionary paradigm shift from ""passive structural filling"" to ""active induced regeneration""."
1714,INS8-1573,"Su Yeon Lim (Sungkyunkwan University), Juhwa Shin (Sungkyunkwan University), Pin Liu (Sungkyunkwan University), Dahwun Kim (Sungkyunkwan University), Siyan Lyu (Sungkyunkwan University), Byung Deok Kim (Sungkyunkwan University), Jihyun Lee (Sungkyunkwan University)","Effective cancer immunotherapy requires simultaneously activating antigen-presenting cells, priming tumor-specific T cells, and overcoming the immunosuppressive tumor microenvironment (TME). We developed three integrated platforms targeting the TME–tumor-draining lymph node axis. First, injectable mesoporous silica microrod scaffolds recruit host dendritic cells via sustained GM-CSF release, enabling in situ transfection of antigen-encoding plasmid DNA with CpG and PEI; this elicited robust CD8⁺ T cell responses, Th1-biased immunity, and memory, suppressing lung metastasis with anti-PD-1 in a B16-OVA model. Second, dissolving microneedles deliver Roridin E to lymphatics, inducing immunogenic cell death and MDA5-driven IFN-β secretion, promoting DC maturation, M1 polarization, CD8⁺ infiltration, and Treg depletion. Third, MFT251, a synthetic TBK1 activator, induces type I interferon and enhances phagocytic uptake. Together, combining biomaterial-driven immune recruitment, targeted innate immune modulators, and checkpoint blockade converts immunologically ""cold"" tumors into ""hot"" ones, offering a framework to overcome immunotherapy resistance."
1715,INS8-1574,,"Polymeric biomaterials such as hydrogels and nanofibers are widely used as versatile platforms for biomedical applications such as drug delivery and tissue engineering, owing to their tunable elasticity, hydrophilicity and biocompatibility. Despite their widespread usage, their general lack of magnetic and electronic properties prevents more sophisticated utilization in bioelectronics that have gained significant popularity in recent years. Herein, we present the development of nanocomposite hydrogel and nanofibers incorporating nanomaterials demonstrating magnetoelectric (ME) properties. Due to the coupling of ME, not only magnetic and electric properties are separately demonstrated, one can also directly induce the other, which is highly desired for remote activation of electronic properties by external magnetic field. Utilizing this unique ME coupling properties, ME nanocomposite materials are employed as (1) cell culture platform that allows electrical stimulation of the cells by external magnetic field without the need for electrodes, and (2) dual-mode biosensor capable of highly sensitive detection of bioanalytes by both electric and magnetic signals."
1801,INS8-1628,,"Due to an inherent biological heterogeneity across individuals and within a disease, it is extremely challenging to identify robust biomarkers that can accurately represent molecular status of the body for disease diagnostics. To solve this intractable problem, we have developed microfluidic platforms and molecular tools that enable high throughput, multiplexed profiling of biomarkers (e.g. cells, extracellular vesicles; EV). We achieved high throughput profiling by combining sequencing with parallelization of microchip technologies and droplet microfluidics. We overcame the variability of any individual biomarker between individual patients, by developing tools that can measure multiple markers and we applied machine learning to identify signatures that persist across this variability. To resolve cell and EV heterogeneity, we have recently developed an ultra-fast cycling method for single cell analysis and an ultra-high sensitive microfluidics that can achieve single particle detection sensitivity, enabling individual EV measurements."
136,KES8-0055,,"CRISPR-based tools, particularly CRISPR/Cas9, have become the leading technology in genetic editing due to their remarkable efficiency and simplicity. However, off-target effects remain a significant challenge that hinders its clinical applications. In this study, we introduce a Dual-Target Editing (DTE) strategy to eliminate off-target effects by expanding the recognition region beyond only guide RNA (gRNA) through supramolecularly cooperative effects and enhanced the specificity. Simply replacing sgRNA by facilely synthesized RNA-DNA chimeras (RDC), the DTE strategy inherited simplicity of CRISPR-based tools in operation, and achieve comparable efficiency in cas9 endonuclease. Validated by high-sensitivity CIRCLE-seq technique, the DTE system can completely eliminate (100%) off-target sites after optimization. Following the same principle, we believe its broad potential across other CRISPR-based tools, such as base editor, Cas12, Cas13, CRISPR interference/activation or other RNA-guided technologies, without additional modifications."
1111,KES8-1013,"Abolfazl Heydari (Polymer Institute of the Slovak Academy of Sciences), Fereshteh Kazemi-Aghdam (Polymer Institute of the Slovak Academy of Sciences), Pavla Hajovska (Polymer Institute of the Slovak Academy of Sciences), Zuzana Cseriova (Polymer Institute of the Slovak Academy of Sciences), Simon Dzatko (Polymer Institute of the Slovak Academy of Sciences)","Dynamic covalent chemistry (DCC) provides a versatile cross-linking strategy for designing advanced biomaterials through the formation of reversible covalent bonds under physiological conditions. 1 These dynamic networks combine injectability, self-healing, stress relaxation, and tunable mechanical properties, making them highly suitable for tissue engineering applications. In particular, DCC-based hydrogels allow minimally invasive delivery, defect filling, and in situ stabilization to support chondrogenesis and ECM formation in cartilage repair and regeneration. 2 In parallel, the same chemistry can be extended to implantable microspheres designed for encapsulation and immunoprotection of transplanted insulin-producing cells, 3 where dynamic covalent bonds enhance durability and stability compared to solely Coulombic interactions-based systems. In this contribution, we will present the highlights of our work on applying DCC as a unifying design principle that bridges injectable ECM-mimetic scaffolds and stable cell-encapsulating microspheres for regenerative medicine and cell-based therapies. Acknowledgements: This work was supported by the Slovak Research and Development Agency under the contract numbers APVV-22-0568 and APVV-22-0565, and by the FLAG- ERA grant GRAPH-OCD, by the Slovak Academy of Sciences under the grant number FLAG ERA III/2023/808/GRAPH-OCD. 1.  Lei, Z., Chen, H., Huang, S., Wayment, L.J., Xu, Q., Zhang, W. Chem. Rev. 124 : 829, 2024. 2.  Lei,  L., Cong, R., Ni, Y., Cui, X., Wang, X. et al., Adv Health Mat. 13 :2302554, 2024. 3. He, W., Li, H., Xu, X., Zhang, X., Chen, J., Lv, Ch., Yu, H., Feng, Q., Dong, H., Chem. Eng. J. 492 : 152261, 2024."
1216,KES8-1105,,"Thermogelling polymers were recognized by the IUPAC as one of the Top 10 Emerging Technologies in October 2025. These polymers remain as free-flowing solutions at formulation temperatures but undergo a thermally induced sol-to-gel transition under physiological conditions, enabling minimally invasive administration and in situ gel formation. Their ability to encapsulate a wide range of bioactive agents, including small-molecule drugs, proteins, nucleic acids, and living cells, through a simple mixing process has established them as versatile platforms for biomedical applications such as controlled drug delivery, 3D cell culture, tissue engineering, regenerative medicine, and cell preservation. Our laboratory has developed a broad portfolio of biodegradable thermogelling polymers based on PLGA, PCL, PTMC, polypeptides, and chemically modified Poloxamers. Among these materials, polypeptide-based thermogels exhibit unique structural and biological characteristics that make them particularly attractive for cell-based biomedical applications. This presentation will highlight the design and biomedical applications of polypeptide thermogels, with an emphasis on their use as 3D cell culture scaffolds for regulating stem cell differentiation, platforms for drug screening, and matrices for hypothermic cell preservation . 1. Drug screening : 2025 , Korea Patent KR102780154B1,PCT/KR/ 2022 /013880, US Patent 2024 /18/692563. 2021 , Korea Patent 102246582B1, PCT/KR2020/000193, US Patent 2022 /0162558A1. ACS Appl. Mater. Interfaces , 2022 , 14, 3, 3773-3783. Biomater. Res. 2026 , 30, 302., J. Controlled Release , 2022 , 343, 118. 2. Cell storage : 2025 , Korea Patent 1020210120741. 3. Controlled stem cell differentiation : Biomaterials , 2018 , 159, 91. , Adv. Funct. Mater ., 2018 , 28, 1706286. , Adv. Funct. Mater ., 2015 ,  25, 2573. , ACS Appl. Mater. Interfaces , 2017 , 9, 42668-42675. , ACS Macro Letters , 2017 , 6, 1305-1309. , Adv. Healthcare Mater ., 2016 , 5, 353-363.,"
1234,KES8-1123,,"Bacterial biofilms remain difficult to eradicate because their extracellular polymeric substance (EPS) matrix restricts diffusion of antiseptic agents and antibiotics and shields embedded cells from mechanical and chemical assault. To counter this challenge, we have developed a class of self-locomotive, antibiofilm microrobots (SLAM), catalytically self-propelled particles built from porous diatom biosilica doped with manganese oxide (MnO₂) nanosheets. These catalysts decompose H₂O₂ into oxygen microbubbles that propel the particles into biofilms and mechanically fracture the EPS matrix from within. We show that the polymeric binder used to synthesize and anchor MnO₂ onto the diatom surface is a previously underappreciated design variable that governs catalyst polymorphism, loading, self-propulsion speed, and collective swarming behavior. In particular, more effective binders enable particles to cooperatively generate and rupture microbubbles that produce cavitation energy sufficient to fracture dense EPS networks and achieve near-complete biofilm removal. Building on this binder-dependent design principle, we further demonstrate that binder-anchored MnO₂-biosilica, whether suspended in peroxide solution or embedded beneath H₂O₂-releasing dressings, sustains bubble activity at the tissue–biofilm interface, enabling near-complete removal of biofilm from contaminated surgical instruments and, in a murine wound model infected with mature, antibiotic-resistant polymicrobial biofilm, driving substantial bacterial reduction, accelerated re-epithelialization, and reduced antibiotic dose requirements. Together, these results establish binder-controlled nanocatalyst assembly as a general polymer-chemistry design principle for engineering self-locomotive antibiofilm microrobots, bridging biofilm disruption on inert surfaces with therapeutic biofilm clearance in living tissue and across a broad array of medical and industrial settings."
1736,KES8-1595,,"Optogenetics has enabled the fundamental understanding of neural circuits and disorders.[1,2] However, current optogenetic techniques are strongly impaired by the low penetration depth of light into tissue. Therefore, ultrasound (US) was used as alternative trigger since US can deeply penetrate tissue with high spatiotemporal control. Our group develops general molecular technologies based on polymer mechanochemistry to control the activity of drugs, proteins and nucleic acids by US.[3,4,5,6,7] While initial efforts relied on low frequency (20 kHz) US that is destructive to cells and tissues, our current efforts are dedicated to two technology platforms that allow the activation of bioactive compounds by biocompatible imaging US and low intensity focussed US (LIFU). The first technology relies on high molecular weight polynucleic acids that are produced by rolling circle amplification or transcription and that encode multiple binding sites for drugs, proteins and nucleic acids. Once these loaded nucleic acid carriers are subjected to ultrasonication, covalent and non-covalent bond cleavage occurs by collapse of US-induced cavitation bubbles leading to activation of cargoes. In this way, gene knock-down in vitro was achieved by liberating siRNA and immune-stimulation was successfully realized in vivo by activating CpG oligonucleotides.[7] Similarly, protein activity can be switched on by US, involving the mechanochemical activation of a protease that subsequently triggers split intein function for controlling the activity of a broad scope of proteins.[8] A second platform technology for low-intensity US activation is mechanophore-incorporated microbubbles that also allow the spatiotemporally controlled release of bioactives.[9,10]"
1775,KES8-1603,,"Hepatocellular carcinoma is preferentially supplied by the hepatic artery, making it uniquely addressable by catheter-directed intra-arterial delivery. This anatomy converts an oncologic problem into a polymer-engineering one: catheter deliverability, calibrated occlusion, tunable degradation, programmed release, and intrinsic imageability are all materials design specifications. I will first revisit drug-eluting embolic polymeric microspheres, in which designing polymeric nanocomposite governing loading and release of potential anti-cancer agents such as doxorubicin and sorafenib, while calibrated size dictates distal tumor penetration. I will then examine the biodegradability frontier, PLGA and alginate, where degradation kinetics decouple transient occlusion from sustained release and permit repeat treatment. Building on this, I will present biodegradable, imageable microspheres designed to make the delivered distribution of embolic agents directly visible, enabling image-based monitoring that conventional embolic microspheres cannot provide. Anisotropic Janus microcarriers will illustrate magnetically actuated combination chemotherapy, and locoregional immunomodulatory carriers will show how polymers can convert ablation into in-situ vaccination. Finally, I will propose a design target for the field's next horizon: a single degradable particle that occludes, releases, reports its delivered dose by imaging, and primes antitumor immunity."
176,KES9-0095,,"To establish a sustainable material production system and preserve the beautiful global environment forever, it is desirable to develop “biomass plastics” that are made from renewable biomass instead of petroleum, and “biodegradable plastics” that are completely degraded into carbon dioxide and water by enzymes secreted by microorganisms in the environment. This paper presents a series of studies on microbial polyesters  and polysaccharide ester derivatives, including the synthesis of novel polymers, development of new processing techniques for high-performance films and fibers, elucidation of the relationship between structure and properties using synchrotron radiation, control of the rate of enzymatic degradation and environmental degradation. Furthermore, development of biodegradation initiation switch and self-degradable aliphatic polyesters in sea-water environment by embedding lipases via melt extrusion will be presented. More recently, we succeeded to confirm microbial decomposition of representative biodegradable plastics (polyhydroxyalkanoates, biodegradable polyesters, and polysaccharide esters) at diverse deep-sea fl oor locations ranging in depth from 757 to 5552 m. The rate of degradation slowed with water depth. We analyzed the plastic-associated microbial communities by 16S rRNA gene amplicon sequencing and metagenomics. Several dominant microorganisms carried genes potentially encoding plastic-degrading enzymes such as polyhydroxyalkanoate depolymerases and cutinases/polyesterases."
338,INS9-0255,,"Proteins offer a powerful blueprint for sustainable structural materials because they combine strength, toughness, flexibility, sensory function, and biodegradability through amide-rich backbones, hydrogen bonding, dynamic secondary structures, and hierarchical organization. In this talk, I will present two complementary strategies for translating protein chemistry into circular polymer materials: direct programming of native proteins and synthetic design of protein-inspired plastics. First, we developed a protein-based vegan leather from once-discarded wheat gluten. Gluten, composed mainly of glutenin and gliadin, has intrinsic viscoelasticity arising from disulfide-bonded protein networks. Through a chemical toughener-free process involving hot pressing, thermal conditioning, and UV exposure, gluten was physically programmed into a durable leather-like material. Heat treatment promotes molecular rearrangement and hydrogen bonding, while UV-assisted oxidation induces additional covalent crosslinks through cysteine- and tyrosine-related pathways. The resulting material exhibits leather-like pliability, frictional feel, surface texture, water resistance, and high toughness, demonstrating that underutilized plant proteins can be transformed into biodegradable structural materials. Second, we extended this protein-derived design principle to synthetic polymers by developing marine-degradable poly(ester amide)s. Conventional biodegradable polyesters often suffer from a tradeoff between degradability and mechanical strength, whereas natural proteins such as silk achieve high performance through amide-rich architectures. By incorporating amide motifs into biodegradable polyester backbones, we created poly(ester amide)s that combine processability, strong mechanical properties, fiber-forming ability, and marine biodegradability. These materials were synthesized from upcycled monomers in a scalable reactor and processed into films and melt-spun yarns."
1510,INS9-1378,,"Photocuring 3D printing is an emerging flexible manufacturing technology. Traditional photocuring printing forms polymer networks through chain polymerization, with their main chains consisting of stable carbon-carbon single bonds, making depolymerization and recycling difficult. This study discovered that thiols and aromatic aldehydes can undergo a rapid click reaction under light irradiation. The resulting thioacetal bonds can thermally dissociate under mild conditions, regenerating the original thiols and aromatic aldehydes. Based on this mechanism, we employed this dynamic covalent bond as a building block to establish a novel photocuring polymer network system based on condensation polymerization, achieving closed-loop recycling of the material under mild conditions. Additionally, leveraging the modular tunability of polymer main chains through condensation reactions, this study also achieved effective regulation of the material's mechanical properties. This work is the first to realize closed-loop circular 3Dprinting of high-performance polymer materials, offering a new pathway for the green and sustainable development of additive manufacturing."
106,ORS9-0030,Manar El-Sayed Abdel-Raouf (Prof. at EPRI),"The current work represents the importance of polyacrylate hydrogels based on green materials such as chitosan and Ulva lactuca algae. In this regard, three hydrogel materials were prepared and employed for the removal of cationic crystal violet dye from simulated solutions. The parent hydrogel is Polyacrylic acid-crosslinked Polyacrylamide (PAAc/PAAm), which was then fabricated with either chitosan (PAAc/PAAm/CS) or Ulva lactuca (PAAc/PAAm/Ul), aiming to make a comparison between the effect of Chitosan and Ulva in enhancing the removal performance of the initial hydrogel. The prepared hydrogels were characterized using several  Characterization techniques, including FTIR, XRD, TGA, SEM, and AFM. The workability of the prepared hydrogels was investigated as a function of pH, sorbent dose, time towards CV dye. The maximum dye removal was attained at pH 11 for the base hydrogel, pH 7 for the chitosan form, and pH 9 for the Ulva form. The adsorption kinetics and isotherm studies showed that all adsorbents were well fitted to PFO model and the Langmuir isotherm. PAAc/PAAm/CS achieved the maximum dye removal with % R (97%) and Q value (48.57 mg/g). Overall, the results affirm the effectiveness of the prepared hydrogels in removing cationic dyes from aqueous solutions."
141,KES9-0060,,"As one strategy towards sustainable materials, approaches that valorize biomass and plastics waste have continued to emerge in recent years. A common methodology is deconstruction/depolymerization, whereby polymers are degraded into smaller molecules by various reaction pathways. The dynamics of these complex systems of molecules, with evolving molecular weights and molecular weight distributions that span the range from monomer up to commodity polymer, are a strong function of process technology. Hence, efficient development of deconstruction technologies and potential application-oriented use cases will benefit from simple and descriptive models that link material characteristics and process parameters to physical properties and product distributions. We have applied these models and learnings towards the realization of more sustainable bio-based and petroleum-based macromolecules. As one example, we have recently achieved the chemical recycling and upcycling of laboratory-based and commercial heteroatom-containing, petroleum-based feedstocks demonstrating the ability to chemically depolymerize both thermoplastics and thermosets back to monomers that can be repolymerized to generate new or upgraded polymeric materials. Additionally, we have begun to identify the impact of additives and impurities on the effectiveness and longevity of catalysts employed in deconstructing plastics waste to develop robust strategies for feedstock purification and catalyst regeneration. Overall, this work in bio-based and petrochemical macromolecules offers new pathways to ‘closing the loop’ on the life cycle for higher-performance and more sustainable polymer systems ."
178,INS9-0097,,"This presentation will summarize our recent advances on H-bond-mediated polymers (HBMPs), fabricated via judiciously tuning the interchain/intersegment H-bonding interactions, in conjunction with rational design of the covalent polymer chain or network structures. We demonstrate that H-bond-mediated assembly offers an effective strategy to fabricate new polymers with unprecedented properties and sustainability, using commodity polymers as building blocks. Importantly, the synergy of multivalence cooperativity and dynamic nature of the H-bonding interactions in HBMPs can reconcile the trade-off between strength and toughness, enabling simultaneous achievement of superhigh strength and superhigh toughness. Moreover, optimizing multivalence cooperativity allows the H-bonded crosslinks to mimic covalent crosslinking, providing thermoset-like stability while maintaining recyclability in thermoplastic polymers."
360,INS9-0277,Dieu Minh Ngo (Kumoh National Institute of Technologyy),"The chemical recycling of poly(ethylene terephthalate) (PET) and its glycol-modified derivatives via glycolysis offers a practical route to recover monomers and oligomers, yet it is limited by the low reactivity of crystalline and sterically hindered polyesters, undesirable side reactions, and the large energy and water demands of purification and solvent recovery. This work presents an integrated strategy spanning pretreatment, reactivity analysis, catalyst design, product valorization, and process sustainability. Dissolving PET in dimethyl sulfoxide and recrystallizing it into micro-sized porous powders enlarged the contact area between solid PET and ethylene glycol (EG), accelerating glycolysis roughly fivefold and achieving full conversion below 180 °C while suppressing diethylene-glycol-containing byproducts. Using model compounds (BHET, BHCHT, BHDIT) for PET, PCT, and PIT, substituting the EG unit with 1,4-cyclohexanedimethanol or D-isosorbide lowered reactivity to about one-third and one-fifth or less, respectively, revealing how alcohol nucleophilicity and steric hindrance govern transesterification. A zinc-alkoxide catalytic system (Zn(OAc)₂/NaOEt or Zn(OMe)₂) was therefore developed, enhancing the rates of hindered substrates four- to fivefold and enabling efficient depolymerization of both PET and PCT. Beyond BHET, recovered streams were directly converted into value-added products: an EDTA chelating strategy deactivated the Zn catalyst during diol removal to yield low-viscosity liquid polyols for thermally stable polyurethanes, while byproduct oligomers were transformed into high-purity dimethyl terephthalate by mild methanolysis. Finally, an ethyl acetate cosolvent enabled ambient-temperature isolation of BHET at 97.8% purity and full recovery and reuse of EG, EtOAc, and catalyst, realizing a near zero-waste closed-loop process with a markedly reduced carbon footprint (3.07 versus 7.34 kg CO₂-eq per kg PET)."
1072,INS9-0974,,"Biodegradable polymer/cellulose nanofiber (CNF) nanocomposites are promising sustainable materials, but mechanical reinforcement requires effective control of CNF dispersion, matrix–filler adhesion, and, in blend matrices, phase compatibility. Here, we report molecularly designed heterocyclic additives for two related reinforcement challenges: CNF dispersion and interfacial adhesion in a single poly(butylene succinate) (PBS) matrix, and simultaneous CNF dispersion and blend compatibilization in an immiscible poly(butylene adipate-co-terephthalate)/poly(lactic acid) (PBAT/PLA) matrix. In the first system, an isosorbide-derived heterocyclic additive was synthesized to modify CNFs for PBS nanocomposites. Its heterocyclic and urethane motifs promoted hydrogen bonding with CNFs, enabling their exfoliation and uniform distribution and enhanced matrix-filler adhesion. The resulting film showed increases of 18.6%, 33.3%, and 77.1% in tensile strength, elongation at break, and toughness, respectively, compared with neat PBS. In the second system, this concept was extended to an immiscible PBAT/PLA blend by synthesizing a heterocycle-containing additive with PLA oligomer blocks. In this structure, the heterocyclic and urethane moieties provided hydrogen bonding with CNFs to improve dispersion and matrix–filler adhesion, whereas the PLA blocks enhanced segmental affinity with the PLA-rich domain for PBAT/PLA compatibilization. The resulting film achieved a tensile strength of 19.37 MPa, elongation at break of 579.61%, Young’s modulus of 155.27 MPa, and toughness of 403.62 N/mm². Molecular simulations and FT-IR analysis using model systems supported the proposed interaction mechanisms. These results demonstrate that molecularly designed heterocyclic additives can be structurally tailored to the matrix architecture, offering a strategy for mechanically reinforced biodegradable nanocomposites based on single-polymer matrices or immiscible polymer blends."
184,INS9-0103,,"Glassy polymers are mechanically robust and have been used as hard plastics for a wide range of applications. However, polymers are incapable of self-repair in the glassy state due to the frozen molecular chains. In 2018, Aida et al. challenged this perception, reporting a glassy poly(ether-thiourea) (TUEG 3 ) that was mechanically robust but self-healable at room temperature under an external compression force. [1] In addition, some new room-temperature self-healing glassy polymers have been reported recently, including our glassy random hyperbranched polymers in 2020. [2] However, all of these polymers are thermoplastics without covalent networks. For glassy thermosets, the covalent cross-links impose strong restrictions on the mobility of polymer chains, in addition to the vitrification state. Therefore, even when carrying reversible covalent networks with topology freezing point temperature ( T v ) well below T g , the thermosets still cannot be healed in the glassy state. Here we report a room-temperature self-healing glassy thermoset (ShGT) enabled by designing a disulfide-bond and H-bond hybridized network carrying abundant dangling chains, which are commonly known as network “defects”. [3] However, the “defects” do not plasticize the polymer, as they are bound to network chains through H-bonds. Therefore, the polymer possesses high modulus and strength at room temperature. Importantly, the “defects” can drive the metathesis reaction of disulfide bonds and the rearrangement of H-bonds in the glassy state, enabling the thermosetting network to self-heal at and even below room temperature."
1025,INS9-0927,"In-Joo Chin (Inha University), Jaehoon Cho (KITECH), Dae Hoon Kim (KCL), Gi Beom Kim (KCL)","For over three decades, evaluating plastic biodegradability has relied on composting or soil-based criteria. Historically, materials were classified as ""compostable"" or ""soil biodegradable"" if at least 90% of the organic carbon converted into carbon dioxide (CO₂) within 6 to 12 months. However, growing concerns regarding marine plastic pollution—the ultimate sink for plastic waste—have shifted research efforts toward validating biodegradability under marine conditions using newly established standards. While contemporary standards narrowly define this environment by evaluating aerobic biodegradation in seawater or at the seabed interface, the unique characteristics of marine systems (e.g., low microbial density and fluctuating dissolved oxygen and nutrient levels) often result in the coexistence of oxic and anoxic microenvironments. Preliminary findings from ongoing research offer a robust framework supporting this hypothesis at the seawater-sediment interface. Concurrently, systematic evaluations quantifying the simultaneous generation of carbon dioxide (CO₂) and methane (CH₄) across distinct oxic and anoxic depth zones could elucidate comprehensive, leak-free marine biodegradation pathways. Ultimately, this integration bridges the gap between terrestrial organic recycling systems for compostable plastics and the typically prolonged natural biodegradation rates observed in marine environments."
1475,KES9-1343,,"Polylactide (PLA) is one of the most promising synthetic biorenewable (i.e., from corn) alternatives to petroleum-based thermoplastics. PLA’s properties and chemical structure afford the potential to mitigate plastic waste and accumulation after-use through pathways like chemical recycling or biodegradation. Although industrial composting conditions (e.g., 58 o C, ~60% moisture content with microorganisms) are capable of degrading PLA to biomass, CO 2 and water on the order of ~3 months, most of the population does not have access to these facilities. Enhancing the degradability and compostability of PLA would be an attractive step forward, especially if at-home PLA composting can be enabled. This presentation will highlight a range of strategies that we have pursued towards this end, including installing salicylate units by transesterification into the PLA backbone and physically mixing different additives, like salicylates and anhydrides, with commercial PLA resins. In general, the approaches we have pursued utilize industrially-scalable melt processing techniques with additives that are efficient and practical without compromising PLA’s many attractive properties. As a recent example, even trace (0.01 wt %, 100 ppm) incorporation of 2-sulfobenzoic acid cyclic anhydride, a masked acid, promotes PLA hydrolysis at temperatures well below the glass transition temperature of PLA. Furthermore, incorporation of 2-sulfobenzoic acid cyclic anhydride (0.1 wt %) enabled rapid biodegradation under industrial composting conditions at 58 °C, achieving 90% within 11 days, without adversely affecting microbial activity. This work provides insights and direction for the development of high-performance yet more sustainable and degradable alternatives to conventional polyesters."
507,INS9-0423,,"Plastic pollution, low levels of recycling, and ecotoxicological concerns regarding additives and microplastics have driven increased awareness about the unsustainable use of plastics in our modern society as well as their negative impacts on the environment. Most plastic additives are small molecules that are critical to plastic processing and/or product performance; however, they can migrate to interfaces and potentially leach into packaged products (during use) or the environment (when plastic waste is mismanaged). Our work addresses this challenge through two generations of innovative polymeric antioxidants that demonstrate comparable—or better—performance compared to conventional small-molecule counterparts while showing remarkably lowered leaching potential. We demonstrate this using polyethylene terephthalate (PET) as the plastic matrix, incorporating the additives by twin screw extrusion and subjecting the extrudate to a variety of performance tests including oxidative induction time (OIT), solvent immersion trials, and colorimetry. The additives are produced via simple free radical copolymerization of phenol-bearing monomers and styrene, and systematic variation of their size and composition enabled us to discern structure–property–performance trends in PET. Along the way, we demonstrate that a seemingly minor change in phenolic monomer structure results in a significant benefit to antioxidant efficacy without enhancing leaching potential. In more quantitative terms: we find the second generation of polymeric additives leach ≥ 90% less than the commercial benchmark while providing 2- to 5-fold enhancement of the OIT."
843,INS9-0754,,"Poly(lactide) (PLA) is a renewable and biodegradable thermoplastic. Despite its sustainability, PLA's inherent brittleness limits its broader use, particularly in disposable packaging applications. This presentation highlights recent research trends and strategies at Korea Research Institute of Chemical Technology (KRICT) aimed at overcoming PLA brittleness through sustainable materials design. A renewable and biodegradable plasticizer system was developed by designing an ester structure closely matching PLA repeat units to maximize compatibility. Acetyl-terminated lactide oligomers (ALO, 330–430 g mol –1 ) exhibited improved thermal stability ( T d,5% increased by 23–43 o C) and biodegradation of 55–78%. When incorporated in PLA at 10–50 phr, ALO reduced T g to 10–20 o C, showed complete miscibility, and caused minimal PLA degradation during processing. The blends exhibited tunable mechanical properties from ductile to elastomeric behavior ( ε b = 13–658%), low stress-relaxation moduli (2.4–9.8 MPa) and small residual strains (7–17%). ALOs can be promising sustainable plasticizers, providing both effective plasticization and elastomeric performance in PLA. Semicrystalline-glassy (poly(amide11)–poly(lactide)) n (PA11–PLA) n multiblock copolymers containing >97% renewable carbon content were also developed as toughening agents for PLA. Thermal and SAXS analyses confirmed phase-separated morphologies. The resulting materials combined PLA-derived stiffness with PA11-induced toughness and strain-hardening behavior ( ε b = 380–493%, γ = 124–171 MJ m –3 ). Furthermore, the multiblock copolymer (PLA 118 –PA11 66 –PLA 118 ) 1.6 acted as an effective compatibilizer for immiscible PLA/PA11 blends, increasing strain at break and toughness to 467% and 175 MJ m –3 , respectively, while maintaining a yield stress of 54 MPa. These studies demonstrate sustainable strategies for producing high-performance PLA materials with enhanced flexibility, toughness, and practical applicability."
299,ORS9-0216,"Liju Raju (University of Ljubljana), Jyothis Devasia (University of Ljubljana), Jakob Höfferle (National Institute of Chemistry), Janez Košmrlj (University of Ljubljana)","Deuterated compounds are increasingly important in medicinal chemistry, organic synthesis, and materials science, motivating the development of efficient and sustainable hydrogen-deuterium (H/D) exchange methodologies. Among existing systems, Kerr’s iridium(I) catalyst is a benchmark for selective H/D under mild conditions. To reduce metal leaching and product contamination while preserving the valuable iridium catalyst, we immobilized the catalyst on nitrogen-containing dendrimer architectures (dendrimers are specialized, symmetrical branched polymers). The resulting homogeneous dendrimer-supported catalysts promoted selective H/D exchange of various substrates with high D incorporation and product yield. Importantly, the dendrimer scaffold enables straightforward catalyst recovery from organic solvents e.g., DCM, upon addition of carbonated water, forming hydrophilic, water-soluble versions of the catalyst, simultaneously simplifying isolation of the deuterated product through phase separation. This paper presents the synthesis of several homogeneous dendrimer-immobilized catalysts followed by their attempted recovery (via the above methodology) and recycling studies. We found that the ratio of catalyst to tertiary N (within the dendrimer scaffold) to be critical in determining the effectiveness of the CO 2 -switchability process and the solubility of the dendrimer-immobilized catalyst in various solvents."
1660,KES9-1523,"Ronard Herrera (University of Houston), Mercie Hodges (University of Houston), Ioannis Mountziaris (University of Houston), Ramanan Krishnamoorti (University of Houston)","Polyolefins represent the largest contribution to plastic production, use, and generated waste worldwide, yet their recycling rates are low. Current recycling is limited by the inherent cost in and supply chain logistics of collecting, sorting and cleaning diverse plastic composition waste streams, the presence of additives, fillers and inks, and the downgrading of polymer properties during mechanical recycling. The lack of control over polymer architecture and molecular weight invariably results in recycled materials with inferior properties. This presentation will discuss new strategies for recycling and reuse of polyolefin waste through industry-relevant melt-based functionalization processes followed by upcycling to new materials. Specifically, the formation of thermoset polyurethane networks was explored, in which the interplay of crystallization of the polymer and formation of a network architecture governed the resulting material properties. X-ray analysis revealed that the crystal structure of the polyolefin was preserved in the polyurethane network. At room temperature, the polyurethane showed high modulus due to the crystallization behavior of the polyolefin; upon increasing the temperature above the melting temperature, the modulus decreased to a rubbery plateau, consistent with formation of a network. The resulting polyurethane showed higher glass transition temperature and lower degree of crystallinity than its polyolefin predecessor due to the crosslinked nature of the polymer. The mechanical integrity of the polyurethane was maintained through several reprocessing cycles due to the melt processability enabled by the presence of a urethane exchange catalyst. This functionalization and upcycling route thus offers a promising alternative for repurposing polyolefin waste, in which the creation of melt-processable thermoset polymers opens new applications for the materials."
220,INS9-0139,,"A circular polymer economy requires both recyclable-by-design materials and the upcycling of legacy polymer waste. Here, we show how homogeneous olefin metathesis catalysis enables precise, thermodynamically guided transformations that address both challenges. Strain-engineered cyclohexene- and cyclooctene-derived monomers undergo efficient ring-opening metathesis polymerization, affording functional polymers with robust service properties. By controlling monomer conformation and ring strain, these polymers can be selectively depolymerized under appropriate conditions to regenerate their monomers. In parallel, an isomerization–metathesis platform converts cross-linked waste-tire rubbers into value-added cyclic alkenes and chemical feedstocks. Together, these studies establish catalyst and molecular design principles for improving selectivity, reversibility, and efficiency in circular polymer chemistry."
225,INS9-0144,,"Polyolefins account for more than 50% of global plastic production. However, their inherent chemical inertness makes efficient chemical recycling challenging. While conventional recycling methods, such as pyrolysis/catalytic pyrolysis, hydrogenation, and hydro cracking has been widely studied to produce hydrocarbon products 1 , oxidative recycling offers an alternative route by converting polyolefins into oxygen-containing valued chemicals such as alcohols and acids, new functional polymers or carbon-based materials 2 . Of these, the production of chemicals is commonly achieved via oxidative degradation , which typically proceeds via a free radical mechanism. The uncontrolled radical process makes it difficult to regulate the breakage and oxidation degrees. This presentation will cover recent advances in the oxidative degradation of polyolefins, with a focus on the latest progress from our research group. Specifically, the oxidative degradation of polyolefins into diacids , oligomers or new polymeric materials will be discussed 3-5 . Future perspectives on this approach will also be presented. References (1) Sun, J; Dong, J; Gao, L, et al. Catalytic Upcycling of Polyolefins. Chemical Reviews, 2024 , 124 (16): 9457-9579. (2) Che, Y; Wu, Y; Niu, Z. Oxidative degradation and upcycling of polyethylene wastes. Science China-Chemistry, 2025 , 68 (2): 430-443. (3) Shen, C; Wei, X; Chen, Q, et al. On-Demand Upcycling of Polyethylene Wastes to Recyclable Multifunctional Materials by LEGO Strategy. Ccs Chemistry, 2026 , 8 (1): 568-578. (4) Ye, P; Wei, X; Shen, C, et al. Iron(III)-Catalyzed C―H Hydroxylation of Low-Density Polyethylene Coupled with Short Chain Branching Growth. Angewandte Chemie-International Edition, 2025 , 64 (26): e202503405. (5) Zhang, Q; He, J; Wei, X, et al. Oxidative Upcycling of Polyethylene to Long Chain Diacid over Co-MCM-41 Catalyst. Angewandte Chemie-International Edition, 2024 , 63 (33): e202407510."
1086,INS9-0988,,"Plastics are among the most commercially successful materials ever developed by humankind; however, growing concerns regarding environmental pollution throughout their production, use, and disposal stages have raised significant questions about their sustainability. As alternatives to conventional petroleum-based plastics, biodegradable and bio-based plastics have experienced rapid growth in both production volume and application scope. Nevertheless, biodegradable plastics often require months to years to achieve complete degradation under natural or landfill conditions. Furthermore, their aerobic degradation generates carbon dioxide, raising ongoing concerns regarding their carbon neutrality and overall environmental sustainability. Consequently, there is increasing social, industrial, and scientific demand for technologies that can accelerate the degradation of biodegradable and bio-based plastics, including poly(butylene adipate-co-terephthalate) (PBAT), poly(butylene succinate) (PBS), polyhydroxyalkanoates (PHA), and polylactic acid (PLA). Beyond degradation itself, growing attention is being paid to resource-circulation strategies that enable the valorization of degradation products through material recovery and energy production. This session will highlight recent advances in the accelerated degradation of biodegradable plastic materials and products, including PLA, PHA, PBAT, and PBS, through the use of microorganisms and microbial enzymes. Various physical and chemical approaches for enhancing degradation efficiency will also be introduced. In addition, recent findings on the anaerobic degradation behavior of biodegradable plastics under oxygen- and temperature-limited conditions, as well as strategies for accelerating biogas production, will be discussed. Furthermore, the session will examine the chemical composition of extractable chemical mixtures released from commercial biodegradable plastic products and their associated environmental and ecotoxicological impacts. Through these discussions, we aim to provide a comprehensive perspective on the degradation, safety, and sustainability of biodegradable plastics and to suggest future research directions for their responsible development and utilization."
445,INS9-0361,,"While the transition toward biodegradable polymers and materials derived from biomass is driven by strict environmental regulations, overcoming the performance disparity with conventional petroleum plastics remains a persistent challenge. However, the paradigm of polymer science is shifting from merely matching these traditional materials to actively surpassing their physical capabilities through advanced structural design. In this presentation, we demonstrate that strategically engineered biodegradable polymers can deliver unprecedented composite physical properties. By utilizing monomers derived entirely from biomass, specifically furandicarboxylic acid for exceptional structural rigidity alongside citric acid to introduce multifunctionality and complex networking, we architected a novel series of advanced polymers. Crucial to this breakthrough were significant improvements in synthesis methodologies coupled with innovative catalyst design and precise compositional tuning. Furthermore, we comprehensively evaluated the macromolecular architecture through advanced structural analysis techniques, including the precise determination of sequence distribution and two-dimensional correlation spectroscopy. These deep structural insights allowed us to meticulously tailor the polymer network, resulting in materials that exhibit superior mechanical strength and multifaceted functionalities without compromising their inherent biodegradability. Ultimately, this work highlights that the next generation of biodegradable polymers can redefine the limits of materials science, moving beyond simple environmental replacements to offer true performance superiority."
1820,INS9-1632,"Sungwan Jeon (Interior Materials Development Team, Materials Research and Engineering Center, Hyundai Motor Company)","In response to the global climate crisis, nations worldwide have declared carbon neutralities and are undertaking extensive efforts to reduce CO₂ emissions. The automotive industry, in particular, has begun managing carbon emissions not only from greenhouse gases released during vehicle operation, but also from a full life cycle assessment (LCA) perspective encompassing the production, processing, use, and end-of-life disposal of vehicles, components, and materials. Hyundai, Kia, and Genesis have committed to achieving carbon neutrality by 2045. Toward this goal, our research is actively being pursued on bio-based and natural materials that exhibit negative carbon factors at the production stage and are capable of sequestering carbon within the material matrix, alongside ongoing efforts in recycled material development. In the field of engineering plastics, the primary focus is on developing low-carbon, lightweight materials through bio-plastics utilizing biomass-derived monomers and composites incorporating natural-sourced fillers. For interior leather substrates, key research directions include the utilization of natural resources such as mycelium and fruit byproduct, as well as increasing bio-based polyurethane (PU) content, with the aim of replacing conventional animal-hide leather and petroleum-derived synthetic PU leather. This research evaluates the contribution of bio-based and natural materials to carbon reduction in automotive interior parts through increasing bio-content and diversifying feedstock sources, and discusses current technical limitations along with potential strategies to address them."
1749,KES9-1584,,"We have found that the Slide-Ring Materials 1,2) by cross-linking polyrotaxane (PR) and epoxy resin vitrimers drastically improved the mechanical properties, self-healing, chemical decomposition, and marine biodegradability of vitrimers. 3) The optimal vitrimer with PR exhibited enhanced toughness, with an elongation at break 5.3 times greater than that of a vitrimer devoid of PR; it also showed self-healing properties, was chemically recycled 10 times faster, and was recovered twice as fast. These results are ascribable to the sliding diffusion motion of the PR, which lowers the energy required for transesterification. These findings may lead to the development of environment-friendly plastics t hat exhibit most of the properties required for a sustainability. Microplastics in the marine environment have emerged as a pressing global issue. Fishing lines pose a particularly formidable challenge, as their resistance to biodegradation in seawater has led to significant harm to marine turtles, seabirds, and fish. Furthermore, polymers that have been engineered for marine biodegradability, such as polyhydroxyalkanoates, show inadequate mechanical strength for widespread application in fishing lines. In this study, we report the unexpected discovery that certain commercially available nylon materials, nylon 6 and nylon 6,6 copolymers, previously believed to be nonbiodegradable, can in fact undergo biodegradation in marine conditions. 4) This discovery represents a breakthrough in the development of marine-biodegradable polymers that successfully balance durability, strength, toughness, cost, and mass-productivity with environmental degradability. 1. Okumura, Y.; Ito, K. Adv. Mater. 2001 , 13, 485-487. 2. Liu, C. et al., Science 2021 , 372(6546) , 1078-1081. 3. Ando, S, ACS Mater. Lett. 2023 , 5 , 3156-3160. 4. Ando, S, ChemRxiv 2025 DOI: 10.26434/chemrxiv-2025-cbmb0."
156,INS9-0075,,"Predicting damage prior to catastrophic failure remains one of the biggest challenges for many materials we depend on for safety. Current methods like piezoresistors are sensitive but not scalable, whereas mechanophores are limited from low-strain applications and require material-specific chemistry. Here, we adopt a universal approach, developing a mechanophore-laden epoxy paint and applied it on 6061 aluminum, correlating increases in bending strain and fluorescence of the epoxy layer with slip lines in the aluminum. The sensitivity depended on network architecture, with increased branching demonstrating higher colorimetric sensitivity in not only single-event three-point bending, but more importantly fatigue damage in the elastic regime as low as 2.5%. These findings shed light on optimization strategies for mechanical transduction through polymers and heterointerfaces, and demonstrate the wide-scale feasibility of mechanophoric paint to enhance safety and reduce unnecessary waste for structural materials."
1212,INS9-1101,,"Marine plastic pollution continues to escalate, with large amounts of short ‑ lived plastics entering oceans and fragmenting into microplastics that threaten ecosystems and human health. Although PLA is biodegradable in composting environments, it remains highly persistent in seawater due to low temperature, limited microbial activity, and restricted water diffusion. Achieving practical marine degradability requires molecular ‑ level control of hydrophilicity, crystallinity, chain mobility, and enzymatic accessibility while preserving mechanical durability. This work presents a unified molecular ‑ design strategy for marine ‑ adaptive bioplastics by combining hydrophilic pathways, controlled block sequences, and biomass ‑ derived monomers. PEG–PLA multiblock copolymers show that hydrophilic segments create water ‑ penetration routes that accelerate hydrolysis and enzymatic degradation, enabling 50–70% seawater biodegradation within 28 days. Xylose ‑ derived PAX ‑ co ‑ PLA copolymers demonstrate how biomass ‑ based segments provide toughness while allowing controlled degradation; PHX ‑ co ‑ PLA loses structural integrity within one month in seawater yet maintains low water uptake. Together, these materials reveal general principles for designing next ‑ generation marine ‑ degradable bioplastics: hydrophilic pathways that enhance seawater penetration, block ‑ sequence control that tunes toughness and degradation, and biomass ‑ derived monomers that improve functionality without increasing environmental burden. This integrated approach enables precise adjustment of degradation rates and mechanical performance, offering a promising route toward sustainable materials capable of mitigating marine plastic pollution."
138,ORS9-0057,,"The transition toward sustainable technologies requires advanced materials that combine high performance, multifunctionality, and reduced environmental impact. This presentation highlights recent developments in bio-based UV-curable polymer systems derived primarily from renewable vegetable oils and lignocellulosic resources, designed for additive manufacturing and advanced functional applications. A series of sustainable photopolymer formulations based on acrylated vegetable oils, bio-derived monomers, and natural fillers were developed and processed using extrusion-based and vat photopolymerization 3D printing technologies. Hybrid lignocellulosic fillers, including lignin, cellulose nanocrystals, cellulose nanofibrils, and hemicellulose, enabled the fabrication of wood-mimicking structures with tunable surface morphology, enhanced thermomechanical properties, and improved thermal stability. The synergistic interaction between fillers provided customizable textures and structural performance while maintaining high bio-based content. Beyond structural materials, bio-derived shape memory polymers with biosourced carbon contents up to 87% were developed for 4D printing applications. Through precise formulation design, glass transition temperatures and mechanical properties were linearly tuned, while the incorporation of small amounts of carbon nanotubes enabled remote actuation through electrical and light stimuli. The resulting structures demonstrated excellent shape-fixity and recovery performance, enabling programmable and multifunctional actuation. The versatility of these material platforms was further demonstrated in sustainable triboelectric nanogenerators, protective coatings, and biocompatible ionic polymer actuators. Fully bio-based and degradable triboelectric materials exhibited substantially enhanced power generation through molecular and surface engineering approaches. UV-curable coatings provided excellent optical transparency, mechanical adaptability, adhesion, and wear resistance, while directly printed ionic polymer actuators achieved record bending performance for biocompatible systems, opening opportunities for soft robotics and human-interactive devices. Collectively, these results demonstrate how renewable feedstocks, advanced polymer chemistry, and additive manufacturing can be integrated to create next-generation sustainable materials for applications ranging from structural components and protective coatings to energy harvesting systems, smart actuators, and soft robotic technologies. The presented research contributes to the development of regenerative and circular material solutions capable of addressing future technological and environmental challenges."
258,ORS9-0176,,"The development of biomaterials that can promote tissue healing and regeneration is fundamental to the field of regenerative medicine. Our research tackles one of the core challenges in this field by revolutionizing the chemical tools in green biomaterial manufacturing. We address the limitations of conventional photopolymerisation - namely its reliance on toxic and UV light sensitive photoinitiators - by developing a new class of low-toxic visible-light photoinitiators. This innovation paves the way for cytocompatible manufacturing under mild conditions. This presentation will detail our approach, demonstrating how advancing the photochemical “engine” establishes a powerful new paradigm for advanced manufacturing and polymer materials."
1857,KES9-1661,,"Rubber seeds are an underutilized agricultural resource, with rubber seed oil (RSO) containing a diverse range of saturated and unsaturated fatty acids (FAs), including palmitic acid, stearic acid, oleic acid (OA), linoleic acid (LA), and linolenic acid. Despite this chemical richness, the conversion of RSO-derived components into high-value functional materials remains largely unexplored. This presentation highlights a materials-oriented approach in which OA and LA serve as renewable molecular building blocks for the construction of functional polymeric networks. Dynamic covalent chemistry is employed to impart network adaptability while maintaining the mechanical integrity of the resulting bio-based elastomers. The resulting materials demonstrate a range of functional characteristics, including high stretchability, adhesion, reprocessability, and self-healing. Beyond the specific polymer systems, the work demonstrates the potential of transforming components derived from rubber seeds into functional polymeric materials and provides a platform for further development of sustainable materials based on renewable fatty-acid resources."
1122,INS9-1023,,"The transition toward a circular economy demands material systems that simultaneously achieve functional performance, manufacturing feasibility, and sustainable end-of-life management. In this work, we present an integrated research perspective on circular material development based on the design and engineering of next generation biobased materials. Our approach explores multiple material design strategies spanning sustainable polymer development, lifecycle responsive material functionality, and end-of-life considerations for resource circulation. Rather than focusing on a single material platform or degradation mechanism, this framework aims to establish design principles that connect material synthesis, performance optimization, process compatibility, and circular utilization pathways. Particular emphasis is placed on the concept that sustainability should be incorporated as a material design parameter from the earliest stages of development rather than treated as a post use solution. By integrating approaches across molecular design, functional interfaces, and controllable lifecycle behaviors, this work highlights opportunities to extend material utility while enabling recovery, regeneration, and reduced environmental burden. Collectively, this presentation proposes a circular by design paradigm for advanced biobased materials and discusses future directions toward scalable and practical implementation of circular material systems."
190,ORS9-0109,,"The transition towards circular food packaging requires recycled polymers that retain functional performance while complying with food-contact safety requirements. Although considerable effort has focused on improving recycled plastics, scarce information is available on the recyclability of active advanced food-packaging systems and the evolution of migration during repeated processing. This study investigated the effect of simulated mechanical recycling on the properties and migration behavior of an antioxidant polypropylene packaging (Velásquez et al., Mater. Des., 2026; ACS Appl. Polym. Mater., 2026). Structural, morphological, thermal, mechanical (tensile and IZOD impact), sealability, barrier, and overall migration properties were evaluated throughout reprocessing. The influence of the packaging components on recycled polypropylene was also assessed separately. The active packaging remained reprocessable by cast extrusion and retained key properties, including melt flow rate, thermal stability, and impact resistance. Reprocessing increased elongation at break by 8-fold relative to the original packaging. Moreover, the oxygen permeability of the reprocessed packaging was 65% lower than that of the recycled polypropylene control at the same number of reprocessing cycles. Interestingly, although the original packaging exceeded the regulatory overall migration limit in an acidic food simulant, successive reprocessing reduced migration by approximately 34%. These findings demonstrate that recycled polypropylene packaging can retain critical performance attributes after repeated processing, supporting the potential development of circular food-packaging systems. However, further innovation is required to simultaneously optimize barrier performance, mechanical properties, and food-contact safety of the recycled active polypropylene before its safe reincorporation into food-contact applications."
840,ORS9-0751,"Bing Chun Wang (Department of Forestry, National Chung Hsing University)","What happens to coffee grounds after the last cup is brewed? In this study, spent coffee grounds were reimagined as a renewable feedstock for sustainable polyurethane (PU) foams. Instead of being treated as waste, the grounds were converted into reactive bio-based polyols through a short polyol liquefaction process using a PEG400/glycerol co-solvent system. The resulting liquefied spent grounds exhibited suitable hydroxyl functionality and processability for PU foam preparation. Two-component PU foams were prepared using the liquefied bio-polyol with different isocyanate systems, including hexamethylene diisocyanate biuret trimer and polymeric methylene diphenyl diisocyanate (PMDI). The NCO/OH molar ratio was adjusted to tailor the hard-segment content, crosslinking structure, and cellular morphology of the foams. The incorporation of liquefied spent grounds not only introduced renewable carbon into the PU network but also influenced foam formation. Biomass-derived residues acted as reinforcing components and possible heterogeneous nucleation sites, contributing to improved cell stability and reduced foam anisotropy. The resulting PU foams exhibited low thermal conductivity, good solvent resistance, and enhanced compressive performance, especially in PMDI-based formulations. The properties analysis indicated that increasing the NCO/OH ratio promoted urethane and urea formation, enhanced hydrogen bonding, and improved the crosslinked network structure. These findings demonstrate that spent grounds can be upgraded from a daily waste stream into functional polymer foams with potential applications in thermal insulation, lightweight composites, and circular bio-based materials. This work presents a simple and promising “ waste-to-polymer ” strategy, transforming a familiar residue from everyday life into sustainable PU foam materials for the next generation of low-carbon polymer applications."
1164,ORS9-1056,"Nam Duc Vu (Universite Claude Bernard Lyon 1, CNRS, CPE Lyon, UMR 5128, Laboratory of Catalysis, Polymerization, Processes and Materials (CP2M), 43 Bd du 11 Nov. 1918, Villeurbanne, France), Cécile Rosier (Elkem Silicones, R&D Chemistry, R&I Centre “ATRiON,” 9 rue Spécia, Saint-Fons, France), Eugénie Blaser (Elkem Silicones, R&D Chemistry, R&I Centre “ATRiON,” 9 rue Spécia, Saint-Fons, France), Aurelie Boulegue-Mondière (Elkem Silicones, R&D Chemistry, R&I Centre “ATRiON,” 9 rue Spécia, Saint-Fons, France), Joséphine Munch (Elkem Silicones, R&D Chemistry, R&I Centre “ATRiON,” 9 rue Spécia, Saint-Fons, France), Anne Fabris (Elkem Silicones, R&D Chemistry, R&I Centre “ATRiON,” 9 rue Spécia, Saint-Fons, France), Vincent Monteil (Universite Claude Bernard Lyon 1, CNRS, CPE Lyon, UMR 5128, Laboratory of Catalysis, Polymerization, Processes and Materials (CP2M), 43 Bd du 11 Nov. 1918, Villeurbanne, France), Jean Raynaud (Universite Claude Bernard Lyon 1, CNRS, CPE Lyon, UMR 5128, Laboratory of Catalysis, Polymerization, Processes and Materials (CP2M), 43 Bd du 11 Nov. 1918, Villeurbanne, France)","Chemical recycling of silicones into monomers is a key strategy for developing a sustainable circular polymer economy. However, the recycling of silicone materials, especially highly cross-linked elastomers and resins, remains challenging due to the robustness of the silicon-oxygen backbone and the limited efficiency of existing methods. In this context, silicone depolymerization into chlorosilane precursors offers an original catalytic route, as chlorosilanes are essential building blocks for both silicone production and microelectronics applications (e.g., silicon wafers and semiconductor devices). Chlorosilanes are particularly attractive targets since they can be distilled and thus purified, enabling potentially infinite reuse of silicon atoms without downcycling. We present a general and efficient method for the depolymerization of a wide range of silicone-based materials, including post-consumer silicone waste, formulated elastomers and highly cross-linked resins. The reaction proceeds at mild temperatures (40-110 °C) using gallium- or iron-based catalysts, and shows good tolerance toward additives and complex formulations typically found in industrial silicone waste. Near-quantitative yields of (methyl)chlorosilanes are obtained, highlighting the efficiency and selectivity of the process. This method enables overcoming the thermodynamic barrier associated with the exchange of silicon-oxygen bonds for silicon-chlorine bonds and represents a promising approach toward closed-loop recycling of silicones compatible with existing industrial infrastructures."
1175,ORS9-1065,"Sara Yousefshahi (Heidelberg University), Andy Mach (Karlsruhe Institute of Technology), Zoe Schweiger (Karlsruhe Institute of Technology), Tom Hasell (University of Liverpool), Emmanuel Richaud (ENSAM ParisTech), Sabine Beuermann (University of Clausthal), Michael Meier (Karlsruhe Institute of Technology), Ute Schepers (Karlsruhe Institute of Technology), Patrick Théato (Karlsruhe Institute of Technology)","This work presents strategies for upcycling textile waste and sulfur waste into functional polymers and composites. First, cellulose is extracted from waste textiles and chemically functionalised using a more sustainable approach compared with conventional industrial methods. The resulting modified cellulose serves as a precursor for hydrogel formation, enabling applications in wound dressings and can further be processed via 3D-printing, paving the way for patient ‑ specific medical treatments and customisable biomaterials. Second, elemental sulfur is transformed through inverse vulcanisation, a process that enables copolymerisation with a wide range of monomers. This method allows the tuning of thermal, optical, and mechanical properties of sulfur ‑ rich polymers for applications in areas such as optics, energy storage, and environmental remediation. Despite growing interest in these materials, their long ‑ term stability under realistic environmental conditions remains insufficiently studied. To address this gap, we systematically expose polymers derived from both fossil ‑ based and renewable monomers to heat, radiation, moisture, pH variations, and biological attack. By correlating structural changes with performance degradation, we provide a comprehensive understanding of their ageing behaviour and durability. Finally, we combine both waste streams by incorporating textile fibers as filler materials into inverse vulcanised polymers. While sulfur polymers synthesised from renewable (used) vegetable oils offer low environmental impact and simple processing, they typically suffer from poor mechanical strength. Introducing textile ‑ derived fillers, along with additional crosslinkers, substantially enhances their structural integrity and broadens their potential applications. Importantly, these composites remain reprocessable at their end ‑ of ‑ life, supporting circular material flows."
160,KES10-0079,,"Onsager principle is the principle proposed by Lars Onsager in 1931 in his second paper on the reciprocal relation. The principle formed the core of the classical irreversible thermodynamics. It is particularly important in soft matter physics, since most phenomena taking place in soft matter obey this principle, and existing kinetic equations are derived from this principle. The principle is also useful as a tool for solving problems. Like Lagrangean in classical mechanics, it gives flexibility in choosing coordinate system, and helps up to derive governing equations to be solved. Furthermore, being a minimum principle, it provides various ways of finding the solution, i.e., the minimum. Here I review this important and useful principle from a practical view point emphasizing what it is, how it works and how to use it."
543,KES10-0459,,"Block copolymer self-assembly generates a rich variety of ordered nanostructures governed by the interplay of molecular architecture, thermodynamics, and geometry. Recent developments in self-consistent field theory (SCFT) have revealed unexpected connections between topology, symmetry, and nanoscale packing beyond the classical phase behavior of diblock copolymers. This presentation introduces the concept of gyroidal engineering , in which gyroid-derived geometrical principles serve as a framework for discovering and understanding nonclassical polymeric nanostructures. Using SCFT simulations and Landau analysis, we uncover previously unexplored ordered states and hidden relationships among seemingly distinct self-assembled phases. The results highlight how theoretical design can reveal new organizational principles and broaden the landscape of accessible polymeric nanomaterials."
503,INS10-0419,,"Oppositely-charged macromolecular species can undergo an associative phase separation, in a process known as complex coacervation. There has been significant interest in coacervation between two polyelectrolytes, however for many biological and industrial applications coacervation occurs between species where at least one of the components is not a linear polymer. This includes coacervates driven by charged proteins, colloids, or surfactant micelles. We have developed a hybrid simulation and field theory calculation to capture the physics of liquid-liquid phase separation in polymer-surfactant micelle coacervates. We demonstrate the importance of charge correlations between strongly-charged micellar surfaces, and use molecular simulation to make predictions for the strength and form of this interaction. These results allow us to map out the phase behavior of these polyelectrolyte-surfactant micelle coacervates upon varying parameters such as the micelle surface charge density, the polyelectrolyte chain length, and the role of steric repulsions between micelles. We show qualitative agreement with experimental collaborators, and show that a coexistence exists between micelle-dilute and micelle-dense phases reflects a competition between charge correlations and excluded volume. We also elaborate on the nature of these charge correlations, and study how polyelectrolyte sequence affects micelle-micelle interactions."
1795,KES10-1622,,"The advent of innovative molecular modeling algorithms, optimization strategies, and machine learning techniques is ushering a new era of materials science and engineering in which computational tools are routinely used to probe, design, and interrogate matter and functional materials systems. In this presentation, I will illustrate some of these ideas in the context of a variety of challenges that arise with macromolecules and polymeric materials. I will first discuss the use of new methods from artificial intelligence to design complex monomers and polymers with desirable equilibrium properties. I will then discuss emerging models for prediction and design of the nonequilibrium behavior, including the rheology, of polymers. Throughout the presentation, I will emphasize remaining challenges and opportunities in the area of sustainable plastics design."
1123,KES10-1024,,"PEDOT:PSS is a promising material for electronic-skin applications but it still exhibits limited conductivity and stretchability. Vigorous mixing with hard-cation-soft-anion ionic liquids (ILs) has emerged as a powerful tool to enhance its conductivity. Recent experiments have demonstrated that such IL treatments improve its stretchability as well, but the molecular mechanism behind such enhancements remains unclear. Herein we use molecular dynamics simulations to investigate structural and mechanical effects of treating PEDOT:PSS with two hard-cation-soft-anion ILs such as 1-ethyl-3-methylimidazolium and 3-methylimidazolium tetracyanoborates. Starting from the simulations on the aqueous solution models of pristine and IL-treated PEDOT:PSS (simulated mixing), we mimic water evaporation at various temperatures (simulated drying and annealing up to 140 o C). The resulting fibular structure of PEDOT:PSS is then subjected to uniaxial deformation to mimic the stress-strain curves (simulated pulling). This series of simulations reveal that the IL treatment indeed reduces the elastic modulus and the maximum stress of PEDOT:PSS, agreeing with the experimental findings. Hydrophilic (hard) cations, such as the protic 3-methylimidazolium, indeed plays a critical role in this improvement by holding water around them in the dry film. This is a showcase where IL-induced rearrangements at the molecular level translate into improved macroscopic stretchability and mechanical robustness. Such molecular-level insights would provide a foundation to develop intrinsically stretchable conducting polymer films and pave a way for their application in stretchable electronic devices. To draw more realistic picture of the materials and processes at a larger scale, we are now developing a coarse-grained model of PEDOT:PSS from the above atomistic simulation data, utilizing AI for the scale bridging."
1812,INS10-1629,"Li-You Lin (Department of Chemical Engineering, National Tsing Hua University), Tien-Lin Wu (Department of Chemistry, National Tsing Hua University), Li-Yin Chen (Department of Photonics, National Yang Ming Chiao Tung University)","Organic semiconductor gas sensors are promising for agriculture, environmental monitoring, and medical diagnostics because they enable low-power, room-temperature operation on low-cost and mechanically flexible platforms. However, the molecular mechanism by which adsorbed gas molecules perturb charge transport remains unclear. Here, using the boron-containing organic semiconductor CzDBA as a model system, we employ multiscale simulations to distinguish the effects of physically adsorbed NH 3 from chemically adsorbed NH 3 formed through Lewis acid–base interactions with the boron centers, and determine which adsorption mechanism can effectively modulate charge-carrier mobility and produce an NH 3 sensing response. Our framework combines density functional theory, molecular dynamics, and kinetic Monte Carlo simulations within a hopping-transport model. We find that the two adsorption modes have fundamentally different effects on hole transport. Chemisorption of NH 3 at the Lewis-acidic boron center shifts the hole site energy of the NH 3 –CzDBA complex relative to pristine CzDBA, generating shallow trapping sites that transiently localize holes and slow their transport. Consequently, the hole mobility decreases systematically with increasing concentration of chemisorbed NH 3 , providing a direct microscopic mechanism for the experimentally observed reduction in current upon NH 3 exposure. In contrast, physically adsorbed NH 3 generates strongly perturbed sites that are energetically unfavorable for hole occupation and therefore do not act as effective hole traps. At the low NH₃ concentrations relevant to sensing experiments (<1%), varying the amount of physically adsorbed NH 3 produces no clear systematic change in hole mobility. These results identify Lewis acid–base chemisorption, rather than physical adsorption, as an effective mechanism for translating NH 3 binding into a measurable charge-transport response. More broadly, the study demonstrates how specific molecular interactions can be engineered to create shallow transport traps, providing a mechanistic design principle for highly sensitive organic NH 3 sensors and other chemically responsive semiconductor materials."
1873,INS10-1663,,"We develop a theoretical framework for describing the ionization of semidilute weak polyelectrolytes in equilibrium with a reservoir that defines the pH and salt concentration. Charged monomers are modeled as planar or cylindrical geometries, and the inter-monomer electrostatic interactions are explicitly addressed based on the non-linear Poisson-Boltzmann equation and Langmuir adsorption isotherm equation. Asymptotic analysis yields analytical scaling laws for the ionization degree across three distinct regimes, determined by the relative magnitudes of the surface potential and charge fraction. These regimes further correspond to different pH intervals where hydrogen, salt, or hydroxide ions dominate the electrostatic and ionization equilibria. Comparison between planar and cylindrical cell models reveals that curvature amplifies near-surface electric fields and ionic enrichment, resulting in stronger charge screening and smaller densities of ionizable groups. By extending the Henderson-Hasselbalch and Donnan descriptions beyond their applicability limits, this theory provides a generic framework that captures ionization in both open and semi-open systems, bridging the transition from overlapping to non-overlapping electric double layers in semidilute weak polyelectrolytes. [1] M. Duan, R. Zhang, J. Chen, G. Chen , Universal scaling laws for surface ionization: influence of salt, confinement, and pH, Langmuir , 41, 26, 16867–16873 (2025) [2] R. Zhang, M. Duan, J. Chen, G. Chen , Ionization of Semidilute Weak Polyelectrolytes in Equilibrium with a Reservoir, Macromolecules, accepted"
587,INS10-0501,,"Protein nanocages are promising platforms for vaccine design, biologics delivery, and synthetic nanomaterials, but conventional point-group symmetric assemblies are limited in size and complexity. Inspired by viral symmetry breaking and quasisymmetry, we developed design strategies to generate higher triangulation number and quasisymmetric protein cages. Pseudosymmetrization of trimeric building blocks enabled T = 4 tetrahedral, octahedral, and icosahedral cages containing 48, 96, and 240 subunits. In parallel, programmed curvature combined with parametric cage modeling and RFdiffusion generated large quasisymmetric assemblies, including T = 3 to T = 36 cages with 180 to 2160 subunits and diameters up to 220 nm. Electron microscopy and cryo-EM confirmed the designed architectures and revealed how local interface symmetry breaking drives global penton and hexon formation. These results establish a general framework for designing complex protein nanocages for multivalent antigen display, targeted delivery, and biomolecular materials."
449,KES10-0365,,"There is a need for new fluorine-free polymers for proton and anion-exchange membranes in various electrochemical devices including fuel cells. Achieving high conductivity in hydrated, ion-conducting polymers typically requires the hydrophobic backbone of the polymers to be nanophase separated from the hydrophilic domains so that the ions (protons or hydroxide ions) have well-defined water domains for efficient transport. The ion and water transport thus depends strongly on the hydration level and on the detailed morphology of the hydrophilic domains. Atomistic molecular dynamics (MD) simulations are well-suited to understanding the molecular-level relations between morphology and dynamics. I will discuss our recent simulations of both anionic and cationic all-hydrocarbon polymers that conduct protons or Na+ ions and hydroxide or Cl- ions, respectively. Comparisons will be made to experiments on the same systems, especially X-ray scattering and conductivity. For both classes of polymers, the morphologies of the hydrophilic domains can be characterized through their water channel width distributions, surface areas, and signatures in simulated X-ray scattering intensities. Water and ion diffusivities calculated from the MD simulations are consistent with changes in the nanoscale morphology with changing water content.  Interestingly, the water content is a larger determinant of water diffusivity than the ion exchange capacity (IEC) of the polymers. This work was performed, in part, at the Center for Integrated Nanotechnologies, an Office of Science User Facility operated for the U.S. Department of Energy (DOE) Office of Science. Sandia National Laboratories is a multimission laboratory managed and operated by National Technology & Engineering Solutions of Sandia, LLC, a wholly owned subsidiary of Honeywell International, Inc., for the U.S. DOE’s National Nuclear Security Administration under contract DE-NA-0003525."
597,INS10-0511,,"Inorganic glass solid-state electrolytes (IGSSEs) have emerged as promising materials for next-generation all-solid-state lithium batteries because of their remarkable room-temperature ionic conductivity. However, the microscopic mechanism behind such superionic transport remains unclear. A long-standing debate centers on the “paddlewheel effect,” which proposes that lithium ion diffusion is assisted by the rotational motion of surrounding polyanions, though evidence for this mechanism has been inconclusive. In this talk, I will present a systematic computational framework combining large-scale machine learning molecular dynamics (MLMD) simulations with hop function analysis to investigate ion conduction in IGSSEs. A machine learning interatomic potential was developed for model systems of Li x AlCl 3+x (x = 0.25–3), accurately reproducing the experimentally observed non-monotonic composition dependence of lithium-ion conductivity, with a maximum at x = 1. Detailed analysis reveals that lithium transport occurs mainly through cascading hopping events rather than paddlewheel-like motions. We extend this approach to different types of electrolytes including organic ionic plastic crystals (OIPCs), Li 3 PS 4 and NaTaOCl 4 . This work provides mechanistic insight into ion transport in electrolytes and demonstrates how machine learning–driven molecular simulations can uncover complex diffusion behaviours in disordered materials."
1129,INS10-1030,,"Solid polymer electrolytes are of interest for safer, nonflammable batteries. Polyethylene oxide (PEO) doped with various lithium salts has been extensively studied, though it has a relatively low modulus and its propensity to crystallize reduces its ion conductivity. Many other systems have been considered, including with different polymer and ion chemical structures and different polymer architectures, such as side chain PEO-based systems (in which crystallinity is disrupted) or diblock systems that microphase segregate to create regions of high modulus that can prevent lithium dendrite growth. Given this large macromolecular design space, we aim to use simple coarse-grained molecular dynamics simulations to identify what are the most important molecular features of these systems and how they act together to control ion conductivity. Specifically, we build on bead-spring models of polymers, but set different bead properties for different polymer types, adjusting their glass transition temperatures by scaling like-like interactions and applyling stiff angles set to match the Kuhn density. We include additional ion solvation potentials with settings based on the component polymer dielectric strengths, overall creating a semi-generic coarse-grained model that uses simplified potentials parameterized mostly with literature values for pure component properties. While still being simple, this allows us to map more specifically to experimental polymers and copolymers of interest and to better show the effects of different chain architectures. In one example, we find that such a model reproduces the experimentally observed effects of increasing side chain length on ion conductivity in a system with a poly(methyl methacrylate) backbone and PEO side chains (with most parameters set from these two polymers' properties). These effects were seen to depend on setting backbone-side chain angle potentials to appropriately couple the dynamics, providing insight into their origin."
1868,ORS10-1660,,"Glycans on the cell surface play an essential role in mediating cell–cell interactions and immune response. Despite their importance, the interactions between them have not been fully characterized. In this talk, I present a computational study based on all-atom molecular dynamics simulations and free energy calculations, revealing that water-mediated interactions between a pair of N-glycans without a net charge are weakly repulsive with a range that exceeds their sizes. Unexpectedly, the effective glycan–glycan interactions decay logarithmically as the separation between them increases. Strikingly, this finding coincides exactly with the predicted interaction, which is entropic in origin, between two star polymers consisting of long flexible polymers grafted onto colloidal particles. The weak repulsive interaction, which extends beyond the size of a glycan, is sensitive to the relative orientation of the glycans. The effective long-range repulsive interaction vanishes if the charges on water are turned off, thus establishing that electrostatic interactions, arising in part due to the persistent hydrogen bonds between water and the glycans, are responsible for the interglycan repulsion."
1165,KES10-1057,,"Polydispersity is often regarded as an unavoidable consequence of polymer synthesis, yet it can also serve as a powerful design parameter for controlling the structure, stability, and functionality of soft materials. This talk will explore how molecular diversity can be harnessed to engineer polymer brushes and self-assembled block copolymer nanostructures across a range of geometries and architectures. Starting from polymer brushes, I will show how extending strong-stretching theory to curved, polydisperse brushes reveals new opportunities to tailor chain-end distributions, mechanical properties, and end-exclusion zones through carefully designed molecular weight distributions. These results demonstrate that dispersity provides an additional degree of freedom for controlling interfacial properties beyond conventional architectural parameters. The second part examines the role of dispersity in block copolymer self-assembly. Using self-consistent field theory, I will show that polymer length dispersity can unexpectedly improve the stability and uniformity of micelles by enabling more efficient packing within their solvophobic cores. Extending this concept to hyperbranched block copolymers reveals that architectural polydispersity provides even greater opportunities for materials design. Compared with monodisperse dendritic analogues, hyperbranched copolymers form micelles with lower critical micelle concentrations, enhanced thermodynamic stability, increased drug-loading capacity, and abundant surface functional groups, with many of these advantages becoming even more pronounced as the degree of polydispersity increases. Together, these examples illustrate a common theme: rather than being a synthetic imperfection, polydispersity can be exploited as a versatile materials design principle. By combining theoretical modeling with self-consistent field calculations, this work provides new insights into how molecular-level heterogeneity can be translated into predictable and tunable macroscopic properties."
1115,INS10-1017,,"Brush-grafted narrow channels have the advantage of a tunable response to external stimuli, allowing us to use them in various applications, such as sensing, actuators, and current rectification [1,2]. On the basis of the continuum mechanics approach, we developed a computational model for long-range electrostatic and electrokinetic interactions of Newtonian simple fluids as well as polyelectrolyte solutions in brush-grafted microchannels. In this model framework, the Poisson-Nernst-Planck equations are explicitly solved for the electrostatic field incorporated with the Alexander-de Gennes model for polyelectrolyte brush-layer. Here, the Brinkman hydrodynamic friction is addressed inside, and each ion concentration can be estimated by multi-species ion balance. A rheological model of Bird-Carreau type [3] is applied in the Cauchy equation to describe the exemplar solution of anionic polyacrylic acid (PAA). This talk presents the discriminating results regarding the quantitative effects of grafting properties in terms of grafting density, counter-ion condensation, and Kuhn length predicted by employing coarse-grained mesoscale simulations. The electrostatic potential increases with grafting density, whereas the surface potential decreases with increasing Kuhn length clearly unlike in the bulk. It is emphasized that the flow velocity decreases with either higher grafting density owing to enhanced PAA chain friction or larger Kuhn length according to higher flow retardation due to chain stiffness. The corresponding viscosity profile inside the channel is also examined with variations of pH and concentration of PAA dispersion. Furthermore, this study is expected to promote the design platform by machine learning approaches. [1] S. Das, M. Banik, G. Chen, S. Sinha, R. Mukherjee, Soft Matter 11 , 8550 (2015). [2] J.O. Zoppe, N.C. Ataman, P. Mocny, J. Wang, J. Moraes, H.-A. Klok, Chem. Rev. 117 , 1105 (2017). [3] K. Yoon, H.W. Jung, M.-S. Chun, Rheol. Acta 56 , 915 (2017)."
488,INS10-0404,,"Symmetric A n B n star polymer melts offer a molecular route for tuning the character of a microphase order-disorder transition (ODT). Earlier second-order random phase approximation (RPA) work by Olvera de la Cruz and Sanchez established that the spinodal is located at ( χN ) s ≃ 10.495 and does not depend on n [1,2]. A subsequent fourth-order calculation by Dobrynin and Erukhimovich showed that the quartic term changes sign for n > 5, indicating that the spinodal criterion alone cannot determine the mean-field ODT once higher-order stabilization becomes important [3]. In this work, we revisit this problem by deriving the lamellar free energy through sixth order in RPA and comparing the result with self-consistent field theory (SCFT). The quartic coefficient changes sign at n tc ≃ 5.4475, and the sixth-order coefficient remains positive in the neighborhood of this point. Consequently, melts with n < n tc enter the ordered state continuously at the spinodal, whereas those with n > n tc exhibit a first-order ODT with ( χN ) ODT < ( χN ) s . Near this tricritical point, the separation between the ODT and the spinodal varies quadratically with n - n tc , in quantitative agreement with the SCFT results. The origin of this behavior can be traced to correlations between distinct arms sharing the same junction; their relative weight increases with n and eventually drives the quartic coefficient negative. The noninteger value of n tc may be viewed as an effective architecture realizable by blending neighboring stars, such as A 5 B 5 and A 6 B 6 . These results identify a rare physical example of tricriticality associated with finite-wavenumber microphase separation and provide a controlled mean-field reference point for future studies of fluctuation effects. References [1] L. Leibler, Macromolecules 13 , 1602 (1980). [2] M. Olvera de la Cruz and I. C. Sanchez, Macromolecules 19 , 2501 (1986). [3] A. V. Dobrynin and I. Y. Erukhimovich, Macromolecules 26 , 276 (1993)."
566,INS10-0482,,"Machine learning interatomic potentials (MLIPs) bridge first-principles accuracy with classical MD scalability for atomistic study of complex fluids. We present a unified perspective spanning training strategies for transferable MLIPs to physicochemical phenomena in aqueous and supercritical environments. We first show that diversifying density in training data is far more effective than temperature diversification for transferable MLIPs, as density variation alters local coordination topology more efficiently [1]. A two-phase active learning framework yields a deep potential for moisture-induced degradation in tin-based metal-oxide resists, revealing a facile dimerization pathway (~13.2 kJ/mol) with atomistic insight into EUV photoresist stability [2]. We then demonstrate MLIPs capturing complex water dynamics: a SCAN-trained model reproduces the dielectric spectrum including high-frequency H-bond resonances, with many-body interactions governing relaxation [3]. DPMD uniquely reproduces anomalous diffusion acceleration by chaotropic salts [4], and for aqueous AlCl₃, uncovers a hydration pathway where the sixth water penetrates from beyond the second shell via cooperative deshielding [5]. Finally, comparing NequIP and ReaxFF for acetic acid oxidation in supercritical water, NequIP more faithfully reproduces radical pathways and complete oxidation [6]. These studies establish MLIPs as a versatile framework for structure, dynamics, and reactivity of complex fluids [1] arXiv:2605.05733v1 [physics.chem-ph] (2026) [2] J. Chem. Theory Comput. 22, 5609–5622 (2026) [3] J. Mol. Liq. 397, 124054 (2024) [4] Sci. Adv. 10, eadp9662 (2024) [5] J. Phys. Chem. Lett. 15, 10903–10908 (2024) [6] J. Chem. Inf. Model. 65, 8614–8623 (2025)"
1745,INS10-1581,,"High-performance thermosetting resins are indispensable for aerospace, electronic packaging, and advanced composite applications, yet their intelligent design remains hindered by limited experimental data, vast chemical search spaces, complex structure–property relationships, and poor transferability across different resin systems. To address these challenges, an AI-assisted design framework was developed for data-scarce thermosetting materials by integrating property prediction, target-oriented molecular generation, transfer learning, and experimental validation."
100,ORS10-0024,,"Molecular modeling is a powerful approach for designing and optimizing bioadhesives and materials for tissue regeneration. It enables the prediction and fine-tuning of key properties such as biocompatibility, degradation, mechanical performance, and drug-release behavior. These materials must interact effectively with biological tissues, often at the molecular scale, where interactions are governed by bonding mechanisms including covalent bonds, hydrogen bonds, and Van der Waals forces. Through molecular modeling, these interactions can be visualized and predicted, allowing simulations of how bioadhesives attach to tissues and how biomaterials integrate within them This presentation will showcase several examples of computational tools used to evaluate the properties of biomaterials for bioadhesion and tissue regeneration, including A soy protein–based system for tissue regeneration applications [1] A bioadhesive gelatin–alginate conjugate loaded with antibiotic drugs [2] Glycosaminoglycan-analogue biomimetics for intervertebral disc repair [3] References [1] D. Knani, H. Barkay-Olami, D. Alperstein, M. Zilberman. Polymers for Advanced Technologies , 2017 , 28(4), 496–505 [2] D. Knani, M. Foox, M. Zilberman. Polymers for Advanced Technologies , 2019 , 30:519–528. [3] D. Knani, M. Eilon, S.S. Sivan, Polymers for Advanced Technologies , 2020 , 31:2733–2741."
452,KES10-0368,,"Molecular architecture provides an additional design parameter for block copolymer self-assembly beyond chemical incompatibility and molecular weight. Here, we investigate the self-assembly of unit-matched AB block copolymers with different chain architectures, including diblock, multiblock, comb-like, and star-like topologies. By constructing each system from the same AB building unit, the effect of chain connectivity can be isolated from changes in composition or local interaction strength. Coarse-grained molecular simulations show that chain architecture strongly influences the ordering tendency of AB block copolymers. Architectures that connect multiple AB units in a topology compatible with the ordered morphology promote microphase separation by reducing the entropic penalty for ordering. Consequently, the order–disorder transition, composition fluctuations, and morphology development become architecture-dependent even at fixed AB interaction. The role of topology is also discussed in confined self-assembly, where packing frustration and interfacial interactions compete with the intrinsic preference for ordered structures. These results demonstrate that chain architecture can serve as an independent handle for controlling block copolymer self-assembly. The unit-matched comparison provides guidelines for designing low-χ block copolymer systems with enhanced ordering capability, with potential relevance to nanoscale patterning and directed self-assembly."
485,INS10-0401,,"Stochastic fluctuations can strongly influence reaction–diffusion systems when the number of molecules is small. This is particularly important in nanoscale materials and chemical processes, where stochastic variations in molecular populations can propagate through diffusion and chemical reactions and affect the final spatial distributions of chemical species. Although the stochastic simulation algorithm (SSA) provides an exact description of discrete reaction–diffusion events, its computational cost becomes prohibitive for large systems containing many spatial cells and chemical species. Therefore, in this study, we develop a computational framework based on the linear noise approximation (LNA) to efficiently predict both the mean molecular populations and their fluctuations. The framework describes the evolution of the mean molecular populations and their fluctuations, i.e., variances and covariances, while incorporating the effects of both chemical reactions and molecular diffusion. The predicted mean and fluctuation profiles are validated against SSA simulations. A major computational difficulty of the spatial LNA is the rapid growth of the covariance matrix with the number of spatial cells and chemical species. To reduce this computational cost, we introduce a localized LNA, in which covariance terms beyond a prescribed spatial distance are truncated. This approximation preserves important short-range spatial correlations while substantially reducing memory requirements and computational cost. The accuracy and computational efficiency of the localized LNA are evaluated under various reaction–diffusion conditions. This framework may provide an efficient tool for analyzing molecular-scale fluctuations in nanoscale reaction–diffusion systems, such as those involved in advanced lithography."
137,INS10-0056,,"Polymer simulations inevitably involve a trade-off between the accessible spatiotemporal scales of a simulation and its computational cost. We present a cost-aware active learning workflow that couples a dissipative particle dynamics (DPD)  simulation engine with a multi-fidelity Bayesian surrogate model to search for optimal design parameters across a continuous cost-fidelity spectrum. Our oracle is a DPD-based directed self-assembly (DSA) engine in which simulation box size and production run length are tuned independently, spanning from low-cost/low-fidelity to high-cost/high-fidelity evaluations. Guided by a multi-fidelity knowledge gradient acquisition function, we find that strategies that incorporate many low-cost evaluations consistently outperform single-fidelity active learning restricted to high-cost simulations. We further identify cost model design as a critical factor, showing that dynamic rescaling of the cost ratio provides an effective strategy to avoid over-sampling of low-fidelity evaluations. This framework could extend to integrating multiple data sources that differ in cost and fidelity, accelerating the discovery of high-performance materials and manufacturing processes."
1552,ORS10-1416,,"Atomic-scale simulations are increasingly important in polymer materials research because many properties are governed by molecular structure, chain conformations, local packing, interfacial interactions, and chemical reactions. Predictive modeling therefore requires an accurate description of intrachain and intermolecular interactions. Density functional theory (DFT) provides high accuracy, but its cost limits accessible system sizes and time scales. Classical molecular dynamics (MD) can access larger systems and longer time scales, but its reliability depends on force-field parameterization and its transferability is limited for complex chemical environments and reactive processes. Machine-learning interatomic potentials (MLIPs) offer a promising route to bridge the gap between DFT-level accuracy and practical computational feasibility. Matlantis PFP is a pre-trained universal neural network potential trained on large DFT datasets [1]. PFP enables atomistic MD simulations beyond the typical length and time scales accessible by DFT calculations. In this work, we evaluate the applicability of PFP to simulations of polymer materials. The model was trained on DFT reference data generated using the r2SCAN and PBE functionals. All MD simulations were carried out using LAMMPS. Polymer structures were equilibrated by high-temperature and high-pressure relaxation using the PCFF force field, followed by NPT simulations at 300 K and 1 atm using PCFF and PFP. Benchmark polymer systems were used to validate the accuracy of PFP. Densities calculated using PFP showed good agreement with experimental data and higher accuracy than those from PCFF. These results suggest that PFP reasonably describes interactions relevant to polymer chain packing. We will further discuss the results for thermodynamic properties such as glass transition temperatures and demonstrate PFP for computational polymer materials developments. [1] S. Takamoto et. al., Nat Commun 2022, 13, 2991."
1701,ORS10-1562,Takahito Nakajima (RIKEN CCS),"Noncovalent interactions (NCIs) govern key macroscopic polymer properties — mechanical resilience, self-healing, stimulus response — yet no standardized computational descriptor exists that captures the full statistical complexity of intramolecular NCI networks across diverse polymer chemistries. We present H-Bond State Spectroscopy (HBSS), an AI-assisted simulation framework that converts NCI dynamics into discrete binary fingerprints amenable to information-theoretic analysis and kinetic modeling. The pipeline operates in five automated stages. (1) Machine-learning force field pre-relaxation (MACE-OFF) generates chemically valid starting geometries. (2) Four parallel GFN2-xTB NVT MD replicas (100 ps each, 300 K) sample the conformational ensemble of single-chain oligomers (100–400 atoms). (3) HBSS encodes each trajectory frame as a binary bitstring over the top-N ranked H-bond contacts (donor–acceptor cutoff 3.5 Å, D–H–A angle ≥120°), producing per-frame NCI state vectors. (4) Classical Mutual Information (CMI) quantifies pairwise coupling between contact sites, revealing cooperative and competitive H-bond motifs. (5) Kinetic Monte Carlo (KMC) propagates the state distribution across macroscopic timescales using transition rates derived from MD-sampled populations. Applied to a poly(ether-thiourea) hexamer, HBSS resolves 239 unique NCI states across 4,004 trajectory frames, yielding a Shannon entropy of 6.72 bits — a quantitative measure of conformational NCI diversity unavailable from single-structure or average-property analyses. Clustering via UMAP and HDBSCAN identifies 65 distinct H-bond cluster states with population-resolved bitstring signatures. Screening of 215 polymer chemistries reveals that 74% lack classical H-bond donors, necessitating a tiered applicability framework before pipeline deployment. For the 26% that qualify, HBSS provides chain-length-resolved, chemistry-specific NCI fingerprints directly interpretable for rational design of self-healing, responsive, and high-performance polymer systems."
303,INS10-0220,,"Polymer networks are widely employed in high-performance applications such as aerospace, electronics, coatings, adhesives, and structural composites. While their macroscopic properties are often related with crosslink density and chemical composition, microscopic network topology can also play an important role in determining material performance. In this talk, recent molecular dynamics simulation studies on crosslinked polymer networks and polymer composites will be discussed, with particular emphasis on the role of micro-topological features. Even at comparable crosslink densities, variations in network topology, including dangling chains, heterogeneous crosslink distributions, entanglement structures, and local network connectivity, can lead to significant differences in mechanical, rheological, and thermal properties. Furthermore, increasing molecular weight introduces additional complexity through the interplay between crosslink-induced constraints and chain dynamics such as Rouse motion and entanglement formation, resulting in non-trivial structure–property relationships. These findings suggest that, beyond chemical composition and average crosslink density, microscopic network topology and interfacial characteristics may also play important roles in governing material behavior."
546,INS10-0462,,"Single-molecule probes are widely used to characterize dynamic heterogeneity in glass-forming materials. Here, we use molecular dynamics simulations of dilute probe dimers embedded in a supercooled polymer melt to examine how probe–host interaction strength affects the relationship between probe rotational relaxation and host dynamics. We find that changing the probe–host interaction does not substantially perturb the overall polymer matrix dynamics, but alters the local environments sampled by the probes. Weakly interacting probes preferentially sample relatively mobile environments and are partially decoupled from local cage constraints, whereas strongly interacting probes are more closely associated with slower, cage-like regions of the matrix. To relate these observations to the intrinsic dynamics of the host, we compare probe rotational relaxation with wavevector-dependent structural relaxation and dynamic susceptibility of the polymer melt. This comparison suggests a scale-dependent correspondence between probe dynamics and host dynamic heterogeneity, in which the apparent probe response depends on both the interaction strength and the spatial scale of matrix relaxation being sampled."
1656,INS10-1519,,"Polymeric materials have become indispensable components in modern energy technologies owing to their structural versatility, tunable physicochemical properties, and excellent processability. They serve critical functions in a wide range of energy systems, including polymer electrolytes, separators, binders, encapsulation layers, and active electronic materials. Understanding the molecular origins of their performance, however, remains a significant challenge because their behavior is governed by complex interactions spanning multiple spatial and temporal scales. Molecular simulations provide an effective framework for bridging this knowledge gap by directly connecting molecular structures with macroscopic material properties. This presentation introduces recent advances in computational approaches for investigating polymeric materials used in energy storage and conversion devices. Multiscale-based molecular simulation methods are employed to characterize molecular interactions, ion transport, structural evolution, interfacial phenomena, mechanical responses, and thermal degradation. Through these atomistic investigations, the molecular simulations are expected to become key technologies for developing next-generation polymeric materials that support efficient, durable, and sustainable energy systems."
207,KES11-0126,,"Biological hierarchical structures combine specialized geometrical arrangement with compositional makeup to create unique architectures capable of adaptation and multifunctional behavior. Natural polysaccharides self-assemble in helicoidal domains, creating specific refractive planes giving off iridescent structural as discussed here. Firstly, we present hierarchical supramolecular assemblies with giant chiroptical activity and mechanical attributes achieved through co-assembly of achiral amphiphilic unimolecular micelles and chiral additives. Chiral fibrillar assemblies emerge from the nanostructured environment imposed by the micelles for full-color circularly polarized luminescence-active materials. Next, we discuss a chiroptical flexible film composed of an array of linearly aligned plasmonic nanosphere chains with an elastic polymer substrate. These nanomaterials are capable of high light polarization rotation and a g-factor in NIR wavelength. The configuration offers dynamical and reversible tuning of critical chiroptical characteristics via the assembly angle of plasmonic chains and the stretching degree of substrates. Furthermore, we report the highly stretchable composite materials and branched ionic polymers with terminal amine-terminated poly( N -isopropylacrylamide) stacked between elastomeric layers. These layered elastomeric composites preserve the high mechanical stretchability and the enhanced toughness, due to the sequential initiation and arresting of concurrent transversal cracks. Finally, double Bouligand films show enhanced compressive mechanics and added elastic recovery after deformation. Real-time crack propagation mechanisms under mechanical load with in-situ picoindentation demonstrated that these unique twisted laminated films displayed a tortuous crack propagation pathway due to the abrupt rotational change that facilitates higher structural stiffness and enhanced structural recovery critical for crack-arresting composite materials."
701,INS11-0615,"Hend A. Hegazy (Sungkyunkwan University), Youn-Chul Kim (Sungkyunkwan University), Gyeongsoo Kim (Sungkyunkwan University)","Polymeric optical materials are attractive alternatives to glass because of their low density, processability, and impact resistance, but their relatively low refractive indices and limited thermal stability remain major challenges. To address these limitations, we developed a series of fluorene-derived cardo architectures as molecular platforms for high-performance optical polymers. First, heteroatom-bridged fluorene monomers, including fluorene-xanthene (FX), fluorene-thioxanthene (FTX), and fluorene-thioxanthene-dioxide (FTXDO), were incorporated into diverse polymer backbones, affording transparent high-refractive-index materials with refractive indices up to 1.730 at 589 nm and excellent thermal properties. Building on this strategy, we further designed an oxygen-bridged dibenzofuran-cardo (DBFX) motif that combines enhanced intrinsic polarizability with efficient intermolecular packing. DBFX-based polycarbonate, polyurethane, and polyacrylate materials exhibited refractive indices of nD = 1.753–1.848, Abbe numbers of νD = 19.7–33.3, ultralow birefringence of Δn < 0.001, glass-transition temperatures of 140–240 °C, and high visible transparency. Structural and optical analyses revealed that simultaneous optimization of molar refraction and packing efficiency is key to achieving ultrahigh refractive index without sacrificing optical clarity or isotropy. These results highlight densely packed fluorene-cardo architectures as powerful design motifs for advanced optical components, coatings, and optoelectronic applications."
421,INS11-0337,,"Vitrimers represent a rapidly evolving class of covalently cross-linked polymer networks capable of topological rearrangement at elevated temperatures. Beyond the conventional glass transition temperature (Tg), these systems exhibit a topology freezing temperature (Tv), above which dynamic bond exchange reactions enable stress relaxation, self-healing, and shape reprogramming. In this work, we design and characterize architected vitrimer nanocomposites that leverage nanofillers, including gold nanoparticles, graphene, and MXene assembled into Voronoi-inspired microstructures. This strategy creates percolative networks at reduced filler loadings, imparting mechanical reinforcement, electrical conductivity, and stimuli-responsiveness within a single, sustainable material platform. Systematic investigation reveals that Tv scales with nanofiller concentration while remaining largely independent of filler chemistry, enabling predictable tuning of network dynamics. Furthermore, the nanocomposites exhibit efficient photothermal self-healing, reconfigurable shape memory, and enhanced thermomechanical robustness, all accessible through the interplay of topology and composition. These results underscore the promise of vitrimer-based nanocomposites as next-generation materials for aerospace, automotive, and flexible electronic applications, where multifunctionality, repairability, and adaptability are critical."
1128,INS11-1029,,"The heterogenous integration of next generation semiconductor components into complicated 2D and 3D architectures increases the demands on the packaging materials that are used to hold these components together in a functional semiconductor device.  These packaging materials are typically rigid polymeric resins that start out as a liquid or semi-soft solid precursor that can readily flow and encapsulate the integrated device.  During assembly the materials undergo a curing reaction where the precursor s cross-link to form a rigid packaging resin.  Controlling the process by which these resins transform from a liquid to a solid, including the chemical kinetics and rheological transitions, has a significant impact on the final properties of the packaging material and the ultimate performance and durability of the device.  Differences in the way the packaging material is processed can affect key properties such as the degree of cure, time dependent rheology, cure shrinkage stresses, coefficients of thermal expansion , and thermal mismatch stresses – all key properties that affect performance and reliability of the semiconductor device.  In this presentation I will describe our efforts to develop a suite of metrology tools to quantify the critical properties, under device relevant conditions, of the polymeric packaging resins that are being developed for next-generation microelectronics packaging.  These measurements will be deployed on model, open-source resins that serve as a platform for benchmarking and developed commercial formulations.  The development and refinement of these measurement platforms will equip industry and academia with both the measurement tools and data needed to develop the next generation of high-performance packaging materials."
250,INS11-0168,,"Bioelectronics have emerged as powerful platforms for continuous and real-time monitoring of physiological signals, including electrophysiological, mechanical, and electrochemical information. Over the past decade, significant advances in materials engineering and device architectures have enabled unprecedented levels of sensitivity, allowing the detection of weak biological signals with high fidelity. However, as bioelectronic systems become increasingly integrated into dynamic and complex biological environments, improving sensitivity alone is no longer sufficient. The ability to selectively distinguish target signals from various sources of interference and noise has become a critical challenge. In this presentation, I will discuss recent advances in materials and structural designs that enable the transition from sensitivity-oriented to selectivity-oriented bioelectronics. Particular emphasis will be placed on hardware-based signal preprocessing strategies that suppress motion artifacts before signal acquisition. By controlling mechanical interactions between biological tissues and devices, unique materials and architectures can minimize stress-induced signal distortions while preserving target physiological information. Examples include strain-compliant interfaces, stress-damping materials, frequency-selective vibration absorbers, and mechanical bandpass filters that selectively attenuate unwanted dynamic noise. These approaches demonstrate how materials and structural engineering can provide intrinsic selectivity, complementing conventional software-based signal processing methods while reducing computational burden, power consumption, and signal latency. Finally, future opportunities for integrating multifunctional materials, adaptive mechanical systems, and selective signal transduction mechanisms will be discussed toward the realization of highly reliable and intelligent bioelectronic platforms for next-generation healthcare monitoring and diagnostics."
221,INS11-0140,"Elizabeth Speck (University of Massachusetts Amherst), Christopher Cueto (University of Massachusetts Amherst)","This presentation will describe the preparation of hybrid structures, composed of synthetic polymers and perovskite nanocrystals, in which the selection of polymer backbone, pendant ligands, and perovskite nanocrystals leads to bright and emissive materials suitable for light-emitting displays.  With specific focus on polymer zwitterions and nanocrystal patterning, the presentation will illustrate methods in which light-generated halide ions in a polymer matrix produce well-defined regions of desired emission wavelengths.  Overall, polymers are found to play a central role in creating solution-processed and flexible films that encapsulate well-dispersed semiconductor nanoscale emitters."
1101,INS11-1003,,"Bioinspired microstructured surfaces offer unique opportunities for controlling interfacial, mechanical, and transport properties through structural anisotropy. However, most artificial microstructures are fabricated with fixed geometries, limiting their adaptability and post-fabrication tunability. Here, we present a programmable polymer platform that combines magnetic actuation, shape fixation, and light-induced reconfiguration for the fabrication of adaptive microstructured surfaces. Magnetically responsive polymer composites were used to construct three-dimensional microdenticle architectures inspired by the staggered and overlapping structure of sharkskin. The resulting microstructures exhibited anisotropic functionalities arising from their controlled geometry and orientation. To introduce reconfigurability, a covalent adaptable network incorporating dynamic disulfide bonds was employed. Upon UV irradiation, bond exchange reactions enabled shape reconfiguration and fixation under ambient conditions, allowing the microstructures to be dynamically programmed after fabrication. By integrating magnetic actuation with photo-induced network rearrangement, complex three-dimensional structures could be formed, reconfigured, and stabilized in a contactless manner. In addition, spatially controlled irradiation enabled localized shape transformation and patterning of surface morphology. This work demonstrates a versatile strategy for creating adaptive microstructured polymer systems with programmable anisotropic functionality. The combination of bioinspired design, magnetic programming, and dynamic network chemistry provides new opportunities for reconfigurable surfaces, soft robotic components, and stimuli-responsive polymeric devices."
1112,INS11-1014,"Christopher L Soles (National Institute of Standards and Technology), John R Hoffman (National Institute of Standards and Technology), Avery E Baumann (National Institute of Standards and Technology)","Hyperbranched polyethyleneimine (hPEI) is a popular material for direct air capture (DAC) of CO 2 (ambient pressure, 400 ppm CO 2 ) using polymer-based solid sorbents. A deep understanding of the capture efficiency and CO 2 capacity of hPEI is critically needed to optimize DAC system designs. We are developing and applying techniques to probe chemical interactions during CO 2 uptake and release in PEI thin films. Specifically, we combine quartz crystal microbalance (QCM) and polarization modulated infrared reflection absorption spectroscopy (PM-IRRAS) in a tandem cell design such that we simultaneously measure both the total mass uptake of sorbate molecules (CO 2 , H 2 O, etc.) and the chemical speciation of the resulting sorbent products, respectively, within hPEI thin films. Using this tandem cell, we investigate the effect of hPEI film thickness, temperature, CO 2 concentration, and the presence of humidity on the amine efficiency of the material (mol CO 2 /mol N). We also hypothesize that CO 2 binding to the hPEI might slow down the polymer mobility (e.g., ionic crosslinking due to carbamate groups) and thus impact further diffusion of CO 2 to available amine sites. Using quasi-elastic neutron scattering (QENS) and QCM with dissipation (QCM-D), we assess the effect of CO 2 binding on the extent of plasticization or densification of the polymer film upon exposure to different atmospheres. QENS, which probes local motions, shows less mobility restriction upon CO 2 binding, while QCM-D, which probes large length scales, shows macroscopic polymer stiffening. Finally, we use spectroscopic ellipsometry (SE) to measure the CO 2 uptake in hPEI as manifest by changes in film thickness (swelling) as a function of initial film thickness and CO 2 concentration, with and without humidity. In combination, we believe that these measurements provide critical insight into the length-scale dependent CO 2 capture behavior of hPEI."
1137,INS11-1038,,"The evolution of next-generation soft machine engineering—ranging from skin-conformal electrodes to bioelectronic devices—is predicated on the development of elastomeric conductors that maintain high conductivity under extreme deformation. Gallium-based liquid metals have emerged as a leading material candidate due to their unique fusion of metallic conductivity and fluidic deformability. However, their liquid nature poses significant hurdles regarding mechanical stability and electrical reliability under repetitive strain and wear. This presentation details novel material design and fabrication strategies to overcome these limitations. Specifically, we introduce electromechanically robust composites that integrate gallium-based particles into elastomeric matrices, achieving a synergy of high conductivity and mechanical durability. We demonstrate the practical utility of these ""rubbery conductors"" through their integration into wearable electronics and shape-morphing systems. These advancements provide a resilient foundation for the future of adaptive, skin-conformal human-machine interfaces ."
712,INS11-0626,,"Functional upcycling is a process that converts waste plastics into new functional polymer products with useful properties. In this presentation, we present our recent efforts toward the functional upcycling of polystyrene using ball-mill grinding. Mechanochemical approaches improve sustainability by enabling fast and efficient reactions and eliminating or reducing the amount of solvent. We will discuss the development of Birch reduction and chloromethylation reactions to produce functional polystyrenes and synthetic intermediates for waste-derived materials with distinct properties from polystyrene. Reaction optimization, scope, scale-up, and mechanisms will be also described. These results demonstrate the potential of ball milling as a sustainable platform for transforming polystyrene waste into value-added materials."
450,INS11-0366,,"Polyelectrolyte membranes are vital to advancing sustainable technologies across energy, environmental, food, and health sectors. Designing next-generation membranes to tackle these global challenges requires a fundamental understanding of ion and water transport. To address this, we developed a novel library of weak polyelectrolyte membranes based on an acrylic acid–poly(ethylene glycol) diacrylate (AA-PEGDA) network. This system achieves a wide ion-exchange capacity range (IEC = 0-4 mequiv/g) with minimal water swelling. Crucially, the charged group concentration (degree of ionization, α = 0 - 1) can be systematically varied on the exact same chemical scaffold simply by adjusting the external pH. Leveraging this unique feature, we utilized multiscale characterization to investigate ion and water sorption and diffusion. This work establishes key design principles for polyelectrolyte membranes, ultimately catalyzing the development of advanced charged polymers for broad sustainability applications."
1805,ORS11-1632,,"Hydrogel microneedle arrays require a fabrication route that is customizable, repeatable, and capable of preserving sharp microscale tips. While 3D printing is well suited for generating customized mold geometries, direct printing of every microneedle array becomes inefficient as production moves beyond prototyping. We therefore focus on a direct single-mold strategy, in which a 3D-printed negative mold is used as a reusable casting interface for hydrogel microneedles. The central obstacle is interfacial adhesion between the cured hydrogel and the printed photopolymer mold, which can cause incomplete release, tip deformation, and loss of array fidelity. Here, we show that anti-adhesive molecular surface programming enables clean demolding of hydrogel microneedle arrays directly from 3D-printed photopolymer molds. The printed mold surface was modified with an octadecylsilane-based molecular layer to reduce hydrogel-mold adhesion while preserving the microscale cavity geometry. Surface modification was verified by Fourier-transform infrared spectroscopy and wetting analysis, and interfacial adhesion was quantified by mechanical testing. Silanization increased the water contact angle and reduced the interfacial adhesion force by up to 80%, enabling hydrogel microneedle arrays to be released without a secondary PDMS replica. To further evaluate whether the single-mold process preserves the intended needle geometry, we introduce a quantitative tip-definition method based on geometric contour analysis. This method defines the microneedle apex and curvature region using fixed geometric criteria, reducing operator-dependent variation in tip-radius measurement. Together, the anti-adhesive single-mold fabrication process and quantitative tip verification establish a streamlined fabrication-and-characterization workflow for hydrogel microneedle arrays produced from surface-engineered 3D-printed photopolymer molds."
1113,INS11-1015,,"Due to their unique optoelectronic properties, plasmonic nanoparticles are prominent candidates for advanced biomedical and industrial applications, including sensing, imaging, catalysis, and cancer therapeutics. However, their susceptibility to irreversible aggregation and a lack of robust, cost-effective stabilization methods remain significant barriers to industrial deployment. Here, we present a highly scalable and cost-effective functionalization strategy for gold nanorods (AuNRs) using casein, an abundant, inexpensive, food-grade amphiphilic biopolymer. Compared to synthetic alternatives, casein provides a superior coating matrix due to its intrinsically disordered flexibility for optimal surface conformation, robust multivalent anchoring, and inherent biocompatibility. The resulting casein-functionalized AuNRs exhibit exceptional resilience against high ionic strength environments and extreme pH fluctuations. By integrating mixed casein proteins into a robust, protective hydrated shell around each nanorod, we achieved high-concentration, surfactant-free electrosteric stabilization. This biopolymer interface prevented aggregation, remaining well-dispersed while preserving its structural and optical integrity for over a year. To facilitate long-term storage, logistical efficiency, and seamless product integration, the liquid colloidal suspensions were converted into solid-phase powders via continuous, high-throughput spray-drying. Remarkably, the dry powders exhibit seamless, rapid redispersion in both polar and nonpolar solvents, fully retaining the nanorods' original aspect ratio and plasmonic properties. Finally, the shelf-stable Casein-AuNR powders were molded into functional 3D geometries. By enabling the long-term stabilization of anisotropic nanostructures in a scalable, solid format, this work bridges a critical gap between laboratory-scale synthesis and industrial application."
1180,INS11-1069,,"Rigid-chain polymers that self-assemble into anisotropic colloidal fibrils offer a route to hierarchical, high-strength materials, yet translating their nanoscale order into macroscale fibers remains difficult due to the entropic penalty of aligning high-aspect-ratio chains into compact, load-bearing structures. This barrier often causes misalignment, voids, and poor inter-fiber cohesion in synthetic analogues of biological materials such as spider silk, cellulose, and collagen. In this talk, I will present a scalable strategy for producing high-strength thread from poly(2,2′-disulfonyl-4,4′-benzidine terephthalamide) (PBDT), a rigid-chain aramid that forms double-helical supramolecular units which further organize into colloidal nanofiber networks in aqueous dispersion. Continuous PBDT threads are fabricated via wet-spinning while retaining the solution-phase double-helix structure, enabling production over hundreds of meters. A subsequent hydro-torsional compaction step promotes densification and enhances inter-fiber contact, yielding compact, aligned fibers with improved structural coherence and efficient interfacial load transfer. The resulting threads exhibit a tensile strength of 1.2 GPa and a Young's modulus of 103 GPa — 5.8-fold and 6.3-fold improvements over bulk PBDT films, respectively — with strength approaching that of spider silk. I will discuss how dispersion, phase behavior, and torsional assembly of colloidal polymer fibrils govern the formation of hierarchically ordered, ultrastrong fibers, and how this framework can guide the design of next-generation aligned, high-performance fiber materials."
1061,INS11-0963,"Dostonbek Sodik Ugli Mavlonov (KRICT (Korea Research Institute of Chemical Technology)), Hyoung Eun Bae (KRICT (Korea Research Institute of Chemical Technology)), Hyocheol Jung (KRICT (Korea Research Institute of Chemical Technology)), Young Il Park (KRICT (Korea Research Institute of Chemical Technology)), Young-Jae Jin (KRICT (Korea Research Institute of Chemical Technology)), Jin Chul Kim (KRICT (Korea Research Institute of Chemical Technology))","The demand for sustainable and high-performance polymer composites has intensified, making recyclability a critical objective in modern materials engineering. While self-reinforced composites (SRCs) offer a promising solution to these environmental challenges, the necessary incorporation of functional additives—such as flame retardants—often compromises their inherent recyclability and mechanical integrity. This study investigates the utilization of metallocene poly(α-olefin) (mPAO) as a multifunctional additive to optimize the fabrication process, mechanical properties, and recyclability of high-density polyethylene (HDPE)-based SRCs. To impart thermal resistance, an environmentally compliant, ionic phosphorus-based flame retardant (ADK) was integrated into the composite. The branched architecture and low molecular weight of mPAO significantly improve melt processability by effectively lowering the matrix viscosity. This rheological enhancement not only facilitates a highly uniform dispersion of solid ADK but also strengthens the interfacial adhesion between the fibers and the matrix. Notably, the optimized composite formulation achieved an excellent UL-94 V-0 flame-retardant rating while maintaining robust mechanical strength. Furthermore, by applying a simple sequential washing step with aqueous sodium hydroxide and hexane, both the ADK and mPAO additives were selectively removed, enabling the successful recovery of high-purity HDPE."
959,KES11-0869,,"Three-dimensionally continuous nanoporous membranes offer a versatile nanoreactor platform, where catalyst immobilization, molecular transport, residence time, and reaction selectivity are integrated within confined nanoscale channels. In this keynote, I will present our development of free-standing polyurea network membranes and their application as nanofluidic reactors for both chemo- and biocatalysis. The membranes are fabricated by organic sol–gel chemistry with phase separation-controlled pore formation, yielding robust, pore-size-tunable structures with bicontinuous nanochannels. Ultrafine Pd nanoparticles immobilized on the internal pore walls form Pd-loaded membrane nanoreactors with high catalyst accessibility, reduced aggregation, and stable performance under flow. These reactors enable efficient hydrodechlorination by forcing reactants through Pd-decorated catalytic nanochannels. We further extended this platform to selective alkyne semi-hydrogenation. The Pd-loaded membranes showed high activity and alkene selectivity, driven by differential adsorption at the catalytic pore surface. Under appropriate solvent conditions, alkynes adsorb more strongly than alkenes, promoting alkyne hydrogenation while allowing alkene products to desorb and diffuse out before over-hydrogenation occurs. The same architecture also supports enzyme nanoreactors. Lipase-loaded nanofluidic membranes established a “Goldilocks” confinement regime that balances enzyme–substrate interactions with flow resistance. Carbonic anhydrase-loaded membranes further enhanced CO 2 hydration and absorption in K 2 CO 3 solutions, particularly with low-dose piperazine, demonstrating the synergy of enzyme confinement, promoter-mediated transport, and carbonate buffering for CO 2 capture. Together, these studies show that three-dimensionally continuous polyurea network membranes function as active nanofluidic reaction media for compact, reusable, highly active, and selective catalytic processes."
1705,INS11-1566,,"As AI extends from language into the physical world, progress has come mostly along one axis - behavior, learned from ever-larger models and data. Yet what a policy can ultimately achieve is set by the body it runs on. The body is not a passive vessel but a design axis of its own, and a growing view across embodied intelligence and physical AI treats morphology and materials as active parts of how a system acts. We approach that axis from the materials side, programming structure and property so that a body's form and property become control variables set at runtime rather than fixed at fabrication. This path led us to mechanical pixelation: building a body from discrete material units whose arrangement, switchable at runtime, sets what it can do. We illustrate it with a few platforms - stiffness-tunable tensegrity that widens its configuration and behavioral space by bridging stabilized states; digital mechanical metamaterials that communicate through an LLM interface; and folding-based robots that express both shape and property patterns. Together they expand the space a body can reach without redesigning hardware, and because the units are discrete, that reach becomes something we can enumerate and compare. But working across these platforms, a deeper question kept surfacing. Behavior now has a mature language - learned, bounded, mapped - yet it stops at the controller; the body has no such account, no language for what a given organization can do, and what it cannot. What is new is not optimization - searching this space for one good body - but a chance to understand the space itself. In that regard, today's AI lets us map, compress, and navigate the space a body’s organization opens. Our group therefore aims to study the physical capability written into a body - the space of what it can reach, its structure, and the boundary beyond - as an axis for meeting the world and solving physical problems."
538,INS11-0454,,"Multimaterial additive manufacturing attracts and inspires multidisciplinary approaches for combining disparate materials into single parts. Approaches span a range of chemical “bottom-up” techniques, engineering “top-down” technologies, and hybridized manufacturing strategies. With an emphasis on the underlying chemistry of vat-based additive manufacturing, we will discuss our most recent efforts toward incorporating combinations of organic and inorganic materials into the same printed part. Our approach involves a technique we refer to as Multimaterial Actinic Spatial Control (MASC) and leverages chemical orthogonality and selectivity that can be spatially controlled via different wavelengths of light. In this way, the use of multiwavelength projection systems in vat-based additive manufacturing enables access to multimaterial parts that ultimately contain highly disparate organic (soft, flexible, insulating) and metallic (stiff, ductile, conductive) domains with full three-dimensional control over their placement."
1009,INS11-0911,,"The control and utilization of high-strain-rate stress waves represent a pivotal challenge at the intersection of materials science, chemistry, and extreme mechanics. This work introduces a dual-faceted approach to high-strain-rate phenomena: harnessing molecular-level dynamic chemistries for energy dissipation, and exploiting macroscopic stress wave mechanics for advanced micro-patterning. First, we address the need for high-strain-rate stress wave dissipation in materials exposed to extreme mechanical impacts. By integrating dynamic covalent networks and metallosupramolecular systems into a polymer matrix, we achieve enhanced energy dissipation. Under high-strain-rate stress wave loading, these networks undergo rapid, reversible bond scission and rearrangement. Catalyst-accelerated disulfide exchange and coordination geometry-sensitive supramolecular networks exhibit superior wave-attenuating performance, validated by Density Functional Theory (DFT) calculations, offering a sustainable strategy for protective materials. Second, we pivot to the spatial exploitation of high-strain-rate stress waves for non-contact, chemical-free microscale patterning. By confining laser-driven stress waves through geometric photomasks, we investigate their spatial evolution. The resulting spallation morphologies on colloidal monolayers exhibit systematic shape transmutation and rotation-like behaviors. Numerical modeling via the Angular Spectrum Method (ASM) reveals that these fields govern an interference-dominated propagation regime. This mechanism enables the programmable fabrication of complex 2D structures, encrypted alphabetic arrays, and functional QR codes. Collectively, this work provides fundamental insights into the intricate responses between high-strain-rate stress waves and soft materials, particularly filling a critical research gap in dynamic mechanochemical transitions and wave-governed behaviors that have remained largely unexplored."
1699,INS11-1560,,"Covalent adaptable networks (CANs) are key to next-generation materials with enhanced reprocessability and repairability. This work explores the synthetic chemistry of oligosiloxane-based epoxy-thiol CANs to develop self-healing elastomers, focusing on how various oligosiloxane side chains influence thermomechanical properties. A range of elastomers was created, from near-supersoft (elastic modulus < 250 kPa) to highly stretchable (>180% strain). The dynamic covalent bonds, facilitated by an amine catalyst, enable fast stress-relaxation and excellent mechanical recovery upon reprocessing. Efforts toward a bio-based hardener for accessing supersoft networks will also be presented. These studies integrate synergistic siloxanes and esters into CANs to define the atomic-level characteristics that control macroscopic network properties. Furthermore, methods such as digital chemistry, automation, flow chemistry, and Bayesian optimization will be presented, which can be utilized to achieve additional optimization of methods and materials."
541,ORS11-0457,,"Hierarchically structured polymer colloids offer exceptional promise for advanced applications in smart soft materials, optical sensing, and adaptive nanotechnology. Here, we introduce a comprehensive set of strategies for engineering macromolecular assemblies by systematically tuning the molecular structure of bottlebrush copolymer as a self-assembly building block, including a i) precision grafting-density-controlled polymers to ii) bottlebrushes with a dynamic, stimulus-responsive backbone, and to iii) a mixed-graft bottlebrush architecture. First, we examine the confined self-assembly of poly(norbornene)-graft-(polystyrene-random-polydimethylsiloxane) heterografted bottlebrush copolymers. Densely grafted side chains suppress chain entanglement, facilitating rapid microphase separation into well-ordered nanostructures within minutes. Further synthetic control of the side-chain grafting density allowed observation of a wide range of grafting density for retaining the nanostructures with relatively constant domain spacing, uniquely dictated by the side-chain length. Second, we incorporate a dynamic polydisulfide backbone to enable stimuli-responsive morphological shifts. The reversible polymerization-depolymerization of the backbone triggers transitions between compartmentalized and nanostructured particles. Integrating sequestered AIEgens allows for phase-dependent photoluminescence, highlighting potential for responsive optical switching. Finally, we utilize mixed-graft bottlebrushes (PS, PDMS, PLA) to achieve higher hierarchical complexity. This architecture allows simultaneous phase separation across two length scales, forming ternary morphologies such as lamellae-in-lamellae. Precise control over block sequences and volume fractions enables the tuning of both substructures and superstructures, inducing transitions in the shape and morphology of the resulting nanostructured particles."
1774,KES12-1602,,"Around the turn of the twenty first century, there has been a remarkable increase in the number of women leading doctoral-granting academic institutions in the United States of America. It is important to carefully explore the factors behind these progressive changes, especially looking at how the issue of gender impacts women differently than men in their career endeavors. What were the non-linear pathways these women pursued to becoming presidents of major universities? What barriers and problems they endured? How their ambitions to race forward inspired the courage to face the challenges on this rocky path?"
1802,INS12-1629,,"Organic solar cells have attracted great attention as next-generation wearable power generators due to their merits of light-weight, low cost, and potential stretchability. One of the most successful advances in improving the power conversion efficiency (PCE) of OSCs has been recently achieved with the advent of non-fullerene small molecule acceptors (NFSMAs). A highly fused backbone structure of the NFSMAs incorporated with strong dye molecules allow to a high absorption coefficient compared to conventional fullerene-based acceptors, leading to the drastic improvement of the light absorption and the PCE of OSCs to 19%. In this presentation, I will discuss the design strategies of Non-fullene acceptors for good stability as well as high efficiency and the design strategies of hole transporting layer for hybrid solar cell."
102,INS12-0026,,"Organic solar cells have recently broke the power conversion efficiencies limit of 20 %. This puts extra attention to increasing their stability as their last remaining challenge. Since they consist of organic molecules, they are susceptible to degradation in contact with oxygen, light, heat and humidity, which are commonly found stresses in their working environment. Different pathways can be explored to enhance their stability; we will present several explored by our group on different non-fullerene based devices: antioxidant-assisted stabilization of active layer and interlayer, molecule purification, molecular structure modifications, device architecture. We will discuss the observed enhancement in stability and use microscopic and spectroscopic techniques to probe the mechanisms."
1808,INS12-1635,,"Organic semiconducting polymers hold immense promise for flexible, wearable thermoelectric (TE) and bioelectronic applications; however, fine-tuning their coupled electronic and ionic charge transport dynamics remains a core challenge. Here, we demonstrate strategic design frameworks to optimize both electronic and ionic transport mechanisms in functional polymeric systems.To govern electronic charge transport, organic electrochemical transistors (OECTs) were utilized for in situ electrochemical doping, systematically widening the reachable doping range. By synthesizing four p-type semicrystalline polymers with tailored side chains, we investigated how side-chain engineering influences the evolution of crystalline morphology and the local density of states (DOS) during doping, direct linking these microstructural changes to enhanced TE efficiency.To overcome the ambient instability of conventional ionic hydrogels—which typically require high humidity for ion diffusion and self-healing—we developed p-type and n-type polymeric ionic gels (PIGs) featuring tunable ionic side-chain densities. Operating reliably in dry environments without encapsulation, these PIGs exhibit exceptional optical transparency, thermal tolerance up to 125 °C, high intrinsic stretchability, and autonomous self-healing. Together, these insights into semicrystalline polymers and robust PIGs offer clear design principles for high-performance, durable, and highly adaptive materials in next-generation organic thermoelectric and wearable electronic technologies."
1816,INS12-1633,,"With the emergence of conducting polymers exciting directions opened in bioelectronics research, bridging the gap between traditional electronics and biology. With the goal of fully integrated devices, organic bioelectronic technologies have been heavily explored the past decade resulting in novel materials/device configurations. Multiplexing capability, ability to adopt to complex performance requirements in biological fluids, sensitivity, stability, literal flexibility, and compatibility with large-area processes are only some of the merits of this technology for biomedical applications. This talk will highlight our recent progress in sustainable biosensor design, emphasizing materials engineering and rational strategies to eliminate costly reagents and reduce environmental impact. Focusing on applications ranging from wearables to point-of-care diagnostics, we demonstrate novel biocatalysts and 2D materials can enhance the sensitivity, conformability, and overall functionality of bioelectronic sensors, while minimizing environmental impact."
1817,INS12-1634,,"The development of sustainable materials is becoming increasingly important for the next generation of bioelectronic technologies. Organic mixed ionic–electronic conductors (OMIECs) provide a unique platform for interfacing electronics with biological systems, yet most state-of-the-art materials still rely on synthetic polyelectrolytes. Our research explores an alternative strategy by integrating renewable biological macromolecules with electrically conducting polymers to create sustainable and biocompatible mixed conductors. Naturally derived materials, including DNA recovered from marine residuals 1,2 , polysaccharides from blue-green algae 3 , nanocellulose from plants 4 , and lignosulfonates 5 from the wood industry as well as emerging degradable polymers derived from renewable building blocks are employed as functional counterions for conducting polymers such as PEDOT and polypyrrole. Beyond stabilizing the conducting polymer, these bio-derived components actively influence ionic transport, electrochemical properties, and device operation. This presentation will highlight the design and implementation of these conducting polymer biocomposites in organic electrochemical transistors (OECTs) and biosensing platforms, demonstrating how renewable materials can simultaneously enhance functionality and sustainability. The results illustrate that bio-derived polymers are not merely passive structural components but active contributors to mixed ionic–electronic transport and signal transduction. By combining green materials chemistry with organic bioelectronics, this work presents a pathway toward environmentally responsible electronic technologies for healthcare, biosensing, and future soft biointerfaces. References S Tekoglu , D Wielend, MC Scharber, NS Sariciftci, C Yumusak, Adv. Mater. Technol. 5, 3 (2020), 1900699. S Hradilova, K Matura, M Cobet, A Opletalova, Y Salinas, NS Sariciftci, S Tekoglu , K Polakova, Adv. Mater. Interfaces 12, 20 (2025), 2500412. K Matura, C Putz, S Hradilova, K Polakova, M Irimia-Vladu, M Okajima, T Kaneko, M Kaltenbrunner, NS Sariciftci, S Tekoglu , npj Flex Electron 9 (2025), 56. K Matura, R D’Orsi, L Spagnuolo, F Mayr, M Cobet, C Putz, A Operamolla, S Tekoglu , J. of Mater. Chem. C 12, 41 (2024), 16701-16713. K Matura, T Grabner, S Hradilova, M Cobet, A Opletalova, K Polakova, A Operamolla, NS Sariciftci, S Tekoglu , Adv. Electron. Mater. (2026) e00809."
351,KES12-0268,,"Designing soft electronic materials requires a detailed understanding of how molecular packing, charge-carrier delocalization, and mechanical deformability interact within conjugated polymers. Indacenodithiophene (IDT)-based materials are highly promising for these applications due to their rigid, coplanar cores that facilitate excellent charge transport. However, developing these semiconductors requires balancing electronic performance and mechanical robustness while maintaining efficient macromolecular processing. Here, we investigate the structure–property–performance relationships of a series of IDT-based terpolymers synthesized via atom-efficient direct arylation polymerization (DArP), containing controlled ratios of thienopyrroledione (TPD) and benzothiadiazole (BT) acceptor units. Grazing-incidence wide-angle X-ray scattering (GIWAXS) reveals progressively enhanced backbone translational order with increasing BT content, whereas charge-modulation spectroscopy indicates reduced polaron delocalization across the same series. In organic field-effect transistors (OFETs), these structural shifts manifest as a composition-dependent mobility trend, featuring a minimum at intermediate compositions and recovery in BT-rich polymers. These observations point to a transport crossover from a stronger intrachain contribution in TPD-rich films to an increased intermolecular contribution in BT-rich domains. Furthermore, mechanical testing reveals that this increasing structural order decreases the crack-onset strain from approximately 90% to 45%. Ultimately, this study demonstrates that managing terpolymer composition is a powerful strategy for finely tuning the balance between charge transport and stretchability in conjugated semiconductors."
1859,KES12-1663,,"Organic mixed ionic and electronic charge conductors offer a unique toolbox for establishing electrical communication with biological systems. In this talk, I will introduce this rising class of materials for bioelectronic interfacing and explain how their multifunctionality can be harnessed to develop next-generation conformable bioelectronic sensors operating at aqueous electrolyte and tissue interfaces. I will highlight one application where organic electrochemical transistors that rely on these soft conductors are used to detect biochemical molecules from sweat while recording and analyzing electrophysiological signals. Drawing from our experience with patient samples, I will address potential shortcomings of proof-of-concept biosensor platforms and explore strategies for overcoming these challenges."
1713,INS12-1572,,"Hardware security and anti-counterfeiting increasingly demand unclonable identifiers for distributed electronics, edge devices, and product authentication, yet conventional physically unclonable functions (PUFs) depend on energy-intensive top-down lithography. We show that the intrinsic randomness of chiral supramolecular self-assembly offers a solution-processable alternative, in which molecular handedness becomes a stochastic entropy source read out across multiple channels. At the core, room-temperature crystallization-driven self-assembly (CDSA) organizes conjugated-polymer block copolymers into P- and M-helical nanowires whose long-range chirality governs a circularly polarized light (CPL)-selective optical response. To translate this chiroptical selectivity into a device signal, the helical nanowires are co-assembled with metal-halide perovskite quantum dots, where interfacial charge transfer amplifies the dissymmetry and produces handedness-dependent photocurrents in phototransistors for CPL-responsive authentication. To make the encoded identity nonvolatile and electrically addressable, the same helices, here templated by renewable plant-derived limonene, are interpenetrated with a ferroelectric fluoropolymer, so that interfacial dipolar coupling transcribes supramolecular helicity into remanent polarization and yields CPL-addressable ferroelectric PUFs with 256-bit identifiers and near-ideal bit uniformity. Extending the principle beyond conjugated polymers, bio-derived homochiral and heterochiral peptides confine and direct the shape-controlled growth of plasmonic gold nanoparticles, adding a surface-enhanced Raman channel whose signature is set by helical handedness and particle shape. Together, they trace one design logic, chirality as a solution-processable entropy source drawn in part from renewable building blocks and decoded optically, electrically, and plasmonically, pointing toward more sustainable secure electronics."
1028,KES13-0930,,"The year 2026 marks the 50th anniversary of the Polymer Society of Korea (PSK), celebrating Korea’s remarkable growth from a late entrant in polymer science to a global leader in commodity polymer production and advanced functional materials research. This success has been supported not only by domestic innovation but also by strong international collaborations, particularly with Germany. Germany occupies a unique position in polymer science through the pioneering work of Prof. Hermann Staudinger, whose macromolecular concept established the foundation of modern polymer chemistry. Supported by leading universities, Max-Planck and Fraunhofer Institutes, and major companies such as BASF, Bayer, Merck, and Wacker. Germany continues to lead global polymer research and innovation. Since the 1st Korea-Germany Polymer Symposium in 1991, researchers from both countries have built a productive partnership through bilateral symposia, NRF & DFG joint projects, and extensive researcher exchanges. A notable achievement was the International Research Training Group (IRTG, 2006–2015), which involved about 60 researchers and generated numerous joint publications, patents, educational programs, and long term collaborations. This lecture reviews 35 years of Korea-Germany cooperation in polymer science, highlights major scientific achievements arising from bilateral collaborations, and discusses the important role of international networking in advancing polymer research and educating future generations of scientists. As global challenges and opportunities continue to expand in areas such as advanced functional polymers, sustainable polymer technologies, energy related polymer materials, biomedical and healthcare polymers, and smart selfhealing materials, strengthened Korea-Germany cooperation will play an increasingly important role in shaping the future of polymer science and technology."
1747,KES13-1583,,"Colloidal quantum dots (QDs) have outstanding optical properties including tunable emission wavelengths, high photoluminescence quantum yields, and narrow emission bandwidths, enabling displays with a wide color gamut, excellent color purity, and high energy efficiency [1]. In addition, their solution processability allows scalable fabrication by techniques such as an inkjet printing [2]. As a result, QD light-emitting diodes (QLEDs) are regarded as one of the most promising candidates for future display technologies. A major challenge in QLED development is the realization of emissive layers that simultaneously achieve efficient charge transport, uniform QD dispersion, high-quality film formation, and long-term operational stability. A promising approach is the development of QD-polymer hybrid materials, in which functional polymers provide excellent film-forming ability and tunable electronic properties, while QDs deliver highly efficient and spectrally pure emission. Chemical grafting of polymer chains onto QD surfaces significantly enhances colloidal stability, suppresses nanoparticle aggregation, and enables homogeneous thin-film formation, resulting in improved charge balance and device performance [3-5]. These advances have been realized through the collaboration within the International Research Training Group (IRTG), which has established a highly productive research partnership between Korea and Germany. By integrating expertise in polymer chemistry, nanomaterials, device physics, and display engineering, the IRTG has established new design principles for QD-polymer hybrid materials and translated them into significant improvements in QLED performance. At Samsung Display Co, we have made substantial progress toward fully inkjet-printed QLEDs through strategic ligand engineering, optimized ink formulations, and precise control of printing processes [2, 6]. This talk demonstrates how fundamental research within the Korea-Germany IRTG collaboration is driving the development of high-performance, printable QLEDs as next-generation display technologies. References: [1] J. Kim, J. Roh, M. Park, and C. Lee, Advanced Materials 36 (20), 2212220 (2024). [2] C. Han,  S. Lee, Y. Ko, J. Cho, Y. K. Jung, D. J. Kang, D. Kwak, S. Kim, J. Ha, Y. Yoon, C. Lee, Journal of the Society for Information Display 33 (2), 53 (2025). [3] M. Zorn, W. K. Bae, J. Kwak, H. Lee, C. Lee, R. Zentel, K. Char, ACS Nano 3 (5), 1063-1068 (2009). [4] J. Kwak, W. K. Bae, M. Zorn, H. Woo, H. Yoon, J. Lim, S. W. Kang, S. Weber, H.‐J. Butt, R. Zentel, S. Lee, K. Char, C. Lee, Advanced Materials 21 (48), 5022-5026 (2009). [5] A. Fokina, Y. Lee, J. H. Chang, M. Park, Y. Sung, W. K. Bae, K. Char, C. Lee, R. Zentel, Advanced Materials Interfaces 3 (18), 1600279 (2016). [6] J. Ha, Y. K. Jung, S. Lee, C. Han, H. Kim, M. Park, S. Kim, C. Lee, Journal of the Society for Information Display 34 (5), 490-497 (2026)."
340,INS13-0257,,"Azobenzene molecules can be considered as molecular actuators that convert optical energy in mechanical work. In this talk I will show several interesting examples where azobenzene can be used in order to actuate matter on large time and length scales. In all these examples the azobenzene plays the role of a transducer that mediates between different states of size, shape, position and interfacial energy of several nano-scale soft materials. In the first part of my talk I will show how using a home made set-up combining an atomic force microscope (AFM) and two-beam interferometry it is possible to address two major points concerning the experimental efforts in understanding surface relief grating (SRG) formation in azobenzene containing polymers: (i) how is the orientation of the electric field vector within the interfering electromagnetic fields related to the topographical pattern within the SRG; (ii) how can one measure locally the opto-mechanical forces emerging during topography change. We will discuss three distinct systems: polymer films, polymer brushes, and azobenzene containing polymer nanoparticles. [1-4 ] In the second part of my talk I will show how, using azobenzene containing surfactant, [5] one can manipulate microparticles and even induce their self-propulsion when trapped at a solid/liquid interface. Depending on the applied wave length one can either disperse/remove or gather particles. The physical origin of this genuine behaviour is related to the phenomenon of light driven diffusioosmosis (LDDO). [6,7] During irradiation of a solution containing azobenzene surfactants with focused light, there is a formation of local flow at the solid/liquid interface. The corresponding hydrodynamic forces are sufficiently strong to swiftly clean the illuminated area from particles trapped at the interface. When the colloids are made into Janus particles, their self-propulsion can be initiated in the solution of azobenzene containing surfactant even under global/homogeneous illumination with blue light. We will discuss how to establish light-driven hydrodynamics as a useful and versatile tool for investigating collective motion of self-propelled particles and aggregation. At the very end of my talk I will present further examples of azo-induced actuation of soft matter. M icrogel particles made light sensitive with azo-surfactants can change their volume (growing or shrinking) by up to a factor of 8 and LCST point between 32°C and 85°C in response to illumination with two different wavelengths. [8, 9] References [1]   Jelken, J.; Santer, S. RSC Advances , 9 (2019) 20295. [2]   Di Florio, G.; Brundermann, E.; Yadavalli, N.S.; Santer, S.A.; Havenith, M. Nano Letters, 14 (2014) 5754. [3] Loebner, S.; Lomadze, N.; Kopyshev, A.; Koch, M.; Guskova, O.; Grenzer Saphiannikova, M.; Santer, S. A. J. Phys. Chem. B, 122 (2018) 2001. [4]   Lomadze, N.; Kopyshev, A.; Bargheer, M.; Wollgarten, M.; Santer, S. Scientific Reports, 7 (2017) 8506. [5] Santer, S. J. Phys. D: Applied Physics, 51 (2017) 013002. [6] Feldmann, D.; Maduar S.R.; Santer, M.; Lomadze, N.; Vinogradova O.I.; Santer, S. Scientific Reports , 6 (2016) 36443. [7]   Arya, P.; Umlandt, M.; Jelken, J.; Feldmann, D.; Lomadze, N.; Asmolov , E. S.; Vinogradova, O. I.; Santer, S. A. The European Physical Journal E, 44(50) (2021), 1-10. [8]   Schimka, S.; Gordievskaya, Y.D.; Lomadze, N.; Lehmann, M.; von Klitzing, R.; Rumyantsev, A.M.; Kramarenko, E.; Santer, S. J. Chem. Phys., 147 (2017) 031101. [9]   Jelken J.; Jung S.; Lomadze N.; Gordievskaya Y. D.; Kramarenko E. Y.; Pich A.; Santer S. Adv. Funct. Mater., (2021), 2107946."
1214,INS13-1103,Sienoh Park (Yonsei University),"Recent advances in polymeric mixed ionic–electronic conductors (MIECs) have opened new opportunities to investigate how ionic and electronic carriers collectively contribute to thermoelectric energy conversion. While previous studies have largely emphasized increasing either ionic or electronic conductivity, comparatively little attention has been paid to how their relative contributions govern thermoelectric performance. Here, we present how polymeric MIECs can be optimized for enhanced thermoelectric performance, demonstrating that balancing ionic and electronic carrier contributions, rather than maximizing either conductivity alone, is the critical factor governing thermoelectric performance. Representative examples include polymer composites based on poly(2-acrylamido-2-methyl-1-propanesulfonic acid) and graphene, in which graphene content and environmental humidity effectively regulate mixed charge transport. The optimized compositions exhibited a high total Seebeck coefficient under a temperature difference of only 5 K, together with an electronic Seebeck coefficient among the highest reported for polymeric mixed ionic–electronic conductors. Notably, both the ionic and electronic thermoelectric responses were simultaneously enhanced within the same material. Furthermore, transference numbers and the conductivity ratio (σe/σi) were identified as quantitative descriptors linking mixed charge transport to thermoelectric voltage and power generation. These findings provide new insights into the interplay between ionic and electronic transport in polymeric MIECs and suggest that engineering carrier balance is an effective approach for developing high-performance polymer thermoelectric materials for harvesting low-grade heat."
1763,INS13-1592,,"Chemical doping in conjugated polymers simultaneously alters their microstructure and electronic landscape, introducing structural and energetic disorder that strongly influence charge generation and transport. In this presentation, correlations between these two forms of disorder and charge-carrier behavior will be discussed using model systems such as PBTTT, IDTBT, and P3HT. Sequential doping with nonpolar solvents can promote a disorder-tolerant transport regime by minimizing paracrystallinity and enhancing π-stacking coherence, while planar backbones suppress energetic disorder and help maintain efficient carrier delocalization. Beyond reducing disorder, deliberate control of short-range aggregation can also create efficient transport pathways through otherwise poorly conducting regions. In random 3-hexylthiophene-thiophene copolymers, reduced side-chain density generates small π–π aggregates within the amorphous matrix, establishing percolation pathways that enable metal-like transport and substantially improve thermoelectric performance after ion-exchange doping. Furthermore, photoactivated doping is introduced as an approach to decouple film formation from charge transfer. In P3HT blended with a photoacid generator, dopants remain largely confined to amorphous regions before light activation, preserving the native crystalline structure; subsequent photoactivation induces selective anion intercalation and enhanced three-dimensional molecular ordering while generating charge carriers. Together, these results show that structural disorder need not simply be minimized, but can be strategically reorganized or bridged to balance charge generation, carrier delocalization, and long-range transport. These insights provide a unified framework for understanding and controlling charge-carrier dynamics in chemically doped conjugated polymers."
1179,INS13-1068,,"Every infection starts with a pathogen navigating the glycocalyx and attachment to the host cell. The glycocalyx is a dense layer of various types of glycans and glycan-conjugates surrounding every cell and dictating the rules of cellular engagement.  Despite their established importance, glycans remain largely unexplored. In addition, i t becomes more and more evident, that the biological activity and function of the glycocalyx strongly depend on the localization and dynamic organization of the individual components. Based on their presentation on the cell membrane, glycan ensembles are highly dynamic, where clusters of higher glycan density are formed or dispersed, glycans may compete for binding, or step-wise engagement is required for binding, and subsequent functions such as uptake. Interestingly, not only binding components can affect attachment to a cell surface, but recent work has highlighted the importance of a tight interplay of both, binding and non-binding glycans. The key limitation in studying such dynamic glycocalyx interactions are missing tools such as defined and tuneable model systems. To gain fundamental insights into the effects of glycocalyx dynamics and how they control infection, we introduce a new glycocalyx model using tailor-made precision glycomacromolecules that allow for selective control and tuning of structural parameters such as spatial organization, heterogeneity and dynamics of the glycan moieties. Glycomacromolecules are derived by combining solid phase polymer synthesis and controlled polymerization methodology and then introduced into giant unilamellar vesicles as simplified models of cell membranes. The talk will present first studies using this set-up to systematically investigate effects of crowding in heteromultivalent glycan ensembles, pre-organization of glycan-ligands in ordered phases or lipid rafts and the use of light-induced crosslinking to fix glycan clusters and perform so-called cluster imprinting."
1147,INS13-1048,,"A broad-spectrum of 2D materials can address the critical challenges facing in the current technological trend of the 4th industrial revolution. This presentation will introduce three significant emerging application areas of 2D materials: smart fibers, soft robotics, and single atom catalysts (SACs), which hold immense potentials for the academic and technological advancements in the post-artificial intelligence (Post-AI) era. Among many different 2D structures, Graphene Oxide Liquid Crystal (GOLC) is an intriguing 2D carbon based soft material exhibiting nematic type discotic liquid crystallinity in good solvents, such as water. Since our first discovery of GOLC at 2009, this interesting mesophase has been utilized over world-wide for many different application areas, such as liquid crystalline graphene fiber spinning, highly ordered graphene membrane/film production for water treatment, nanoporous graphene assembly for energy/environmental applications and so on. Interestingly, GOLC allow us a valuable opportunity for the highly ordered molecular scale assembly of smart carbon based fibers and soft artificial muscles. Smart fibers showcase the unconventional functionalities including healthcare/environmental monitoring, energy storage/harvesting, and antipathogenic protection in the forms of wearable fibers and textiles. Artificial muscle aligns with the technological trend to overcome the longstanding limitations of the hard-material based mechanics by introducing soft actuators and sensors. Noticeably, our recent development of the human muscle inspired graphene based nanocomposite fiber highlights the all-around superior performance of actuation parameters to attain the interesting demonstration of arbitrary biomimetic movements. Lastly, our early day research effort for the heteroelement-doping of graphene based structures yielded one of the first original works for SACs, which are widely useful in energy storage/conversion and environmental management, principally contributing to the low carbon footprint for the sustainable post-AI era."
1187,INS13-1076,,"Paper is one of the most widely used materials in modern society. It is produced on a large scale from renewable resources, primarily wood, as well as other biogenic sources. A combination of biological origin and complete biodegradability makes paper one of the most sustainable materials in use today. Paper is valued for its remarkable combination of properties: it is lightweight yet strong, bendable and foldable, and its porous structure enables passive fluid transport without the need for pumps. In the contemporary era, the manufacturing and recycling processes of this material have been technologically optimized to a considerable extent. Beyond its classical roles in printing, packaging, and hygiene, paper has recently attracted attention in far more demanding applications, from lateral flow diagnostics and lightweight structural components to next-generation paper-based food packaging and even soft robotics. In this presentation, recent endeavors to unlock new functionalities by tailoring the fiber–fiber and fiber–polymer interfaces in paper will be discussed. Examples progress from the utilization of functional wax–polymer coatings for precise modulation of barrier properties, to the employment of sustainable polymer cross-linking strategies for the introduction of robust wet-strength, and the implementation of spatially controlled interfacial functionalization to achieve 4D paper-based actuators that exhibit dynamic responsiveness to external stimuli. By integrating tradition and innovation, these approaches demonstrate the potential for paper to evolve from a classical commodity into a smart, circular material platform with exciting potential far beyond its established use."
216,INS13-0135,,"Converting CO 2 into useful chemicals is recognized as a key step in the circulation of carbon resources and the implementation of sustainable chemical processes. Although the photocatalytic enzymatic reduction of CO 2 offers high selectivity under mild conditions, it requires a continuous supply of the reducing cofactor, nicotinamide adenine dinucleotide (NADH), to sustain efficiency. Although solar-driven photocatalysis is an eco-friendly approach, traditional TiO 2 is limited by poor visible-light absorption. We fabricated an organic–inorganic hybrid photocatalyst by immobilizing visible-light-active semiconducting polymer dots onto Pt-functionalized UV absorbable TiO 2 nanofibers. This architecture facilitated efficient photoinduced charge transfer, achieving ~ 75 % NADH regeneration within 30 min, which was more than 15 -fold increase over bare TiO 2 , maintaining high selectivity for the biologically active 1,4-isomer. To demonstrate the practical utility, the regenerated 1,4-NADH was coupled with formate dehydrogenase to drive the enzymatic reduction of CO 2 to formate. The co-localization of all components ensured easy recovery and reusability, representing a robust transition from light harvesting to biosynthetic carbon fixation."
1135,INS13-1036,,"Systems for energy storage represent one of the central challenges for the ongoing energy transition, as electrification of transport and the integration of intermittent renewable sources require batteries with higher energy density, improved safety, and lower cost. Conve ntional commercial lithium-ion batteries are approaching their practical energy-density limits of about 300 Wh kg -1 , m otivating the search for next-generation systems allowing higher energy densities. In this context, lithium metal batteries are particularly attractive due to the higher theoretical specific capacity of lithium metal (3860 mAh g -1 ) compared to graphite (372 mAh g -1 ), and its low electrochemical potential (-3.04 V vs. SHE), which enables higher cell voltages and thereby contributes to increased energy density of the cell. However, the practical implementation of lithium metal in conventional liquid electrolyte systems remains challenging. The use of flammable organic electrolytes promotes the formation of lithium dendrites during cycling, which can lead to internal short circuits and rapid cell failure, in addition to raising significant safety concerns, particularly at elevated temperatures due to their volatility and flammability. Consequently, the development of solid-state electrolytes for solid-state-batteries (SSBs) has emerged as a promising strategy to address these limitations, as they can suppress dendrite growth, and improve overall safety by eliminating volatile liquid components. This presentation summaries recent efforts of our group regading the templating of structured active anode materials, the design of solid polymer electrolytes, as well as the utilization of mixed ion/electron conductive polymers as binders for high-voltage cathodes."
1145,INS13-1046,,"Diagnostic and therapeutic devices have been routinely used in the clinic placed at patients’ bedsides. However, with the recent progress of nanobiotechnology, a variety of wearable healthcare devices have been widely investigated for theranostic applications with greatly improved patients’ compliance. Here, we developed smart contact lenses and smart wearable devices for both continuous diabetic monitoring and diabetic retinopathy therapy. Smart contact lens could measure tear glucose levels as a non-invasive alternative to the conventional blood glucose tests and deliver drugs from gold coated reservoirs for the treatment of diabetic retinopathy. We also developed a smart NIR light emitting contact lens for the diabetic diagnosis and the treatment of diabetic retinopathy. The retinal vascular hyper-permeability induced by diabetic retinopathy in rabbits was reduced to the statistically significant level by simply wearing the NIR light emitting contact lens. In addition, we developed a smart contact lens to monitor and control the intraocular pressure (IOP) for the treatment of glaucoma. The IOP could be maintained in a controlled manner by the released drug in response to the measured IOP. On the basis of these results, we developed a smart wearable device for highly sensitive glucose monitoring in sweat for clinically feasible diabetic diagnosis. A blue-tooth system could send data wirelessly allowing patients to check their diabetic diagnosis results on the mobile phones. Furthermore, we developed cell-integrated poly(ethylene glycol) hydrogels for in vivo optogenetic sensing and therapy. The real-time optical readout of encapsulated heat-shock-protein-coupled fluorescent reporter cells made it possible to measure the nanotoxicity of cadmium-based quantum dots in vivo. Using optogenetic cells producing glucagon-like peptide-1, we performed light-controlled therapy and obtained improved glucose homeostasis in diabetic model mice. Taken together, we successfully developed smart wearable devices for optogenetic cellular engineering for diagnostic and therapeutic applications. This presentation will provide the current state-of-the-art smart healthcare materials and wearable devices for further clinical applications."
1174,INS13-1064,,"Biological materials demonstrate that chemistry alone does not determine function. Instead, nature achieves exceptional mechanical performance, adaptability, and multifunctionality through the interplay of molecular recognition, hierarchical organization, and sophisticated processing, enabling functions to emerge across multiple length scales. From spider silk and mussel byssus to plant-derived structural materials, biological systems provide compelling blueprints for the design of next-generation polymer materials. Inspired by these principles, our research explores how molecular assembly can be harnessed to engineer polymer materials whose properties emerge through the controlled self-assembly of complementary building blocks. Rather than relying exclusively on permanent covalent architectures, reversible molecular interactions enable adaptive, responsive, and reprocessable materials while providing new opportunities to tailor mechanical performance and functionality. In this context, chemistry defines the building blocks, while assembly determines their function. Selected case studies illustrate how this philosophy enables polymer materials that unite properties traditionally considered mutually exclusive. By controlling molecular assembly, materials can be designed whose mechanical performance approaches that of conventional thermoplastics while retaining the adaptive characteristics of dynamic supramolecular systems. Representative examples include programmable and mechanoresponsive materials, bio-inspired building blocks, and emerging applications in sustainable packaging and water technologies. Ultimately, biologically inspired assembly provides not merely inspiration, but a conceptual framework for designing future polymer materials. Through representative examples, this lecture demonstrates how engineering emergent function through molecular assembly offers a powerful strategy for uniting performance, adaptability, and sustainability."
1312,INS13-1199,,"Biomaterials are evolving from static scaffolds toward dynamic, adaptive microenvironments. Current trends feature two separate paradigms: synthetic, stimuli-responsive supramolecular assemblies controlling cell-material interfaces, and engineered living bio-therapeutics autonomously navigating pathological tissues. These approaches overcome traditional trade-offs between delivery efficiency and microenvironmental command, pioneering next-generation autonomous medical systems. The first part of this presentation details light-controlled supramolecular self-assemblies for cyclic microenvironmental manipulation. Integrating reversible photoisomerization switches within stabilized microgels enables on-demand volumetric inflation via near-infrared upconversion transduction. This dynamic ligand and topology control remotely orchestrates focal adhesion, mechanosensing, and stem cell differentiation while triggering therapeutic release. Replacing ultraviolet light with safer dual-wavelength irradiation advances cytocompatible tissue regeneration and smart drug delivery. The second part focuses on programmed living bacterial therapeutics serving as autonomous factories within tumor microenvironments. Through inducible in situ protein secretion, these attenuated vectors colonize tumors to capture administered targeting agents, bypassing systemic clearance and enhancing three-dimensional imaging contrast for surgical guidance. Synchronized with photodynamic interventions, this platform drives cancer ablation and immunogenic cell death, mobilizing cytotoxic T lymphocytes for complete, safe lesion regression. In this presentation, I will discuss the mechanisms, design principles, and in vivo breakthroughs of programmable light-responsive materials and engineered living therapeutics, outlining their distinct translational potentials in precision medicine."
1006,INS13-0908,,"Polymerization-induced microphase separation (PIMS) is a facile route to producing microphase-separated block polymer materials. During block copolymer synthesis, growing the second block under neat polymerization conditions drives spontaneous microphase separation, driven by the enthalpic penalty in the PIMS process. A homogeneous polymerization mixture is essential for PIMS to avoid macrophase separation and retain nanometer-scale morphology. However, such monomer-polymer compatibility contradicts the demands for access to periodically ordered structures at a downsized length scale, which requires increasing the segregation strength between the polymer blocks. In this talk, I will discuss how to design the polymerization mixture to increase the effective interaction parameter of the resulting block polymer materials. Based on the design principle, I will demonstrate that block polymer-templated microporous materials with ~1 nm pores and block polymer monoliths with ordered morphologies can be obtained."
1352,INS13-1237,"Jisoo Jung (Hannam University), Hyun-Ji Hwang (Hannam University), Do Hyun Lee (Hannam University)","Phenomena such as desertification and rapid expansion of dry areas due to global warming are further worsening the water shortage problem. As a result, regions with limited freshwater resources have relied on building desalination plants as a means of solving these problems. One of the freshwater production methods is the solar vapor generator system (SVG), which involves the processes of solar absorption, thermal conversion and local heating to induce seawater vaporization. A variety of photo-thermal materials can be used in this process including carbon nanomaterials known for their broad wavelength absorption properties. To enhance desalination efficiency, one has introduced thin hydrophobic photo-thermal membranes and porous micro-channel membranes for efficient water flux. In this works, we have successfully fabricated desalination membranes for solar-powered desalination using a PEC hydrogel materials through the combination of cationic and anionic polymers with PEDOT:PEC for photo-thermal layer. The abundant ions within the material stabilize salts like NaCl, allowing for continuous salt crystal detachment. This prevents issues related to salt accumulation and reduced evaporation rates typically encountered in existing systems. Moreover, our material demonstrates an effective strategy for transitioning water into a favorable state for evaporation. Additionally, by introducing salt treatment, we give porosity to the membrane, resulting in increased evaporation rates. As a result, we achieved a high evaporation rate (1.88 kg m -2 h -1 ) in regions approximating the actual average seawater concentration. The PEC hydrogel-based membrane proposed in this study represents a fundamental approach to improving water production capacity and water quality, providing guidelines for efficient and stable solar desalination device applications."
1144,KES13-1045,,"From 2006 to 2016 an International Research Training Group (IRTG) with the title “Self-Organized Materials for Optoelectronics ” was run between the University of Mainz (Germany) and Seoul National University and Hannam University (Daejon, Korea). It was finanzed jointly by the German Science Foundation (DFG) and the Korean Science Foundation (KOSEF). It organized a scientific exchange on three different levels of education. At first, it allowed German master students to stay half a year in Korea for their master thesis (DAAD). Secondly it organized (and paid) an exchange during the PhD thesis. In this way 39 Korean and 57 German PhD students spend at least 6 months during their PhD work at the partner institutions. As a specialty, it was possible to obtain a joint PhD document for this thesis. In this way 26 German students and 6 Korean students obtained joint PhD document. At least also some Korean and German Post (4) docs were included in this exchange. Noteworthy is here especially Dr. Patrick Theato (now professor at the KIT in Karlsruhe), who acted for 4 years as “part time faculty” at the SNU within the “WCU-program”. The scientific topic aimed mostly on the improvement of OLEDs, either by using liquid crystalline materials to improve charge transport [1-2] or by working with hybrids from inorganic semiconductors and semiconducting polymers [3-5] to improve charge injection into the fluorescent QDs [4-5] and a combination of both. See especially the complete volumes containing refs. [1] and [3] for an overview about the first and the second part of the project (IRTG).  In addition joint work included also the use of redox-active polymers like sulfur [6, 7] and attempts to prepare biomedical carriers for biomedicine [8]. References: [1] Liquid crystalline ordering and charge transport in semiconducting materials, W. Pisula, M. Zorn, J.Y. Chang, K. Müllen*, R. Zentel*, Macromol. Rapid Commun. 30 , 1179 -1202 (2009); for a review of the first half of the IRTG see the complete volume 30 [2]       Orientation and Dynamics of ZnO Nanorod Liquid Crystals in Electric Fields M. Zorn, M.N. Tahir, B. Bergmann, W. Tremel, C. Grigoriadis, G. Floudas, R. Zentel, Macromol. Rapid Commun. 31 , 1101 (2010) [3]       Morphology Control in Biphasic Hybrid Systems of Semiconducting Materials Florian Mathias, Ana Fokina, Katharina Landfester, Wolfgang Tremel, Friederike Schmid, Kookheon Char, Rudolf Zentel, Macromol. Rapid Commun. 36 , 959 (2015); for a review of the second half of the IRTG see the complete volume 36 [4]       The Role of Emission Layer Morphology on the Enhanced Performance of Light Emitting Diodes Based on Quantum Dot-Semiconducting Polymer Hybrids, Ana Fokina, Yeonkyung Lee, Jun Hyuk Chang, Myeongjin Park, Younghun Sung, Wan Ki Bae*, Kookheon Char, Changhee Lee*, Rudolf Zentel* Adv. Mat. Interfaces 3 (18), 1600279 (2016) [5]       Origin of enhanced efficiency and stability in diblock copolymer-grafted Cd-free quantum dot-based light-emitting diodes Yeseul Park, Benjamin Klöckner, Donghyo Hahm, Jaehoon Kim, Taesoo Lee, Jaeyoul Kim, Wan Ki Bae, Rudolf Zentel and Jeonghun Kwak J. Mater. Chem. C, 9 , 10398-10405 (2021) [6] Inverse vulcanization of elemental sulfur with 1,4-diphenylbutadiyne for cathode materials in Li–S batteries, Philip T. Dirlam, Adam G. Simmonds, Tristan S. Kleine, Ngoc A. Nguyen, Laura E. Anderson, Adam O. Klever, Alexander Florian, Philip J. Costanzo, Patrick Theato, Michael E. Mackay, Richard S. Glass, Kookheon Char and Jeffrey Pyun, RSC Adv., 5 , 24718 (2015) [7]       Copolymerization of Polythiophene and Sulfur to Improve the Electrochemical Performance in Lithium-Sulfur Batteries Bernd Oschmann, Jungjin Park, Chunjoong Kim, Kookheon Char, Yung-Eun Sung * , and Rudolf Zentel*, Chem. Mat., 27 , 7011 − 7017 (2015); DOI: 10.1021/acs.chemmater.5b02317 [8] Cooperative Catechol-Functionalized Polypept(o)ide Brushes and Ag Nanoparticles for Combination of Protein Resistance and Antimicrobial Activity on Metal Oxide Surfaces, Jin Yoo, Alexander Birke, Joonwon Kim, Yeongseon Jang, Seuk Young Song, Seungmi Ryu, Byung-Soo Kim, Byung-Gee Kim, Matthias Barz and Kookheon Char, Biomacromolecules 19 , 1602−1613 (2018)"
672,ORGS1-0586,"Jun Yong Park (Chung-Ang University), Sang Hyuk Wooh (Chung-Ang University), Chae Bin Kim (Pusan National University)","Microplastics have emerged as persistent aquatic contaminants due to their small size, diverse morphologies, and widespread distribution in natural water systems. Conventional size-exclusion membrane filters can effectively remove larger particles, but their performance is often limited for small, fibrous, or irregularly shaped microplastics and can be further compromised by membrane fouling. Adhesive filtration offers an attractive alternative by capturing particles through interfacial adhesion rather than pore-size exclusion. However, most adhesive coatings are processed using volatile organic solvents, raising concerns regarding solvent emissions, worker safety, and secondary environmental contamination. Here, we present an eco-friendly pressure-sensitive adhesive (PSA) coating based on a polarity-switchable maleic anhydride (MA) copolymer for microplastic filtration. Upon mild base treatment, the MA units undergo ring opening to form hydrophilic carboxylate groups, enabling water/ethanol-based spray coating. Subsequent thermal treatment restores hydrophobic anhydride structures, producing a water-stable adhesive layer suitable for aqueous environments. The coated filters exhibited enhanced capture of microplastics with diverse morphologies, including fragments, microspheres, and fibers, while enabling odorless and large-area coating processes. After filtration, the adhesive layer could be removed under mild basic conditions and reused for subsequent coating, enabling filter regeneration without discarding the substrate. This reversible coating/removal process supports a circular adhesive filtration strategy based on repeated coating, capture, removal, and recoating cycles. By integrating eco-friendly processing, water-stable adhesion, and coating recyclability, this PSA coating provides a simple and sustainable approach for microplastic removal from water."
663,ORGS1-0577,"Chang-Min Yoon (Department of Polymer Science and Engineering, Inha University, Incheon, Korea)","Herein, an organosilane-assisted surface treatment is investigated to enhance the interfacial reliability of flip-chip package assemblies. Interfacial voids and insufficient adhesion between solder joints and epoxy underfill remain major reliability concerns in flip-chip packaging owing to insufficient wettability during underfill dispensing. To overcome the issue, three organosilanes with different functional groups, such as 3-aminopropyltriethoxysilane (APTES), 3-glycidoxypropyltrimethoxysilane (GPTMS), and phenyltriethoxysilane (PTES), are applied to the solder bump surfaces prior to underfill dispensing. After underfill dispensing and curing, the effects of silane functionality on interfacial defect formation are evaluated by polishing-assisted cross-sectional observation using optical microscopy and field-emission scanning electron microscopy. The untreated and APTES-treated assemblies show noticeable void formation at the solder and underfill interface, indicating relatively non-uniform underfill coverage. In contrast, the GPTMS- and PTES-treated assemblies exhibit more continuous interfacial coverage with suppressed void formation. These results suggest that the glycidyl- and phenyl-functionalized silanes provide higher compatibility compared with amine-functionalized silane. Overall, this study demonstrates that a simple organosilane-assisted surface modification can effectively improve underfill adhesion and interfacial reliability in flip-chip package assemblies. - This work was supported by Basic Science Research Program through the National Research Foundation of Korea (NRF) funded by the Ministry of Education (RS-2022-NR070869)."
1326,ORGS1-1213,"Sachi Ibuki (Kyoto Prefectural University of Medicine), Tomohiro Umeno (Kyoto Prefectural University of Medicine), Makoto Oba (Kyoto Prefectural University of Medicine), Hiroyasu Takemoto (Kyoto Prefectural University of Medicine)","In general, betaine structures consist of one cationic and one anionic moiety, allowing electrically neutral over a wide pH range for excellent antifouling properties. In contrast, we have demonstrated that diamine-derived betaine structures can be designed to switch the antifouling property to be tissue-interactive within the intended pH range. For example, ethylenediamine is mono-protonated at pH 7.4, but the di-protonation proceeds at pH < 6.5, enabling neutral net charge at physiological pH but cationic net charge under weakly acidic conditions. In this regard, pH responsiveness of cationic moieties is influenced by the adjacent chemical structures, which has prompted us to investigate the design principles based on the rearrangement in the diamine-based structures for tuning the pH responsiveness. To this end, we synthesized two ethylenediamine-derived poly(carboxybetaine)s [PGlu(DET-Car)], in which the carboxy group was appended to different amino groups of the ethylenediamine structure via an ethylene spacer: PGlu(DET-Car)_1 containing two secondary amines and PGlu(DET-Car)_2 containing one primary and one tertiary amine. pH titration revealed comparable p K a values between the two poly(carboxybetaine)s, indicating their similar protonation behavior. Nevertheless, they exhibited different trend in interaction with anionic polymers; PGlu(DET-Car)_1 formed complexes with dextran sulfate at pH < 7, whereas complex formation occurred at pH < 6 for PGlu(DET-Car)_2 system. These results suggest that rearrangement in the betaine structures arising from the carboxyl group position is a key factor governing the pH-responsive behavior of diamine-derived betaine structures."
631,ORGS1-0545,"Keonwoo Lee (Pohang University of Science and Technology (POSTECH)), Gi-Ra Yi (Pohang University of Science and Technology (POSTECH))","Colloidal self-assembly presents a versatile bottom-up approach for the fabrication of complex three-dimensional architectures, including photonic crystals with tailored bandgap properties. Among various lattice geometries, the diamond structure holds significant promise for achieving wide photonic bandgaps even with moderate refractive index contrasts. However, its inherent mechanical stability of diamond structure poses a considerable challenge for direct colloidal self-assembly and subsequent stabilization. Herein, we report a strategy for the fabrication of a free-standing diamond lattice composed of submicron-sized TiO₂ colloids. This was achieved through the self-assembly of a laves phase, wherein the target diamond network was structurally supported by an interpenetrating pyrochlore framework. Subsequent removal of pyrochlore lattice by thermal treatment realizes the direct diamond lattice. Photonic bandgap calculation of such structure predict the presence of a significant photonic bandgap in the mid-infrared spectral region, highlighting the potential of this approach for the creation of advanced photonic materials. Finally, reflectance measurements of the anatase TiO₂ diamond structure revealed a spectral region similar with the predictions from our calculations."
432,ORGS1-0348,"Min Ryu (Samsung Electronics), Hyomin Lee (POSTECH)","Photochromic optical encryption enables visual authentication through light-induced color changes but existing systems often suffer from limited color diversity, transient storage, and restricted matrix level patterning. Here, we present photopatterned photochromic polymer matrices for multi-color and time-domain optical encryption. Spiropyran, spirooxazine, and naphthopyran derivatives are embedded in a 1,6-hexanediol diacrylate (HDDA)-based matrix to form patterns with distinct colors and fading kinetics. Spectral additivity enables subtractive color mixing, while dye dependent fading time allows subsequent decoding in 7-segment digit displays. Photoluminescence provides an orthogonal cue for dual-lock encryption. A slippery transparent cover layer suppresses water droplet-induced distortion, enabling QR code authentication within a time window. This platform offers a practical route to durable, multi-color, and time-gated optical security labels."
565,ORGS1-0481,"Seunghyeon Kim (Department of Energy Science & Engineering, Daegu Gyeongbuk Institute of Science & Technology (DGIST)), Katharina Landfester (Max Planck Institute for Polymer Research)","Redox enzymes offer high selectivity in chemical transformations, but their practical applications require continuous regeneration of expensive and unstable redox cofactors. Photocatalytic cofactor regeneration has shown promise as an efficient and sustainable strategy. However, most reported systems rely on ultraviolet or blue-light excitation, frequently leading to photodamage and enzyme deactivation. Here, we present a red-light-driven photobiocatalytic platform based on well-dispersible nanoparticles of indacenodithiophene–co–benzothiadiazole (IDTBT), a conjugated polymer known for its strong red-light absorption and favorable optoelectronic properties. By employing non-ionic surfactants, IDTBT nanoparticles remain colloidally stable in enzyme-compatible aqueous buffers, enabling their application in photobiocatalysis. Under red-light irradiation, these nanoparticles efficiently catalyze the oxidation of NADH and FADH 2 , while significantly improving enzyme activity compared to conventional blue-light systems. To further suppress enzyme deactivation caused by reactive oxygen species (ROS), we implement a dual protection strategy combining silica encapsulation and catalase, effectively protecting enzymes against short- and long-lived ROS over multiple catalytic cycles. These results highlight IDTBT-based red-light-driven photocatalysis as an efficient and enzyme-compatible strategy for sustained cofactor regeneration under mild aqueous conditions"
1032,ORGS1-0934,"Jungwook Kim (Seoul national university), Jeongin Eom (Seoul national university), Kwangho Song (Seoul national university)","Poly(ethylene glycol) (PEG) is widely used in biomedical engineering and soft materials. Its oxidative degradation has been studied extensively, and recent analytical advances, including MALDI-TOF mass spectrometry, have clarified PEG oxidation products and degradation pathways. However, thermally or chemically labile species may be lost or underestimated during sample preparation, ionization, or high-temperature analysis. In this study, we identified PEG-derived peracid species, which have not previously been reported as PEG oxidation products. We further used this oxidation chemistry as a design principle for PEG nano- and microgels capable of scavenging oxygen. In the first part of the presentation, I will discuss the formation mechanism of peracids during PEG oxidation under oxygen-containing conditions, focusing on how this pathway is coupled to oxygen concentration. In the second part, I will present PEG nano- and microgels in which peracid groups are introduced as dangling chains within a crosslinked polymer network. Under mild, near-physiological conditions, the peroxide bond undergoes homolytic cleavage and serves as a radical source. The resulting hydroxyl radicals preferentially react with PEG chains inside the gel through rapid hydrogen atom transfer, inducing a cascade of oxygen-consuming reactions. This approach harnesses radical reactivity for oxygen removal while confining the reaction mainly within the PEG gel network, potentially limiting oxidative effects on the surrounding environment. Unlike conventional oxygen-control hydrogels, which often rely on enzyme-based reactions, this work presents a fully synthetic oxygen-scavenging platform based on PEG oxidation chemistry. This strategy establishes PEG nano- and microgels as reactive polymer particles for local oxygen regulation."
404,ORGS1-0320,"Juhyun Park (Chung-Ang University), Dong June Ahn (Korea University), Junsang Doh (Seoul National University), Heesoo Youn (Seoul National University), Inwook Hwang (Gwangju Institute of Science and Technology), WooHyuk Jung (Myongji University)","Aqueous organic semiconductor nanoparticles (OSNPs) are widely investigated for energy and biomedical applications, such as photocatalytic hydrogen production, carbon dioxide conversion, and photothermal or photodynamic cancer therapies. A critical factor governing their performance is the charge separation efficiency. Although conventional strategies focus on varying donor-acceptor combinations or blending ratios, we report a distinct approach by controlling the molecular assembly structure of conjugated polymers, shifting from a parallel to an intersecting backbone stacking mode. Multiscale simulations demonstrated that this structural modulation regulates macroscopic phase separation and local molecular packing, yielding OSNPs with reduced average size and enhanced structural uniformity. Spectroscopic analysis revealed that the intersecting assembly successfully induces significant photoluminescence quenching, extended charge-separation lifetimes, and accelerated charge-transfer kinetics. Under near-infrared (NIR) irradiation, this optimized morphology enabled an efficient water-oxidation-based photodynamic therapy (PDT) mechanism using H2O as an electron donor, quantitatively enhancing the generation of specific reactive oxygen species (ROS), including singlet oxygen and hydroxyl radicals. In vitro and in vivo evaluations verified that the intersecting nanoparticles exhibit exceptional cancer cell cytotoxicity and tumor suppression. Furthermore, the induction of immunogenic cell death (ICD) via this enhanced PDT triggered a potent synergistic anti-tumor immune response when combined with immune checkpoint inhibitors, offering a powerful platform for advanced biomaterials and nanomedicine."
505,ORGS1-0421,"Satoru Yamamoto (Kyushu University), Tatsuki Abe (Kyushu University), Keiji Tanaka (Kyushu University)","The aggregation states of polymer chains at buried solid interfaces play crucial roles in the adhesion properties. Thus, it is necessary to gain a deeper understanding of the molecular structure at adhesion interfaces. For example, the surface chemistry of the adherent is one of the key factors to control the aggregation states at the adhesion interfaces, thereby affecting adhesion properties. In this study, the effect of adherent surface chemistry on the local conformation of cured epoxy resin (ER) and its relationship with adhesion properties was investigated by applying sum-frequency generation (SFG) vibrational spectroscopy and molecular dynamics (MD) simulations in conjunction with surface and interfacial cutting analysis system measurements. Quartz substrates with different surface chemistries were prepared by piranha treatment and subsequent thermal annealing. SFG spectroscopy revealed that thermal annealing reduced the surface density of silanol groups of quartz substrates, and water contact angle measurements further showed that this change altered the surface wettability. Bisphenol A diglycidyl ether and 4,4′-diaminodiphenylmethane were mixed at a stoichiometric ratio, and the mixture was cured on these substrates. SFG spectra in the OH stretching region for the ER/quartz interfaces indicated that more hydrogen-bonded OH groups were present at the ER/piranha-treated quartz interface. This result was also supported by MD simulations, which further revealed that hydrogen bonding between ER and the quartz surface was significantly enhanced at the piranha-treated quartz interface. Furthermore, the peeling strength was larger for the ER/piranha-treated quartz interface than for the ER/thermally-annealed quartz interface. These results indicate that the surface chemistry of the adherends, particularly the surface density of silanol groups, enhances interfacial hydrogen bonding between ER and the adherends, resulting in increased adhesion strength."
1519,ORGS1-1384,"Junyong Park (Chung-Ang University), Sanghyuk Wooh (Chung-Ang University)","Dynamic covalent bond-based polymers, such as covalent adaptable networks (CANs) have been proposed to overcome the limitations of permanently crosslinked networks through reversible bond exchange. In particular, dynamic imine bond network is commonly used due to catalyst-free bond formation and rapid bond exchange from Schiff-base reaction. However, imine bond is highly susceptible to hydrolysis upon water exposure, which leads to undesired bond cleavage and progressive reduction in crosslink density. To address this issue, we introduce a paraffin embedded dynamic imine bond-based PDMS (PW/DI-PDMS) by incorporating hydrophobic paraffin wax as a water shielding component. The paraffin spontaneously migrates to the surface and forms a hydrophobic crystalline layer that suppresses water penetration and protects the imine bond from hydrolytic degradation. After imine bond crosslinking, paraffin is retained in an amorphous state due to spatial confinement within the PDMS network, allowing internal wax to migrate toward the surface. Internal wax can also be secreted out and reform a passivation layer even after the outermost wax has been removed. This water-resistant, self-repairable PW/DI-PDMS continuously forms a protective layer and maintains network stability, highlighting its potential for applications that require prolonged exposure to water."
691,ORGS1-0605,Shin-Hyun Kim (KAIST),"Condensation typically gives rise to uncontrolled optical scattering and coloration; however, its transient liquid interfaces offer a potential platform for rewritable visual information when nucleation and growth are spatially regulated. Here, we demonstrate that lithographically engineered wettability patterns convert water condensation into a dynamic optical medium. Hydrophilic circular domains embedded within a hydrophobic matrix localize vapor condensation into synchronized arrays of liquid microinterfaces. As the droplets evolve, their curved air–water interfaces produce structural colors through multiple total internal reflections and optical interference. Contact-line pinning and depinning induce discrete optical transitions, whereas the size and spacing of condensation sites govern color hue, intensity, and temporal evolution. Leveraging these design principles, we realize multicolor patterns, temporally encoded hidden images, and breath-activated write–erase–rewrite cycles. These findings establish programmable condensation as a strategy for transforming a transient environmental phenomenon into a platform for dynamic optical information encoding."
1636,ORGS1-1499,"Shuo Chen (The University of Tokyo), Kang Xia (The University of Tokyo), Kazuya Yamaguchi (The University of Tokyo), E. W. Meijer (Eindhoven University of Technology), Takuzo Aida (The University of Tokyo)","Organic/inorganic hybrid materials offer a synergistic pathway to combine the processability of organic polymers with the electronic and catalytic functionalities of inorganic units. Among inorganic building blocks, polyoxometalates (POMs) are particularly attractive for their rich redox chemistry and photocatalytic potential. However, realizing their full potential is frequently hindered by miscibility issues and burial of active sites. Achieving a molecular-level dispersion of POMs while maintaining their accessibility remains a critical challenge in material science. To overcome these limitations, this study leverages the concept of supramolecular ionic polymerization recently pioneered by our laboratory, wherein multivalent guanidinium cations and oxyanions are salt-bridged to form crosslinked polymer networks. Here, POMs are introduced as oxyanionic monomers to undergo alternating copolymerization with cationic polyguanidinium monomers, forming functional organic/inorganic hybrid supramolecular polymers. While bulk dispersion addresses homogeneity, catalytic efficiency is often diffusion-limited in 3D networks. To maximize the exposure of the photoactive POM units, we further advanced this methodology by developing a two-dimensional (2D) confined supramolecular ionic polymerization strategy at the water/organic interface. By restricting the polymerization to a liquid-liquid interface, we successfully fabricated ultra-thin, free-standing hybrid nanofilms. This interfacial confinement not only directs the growth of the supramolecular network into high-aspect-ratio 2D structures but also ensures that the POM catalytic centers reside on the material surface, unencumbered by the steric bulk of a surrounding matrix resulting in efficient photocatalytic aerobic α-oxygenation of amides to imides."
710,ORGS1-0624,Eunji Lee (Gwangju Institute of Science and Technology),"Molecular doping tunes the electronic and morphological properties of conjugated polymers, yet how donor-acceptor interaction shapes the resulting nanostructure remains unclear. Here, a polythiophene-based conjugated polymer and a strong, high-electron-affinity fluorinated acceptor co-assemble in solution into one-dimensional co-crystalline nanowires. Cryo-TEM resolves the lamellar lattices within single nanowires and reveals an inter-lamellar spacing expanded relative to the undoped polymer, indicating intercalation of the acceptor between the alkyl side chains. A redshift of the C≡N stretch (FT-IR), polaron and anion absorptions (UV-vis), and unpaired-spin growth (EPR) establish integer charge transfer; a structurally analogous acceptor with a shallower LUMO reproduces none of these, showing that an electron-affinity threshold triggers assembly. The acceptor thus occupies the alkyl region between lamellae, providing both the driving force and template for one-dimensional growth"
335,ORGS1-0252,,"Poly(vinylidene fluoride) (PVdF) has been widely used as a binder in lithium-ion battery (LIB) due to its excellent chemical stability, electrochemical inertness, and strong adhesion to electrode components. As research attention shifts toward all-solid-state batteries (ASSBs), however, new slurry-processing challenges emerge. ASSB electrode fabrication requires PVdF-based binders that are dispersible in organic solvents such as butyl butyrate (BB), rather than the conventionally used N-methyl-2-pyrrolidone (NMP). A molecular-level understanding of binder–surface interactions in these solvent environments is therefore essential for the rational design of next-generation binder systems. In this study, molecular dynamics (MD) simulations are employed to investigate the adsorption behavior of two PVdF-based copolymers, PVdF-TFE and PVdF-HFP, dissolved in BB solvent, on both graphite anode and NMC cathode surfaces. For the anode, all-atom MD simulations based on the OPLS-AA force field are used to examine how binder type and chain length influence adsorption behavior; the results reveal distinct adsorption preferences governed by differences in entropic loss upon surface adsorption. For the cathode material NMC ( LiN i 0.8 M n 0.1 C o 0.1 O 2 ), a machine learning interatomic potential (MLIP) is integrated to overcome the limitations of classical MD in representing the complex oxide surface. An oligomer-based extrapolation strategy further enables the simulation of realistic polymer chain lengths, allowing the adsorption mechanism of PVdF-based binders at the NMC interface to be elucidated at the atomic level, providing fundamental insight into binder–cathode interactions."
1146,ORGS1-1047,"Todd Emrick (University of Massachusetts Amherst), Thomas P. Russell (University of Massachusetts Amherst)","Acid-responsive bottlebrush random copolymers (BRCPs) bearing solketal-substituted and unsubstituted polystyrene side chains were synthesized via graft-through ring-opening metathesis polymerization. At the water/oil interface, exposure to acidic aqueous conditions induced in situ hydrolysis of hydrophobic solketal groups into 1,2-diols, transforming the BRCPs into amphiphilic macromolecular surfactants. Time-resolved pendant-drop tensiometry revealed two relaxation regimes corresponding to interfacial adsorption and hydrolysis-driven reorganization. Hydrolysis followed first-order kinetics with apparent rate constants of approximately 0.06–0.14 h ⁻ ¹; longer backbones accelerated hydrolysis, while higher grafting densities slowed interfacial reorganization due to steric constraints. Upon acid exposure, the interfacial tension decreased from approximately 25 to 10 mN m ⁻ ¹, and spontaneous emulsification was observed in short-backbone, densely grafted BRCPs. These results demonstrate how bottlebrush architecture and grafting density govern dynamic interfacial responsiveness, providing design rules for stimuli-triggered emulsification and adaptive soft materials."
341,ORGS2-0258,Ki Su Kim (Hanyang University),"The field of photomedicine has rapidly advanced as a promising strategy for non-invasive cancer therapy by enabling spatiotemporally controlled therapeutic activation using light. Especially, near infrared (NIR)-responsive photomedicine has garnered considerable attention due to its deep tissue penetration and reduced scattering within tissues. However, limitations such as instability in physiological environments, potential toxicity, and insufficient tumor-targeted delivery still remain to be fully addressed. In order to overcome these challenges, this study aims to develop hyaluronic acid (HA)-engineered nanoplatforms for NIR-activated cancer therapy, thereby allowing improved biocompatibility and CD44-mediated tumor targeting potential. First, HA-Poly(lactide-co-glycolic acid) (HA-PLGA) nanoparticles (NPs) were designed, which co-encapsulated MXene and paclitaxel (PTX), enabling the dual delivery of heat and therapeutic agents to tumor sites. HA-PLGA conjugates were employed as the structural framework to enable enhanced drug loading and controlled release under NIR irradiation, thereby optimizing the overall performance. In vivo anti-tumor experiments confirmed the enhanced therapeutic efficacy of our NPs, with a tumor inhibition rate reaching ~95.7%, compared to chemotherapy or PTT alone. Second, upconversion nanoparticles (UCNPs)-encapsulated HA nanogels were developed as efficient carriers to enhance cellular internalization and minimize side effects for photodynamic therapy. The nanogels were synthesized by Cu-free click chemistry between HA-methyltetrazine (HA-Tz) and HA-trans-cyclooctene (HA-TCO), offering biocompatible polymeric network for improved tumor accumulation. In vivo evaluation demonstrated UCNP-encapsulated nanogels with NIR significantly suppressed tumor progression. Taken together, these studies highlight a versatile hyaluronic acid-encapsulation strategy for improving the stability, delivery, and antitumor efficacy of phototherapy."
957,ORGS2-0867,Kuen Yong Lee (Hanyang University),"Melanoma is an aggressive skin cancer in which immune checkpoint blockade has improved treatment outcomes, but many tumors show limited or transient responses. Aggressive or drug-resistant cancers often rely on lipid uptake and fatty acid handling for survival, invasion, and adaptation to therapeutic stress. Therefore, we proposed palmitic acid-integrated gas-generating polymeric nanoparticles (PA-gPN) to induce necrotic melanoma cell death and improve the response to anti-PD-L1 therapy. PA-gPN consisted of PLGA, integrated palmitic acid for fatty acid-associated uptake, and calcium carbonate as an acid-responsive CO₂-generating component. In B16-F10 melanoma cells, PA-integrated nanoparticles showed higher cellular uptake than non-modified nanoparticles, and this uptake was reduced by inhibition of FABP and CD36, suggesting the involvement of fatty acid-associated pathways. After intracellular delivery, PA-gPN generated CO2 under acidic endosomal/lysosomal conditions, leading to membrane disruption and necrotic cell death. The treatment also increased the release of DAMPs, including ATP, HSP70, and HMGB1, and promoted macrophage-mediated phagocytosis of dying melanoma cells. In B16-F10 melanoma-bearing mice, intratumoral injection of PA-gPN combined with systemic anti-PD-L1 antibody suppressed tumor growth more effectively than either treatment alone. The combination reduced tumor weight, prolonged survival, and increased TUNEL-positive tumor cell death and CD8+ T cell infiltration. In a secondary tumor challenge model, the same combination suppressed both primary and secondary tumor growth and enhanced immune activation in tumor-draining lymph nodes, spleen, and tumor tissues. These results suggest that PA-gPN can link fatty acid-associated delivery, gas-generating necrotic cell death, and antitumor immune activation. This polymeric nanoparticle platform may provide a useful strategy for enhancing immune checkpoint blockade in lipid metabolism-active melanoma."
616,ORGS2-0530,Minseok Kwak (Pukyong National University),"In our previous work, F127-based semi-interpenetrating network (sIPN) nanoparticles with tunable surface charge were developed by incorporating phosphate- and trimethylammonium-functionalized F127. Varying their ratio controlled the surface charge density, and positively charged nanoparticles showed significantly enhanced cellular uptake in HeLa cells, demonstrating the versatility of the sIPN platform. Building on this platformn, the sIPN was repurposed as a redox-active material for glucose sensing. Screen-printed carbon electrodes (SPEs) were electrochemically activated and modified with Fc sIPNs, after which a spin-coated polyacrylamide (PAAm) layer was introduced to improve nanoparticle retention and mediator stability, followed by glucose oxidase (GOx) immobilization. Cyclic voltammetry confirmed reversible ferrocene redox through each step, and chronoamperometry showed a concentration-dependent glucose response, demonstrating their use as both nanocarriers and electroactive mediator platforms for glucose biosensing. These findings demonstrate that F127-based sIPN nanoparticles can serve as both nanocarriers and electroactive materials, highlighting their potential as stable mediator platforms for glucose biosensing."
103,ORGS2-0027,"Markus Müllner (The University of Sydney), Byeong-Su Kim (Yonsei University), Byungwoo Yoo (Yonsei University), Jinsu Baek (Yonsei University), Haoxiang Zeng (The University of Sydney)","Precise control over two-dimensional (2D) polymer nanostructures remains a fundamental challenge, as polymer self-assembly overwhelmingly favors spherical morphologies. Here, we introduce a topology-driven design strategy that overcomes this limitation, enabling the predictable and modular formation of amorphous polymer nanodiscs. Our strategy decouples nanodisc diameter from bottlebrush chemistry. By systematically varying the length of hydrophobic poly(ethoxyethyl glycidyl ether) (PEE) side chains in the bottlebrush segment, we obtain precise control over nanodisc diameter while maintaining uniform thickness. This tunability allows investigation of size-dependent cellular interactions using MDA-MB-231 cancer cells. Importantly, these nanodiscs were further engineered as pH-responsive carriers capable of disassembling under acidic conditions, enabling triggered release of encapsulated cargo and providing a versatile platform for regulating biological functions."
1484,ORGS2-1352,"Seung Soo Oh (Pohang University of Science and Technology(POSTECH)), Hyesung Jo (Northwestern university)","Adeno-associated virus (AAV) has emerged as one of the most promising vectors for in vivo gene therapy because of its excellent safety profile, broad tissue tropism, and long-term transgene expression. Consequently, AAV-based therapeutics have achieved remarkable clinical success across a wide range of genetic diseases. Despite these advances, the limited packaging capacity of AAV remains a major obstacle to the delivery of large or functionally complex genetic payloads, often requiring multiple vectors to achieve therapeutic outcomes. Here, we present a programmable strategy for assembling different AAV vectors using our previously developed ultra-site-specific bioconjugation chemistry. This modular approach enables the controlled association of AAV particles carrying different genetic cargos, providing a potential route toward coordinated multivector gene delivery and expanded cargo capacity."
1668,ORGS2-1531,Won Jong Kim (POSTECH),"Inflammatory bowel disease (IBD) is driven by intertwined epithelial barrier dysfunction, excessive mucosal inflammation, and gut microbial dysbiosis. Butyrate is a microbiota-derived metabolite that supports intestinal homeostasis, but direct administration of free butyrate is limited by poor acceptability, rapid intestinal absorption, and insufficient local availability. At the same time, excessive nitric oxide (NO) production in the inflamed intestine aggravates nitrosative stress and inflammatory tissue damage. Here, we report NSc@NP, an oral bioactive polymeric nanoparticle designed to co-regulate two pathological features of the inflamed intestinal microenvironment: reduced microbial metabolite availability and excessive NO accumulation. NSc@NPs were formed by self-assembly of esterase-cleavable butyrate-containing amphiphilic polymers and encapsulation of an o-phenylenediamine-derived NO scavenger. The nanoparticles showed gastrointestinal stability, retained NO-scavenging activity, and released butyrate in response to esterase-containing simulated intestinal fluid. In vitro, NSc@NPs suppressed NO-associated inflammatory responses in activated macrophages and protected epithelial barrier integrity in a macrophage/Caco-2 co-culture model. In DSS-induced colitis mice, oral NSc@NP treatment alleviated disease symptoms, reduced colonic inflammatory stress, restored intestinal barrier function, and shifted gut microbial composition toward a more homeostasis-associated profile. These findings suggest a bioactive materials strategy for treating intestinal inflammation by integrating microbial metabolite restoration with nitrosative stress regulation."
88,ORGS2-0012,"Martina H. Stenzel (University of New South Wales), Giulia Silvani (University of New South Wales), Kristopher Alan Kilian (University of New South Wales)","Brain cancer is one of the deadliest diseases in the world due to the blood-brain barrier which blocks the drugs from reaching the target tissue. With the discovery of the glucose transporter 1 (GLUT-1) receptors and its high expression level in blood brain barrier (BBB). Targeting GLUT-1 holds great promise in drug delivery for brain cancer treatment. However, synthesizing different types of suitable GLUT-1 targeting nanoparticles with the ideal size for drug delivery remains to be a challenge. What’s more, A 3D-Bioprinted Vascularized Glioblastoma-on-a-Chip is designed as a vitro BBB model for investigating the biodistribution of several nanoparticle system. Therefore, there are two designed different nanoparticle systems for drug delivery: Glyconanoparticle and Polymeric Lipid Nanoparticle. Glyconanoparticle consists of cationic glycopolymer and negatively charged drug (DNA/SiRNA) self-assembling via microfluidic chips. Polymeric Lipid Nanoparticle consists of a lipid core (negatively charged polymer DNA and cationic phospholipid DODMA) and a polymeric shell (amphiphilic polymer) self-assembling via micromixer (Figure 1B). In the present work, Temozolomide (TMZ), which is a chemotherapy drug for brain tumours, is encapsulated by amphiphilic polymer via micromixer. The cytotoxicity of the nanoparticles is tested using Human Umbilical Vein Endothelial Cells (HUVECs), which is used to coat the vessel channel in the BBB model. Finally, the biodistribution of the TMZ nanoparticle is investigated in this in vitro BBB model."
1094,ORGS2-0996,"Jun Seok Park (Kyungpook National University Chilgok Hospital), Ji Hyun Ryu (Wonkwang University)","Gastrointestinal leakage is difficult to control because intestinal tissue is wet, deformable, and exposed to intraluminal pressure. An effective sealant must reinforce early wound apposition while minimizing pathological adhesion to surrounding organs. Here, we present a mechanically programmed Janus hydrogel patch that functions as a one-shot, hydration-triggered actuator for sutureless gastrointestinal sealing. The patch consists of a tissue-facing gallic acid-conjugated chitosan (CG) layer and a peritoneal-facing crosslinked hyaluronic acid (cHA) backing. CG provides gallol-mediated wet adhesion, while cHA provides a hydrated anti-adhesive and swelling-responsive network. The CG/cHA bilayer was fabricated by sequential freezing and lyophilization, followed by secondary network compaction. This step densifies the CG adhesive interface and stores recoverable elastic energy in the cHA backing. Upon exposure to physiological fluid, the compressed cHA layer rapidly undergoes hydration-triggered self-deployment. Under confinement, this expansion is converted into active tamponade pressure, generating approximately 4–26 mmHg. This transient pressure reinforces the critical early sealing stage by pressing the adhesive interface against the defect, while the hydrated cHA surface subsequently serves as an anti-adhesive barrier. UV–Vis spectroscopy, 1H NMR, rheology, and FE-SEM confirmed gallol conjugation, cHA network formation, and compaction-induced densification. Ex vivo intestinal models showed compaction- and confinement-enhanced burst resistance. In a high-mortality sutureless cecal puncture model, optimized CG-HA achieved complete survival, reduced pathological adhesion, and supported organized mucosal restoration. These findings suggest that hydration-triggered mechanical programming can create active biointerface hydrogel patches for sutureless gastrointestinal repair."
1348,ORGS2-1234,"Kunho Moon (Yonsei University), Seyun Ahn (Seoul National University), Hyun Jae Kim (Yonsei University), Justin J. Chung (Seoul National University Hospital)","Chronic anemia is a common condition that can arise from various causes, including iron deficiency and chronic disease. In clinical practice, iron-rich diets or supplements are typically recommended; however, severe cases often require regular blood transfusions. Paradoxically, patients receiving repeated transfusions frequently develop iron overload. Consequently, these patients fall into a vicious cycle, requiring frequent hospital visits for invasive blood tests and iron chelation therapy while managing excessive iron accumulation alongside their anemia treatment. To address this issue, we highlight the need for a painless, remote monitoring medical device to effectively manage iron overload in chronic anemia patients. In this study, we developed the HELPER (Hydrogel Electrolyte Linked Portable Electronic Responder) system. It integrates three kicks: (1) an iron-selective polymer synthesized by conjugating deferoxamine with gelatin methacrylate, (2) a novel polymer-based painless hydrogel microneedle, and (3) the hydrogel microneedle acting as an electrolyte coupled with a portable electronic device. The HELPER system enables painless and extraction of free iron from interstitial fluid, demonstrating high selectivity and sensitivity. Furthermore, the hydrogel electrolyte did not induce cytotoxicity or acute inflammation in skin cells. Additionally, iron overload levels monitored by the portable electronics are remotely transmitted via a mobile application, enabling patients and clinicians to share real-time health status and coordinate treatment plans without hospital visits. The HELPER system is expected to serve as a next-generation intelligent medical device that significantly improves the quality of life for patients suffering from chronic anemia in fast-paced society. Moreover, it holds potential for expansion as a versatile ion-sensing system for real-time monitoring of other bioactive metal ions and management of electrolyte imbalance-related diseases."
795,ORGS2-0707,Kwangsoo Shin (Inha Univ.),"The rapid growth of cell therapy and tissue engineering has increased the demand for efficient and safer cell preservation technologies. However, dimethyl sulfoxide (DMSO)-based cryoprotective agents (CPAs) still raise concerns regarding cytotoxicity and clinical side effects. Hyperbranched polyglycerol (HPG), a hydrophilic polymer with abundant hydroxyl groups and a tunable molecular structure, is a promising candidate for polymer-based cryopreservation. In this study, HPG was developed as a solution-type polymer-based CPA by controlling molecular size and terminal functionality. HPGs with different sizes and surface structures were synthesized and characterized using HNMR, GPC, FT-IR, and DLS. Their cryoprotective effects were evaluated through cell freeze–thaw experiments by measuring post-thaw viability and recovery efficiency. Based on the optimized HPG solution CPA, HPG-based cryoprotective components were further incorporated into a photocurable gel system under mild conditions, expanding the solution CPA into a 3D cell-protective platform. The results suggested that HPG size and terminal functionality affected cryoprotective performance. Optimized HPG solution CPAs improved post-thaw viability and recovery while maintaining lower cytotoxicity than DMSO-based conditions. The photocurable cryoprotective gel retained the cryoprotective properties of the optimized HPG-based CPA and provided a stable 3D microenvironment, contributing to the maintenance of cell stability. This study presents a stepwise strategy from solution-type HPG CPAs to photocurable cryoprotective gels. By translating the optimized cryoprotective properties of HPG into a gel-based platform, this approach offers a promising route toward safer and more efficient cell preservation systems."
562,ORGS2-0478,,"BioBitmaps (Digital Biological Bitmaps) is a manufacturing platform that transcodes digital image information across scales into spatial distributions of biological function. Using a passivated, antifouling interface with ultra-low background noise as a ""physical canvas"", the platform employs controlled light patterns (e.g., via Digital Micromirror Devices or scanning laser beams) as ""digital brushes"" to trigger photo-initiated coupling reactions in situ and covalently anchor biomolecules (e.g., proteins, peptides) onto the surface. By linearly mapping pixel grayscale to biomolecular surface density, BioBitmaps enables high-fidelity fabrication of patterned biointerfaces with robust stability and continuous biofunctional gradients at resolutions ranging from micrometers to submicrometers. The BioBitmaps technology relies on three essential components: photo-initiated coupling, digitally controlled light patterns, and biofunctionalizable yet strongly antifouling substrate coatings as the background to pattern. While extensive toolboxes exist for the first two components, coatings that combine robust biofunctionalization with outstanding antifouling performance remain a major challenge. Here, we address this challenge by employing CHic (C,H-insertion crosslinking) chemistry to fabricate multifunctional copolymer coatings from three complementary monomer classes: photoactive monomers (e.g., benzophenone-containing monomers) for UV-induced crosslinking and covalent immobilization, hydrophilic/antifouling monomers for ultra-low nonspecific adsorption, and functional monomers bearing addressable groups for post-functionalization. By tuning composition and interfacial properties, the coatings provide a versatile, stable, and antifouling BioBitmap surface for high-fidelity biomolecular photopatterning. This polymer-based strategy extends BioBitmaps toward programmable biointerfaces for applications in biomaterials, biosensing, microfluidics, and organ-on-a-chip systems."
572,ORGS2-0486,"Jeonguk Hwang (KIST), Sung Gap Im (KAIST), Hyejeong Seong (KIST)","Implantable bioelectronic devices require stable contact with biological tissues for reliable long-term operation. However, conventional tissue adhesives are typically based on bulk materials, limiting their integration with miniaturized devices. Ultrathin adhesive interfaces are therefore highly desirable, as reduced thickness minimizes the interfacial volume and better preserves device flexibility. Herein, adhesive copolymer thin films composed of acrylic acid (AA) and pentafluorophenyl methacrylate (PFMA) were synthesized via initiated chemical vapor deposition (iCVD). The solvent-free vapor-phase process enabled conformal nanoscale coatings. AA provides hydrogen-bonding interactions, while PFMA offers reactive pentafluorophenyl ester groups capable of covalent bonding with tissue amines. FTIR analysis confirmed successful copolymerization while preserving the functional groups of both monomers, and XPS analysis verified covalent bond formation between the PFMA ester groups and amine-containing substrates. Adhesion tests on model substrates and biological tissues showed that interfacial adhesion could be systematically tuned by copolymer composition, with PFMA content governing covalent contributions to tissue adhesion."
629,ORGS2-0543,"Sungyun Hong (Cosmax R&I Center), Jihui Jang (Cosmax R&I Center), Jun Bae Lee (Cosmax R&I Center), Hyomin Lee (Pohang University of Science and Technology (POSTECH))","Organic UV filters are widely used in sunscreen formulations due to their strong UV absorption and formulation versatility. However, simply increasing UV filter loading often leads to limited formulation stability, sensory properties, regulatory constraints, and raise of concerns related to skin permeation. In this work , we report an oil-phase microenvironment engineering strategy using poly(C10-30 alkyl acrylate) (PCAA) and glyceryl monooleate (GMO) in sunscreen emulsions. PCAA, a hydrophobic polymer, enhanced sunscreen performance by structuring the oil phase and improving the dispersion state of organic UV filters, thereby suppressing microaggregation that can impair effective UV absorption. The addition of GMO further amplified this effect only in the presence of PCAA, increasing the in vitro sun protection factor from 30.0 to 53.7 without increasing the total amount of UV filters. This PCAA-dependent enhancement suggests a synergistic interaction between GMO-associated local microstructures and the polymer-structured oil-phase environment, rather than a simple amphiphile effect. Structurally related amphiphilic additives showed only limited enhancement. The GMO-containing formulation also reduced UV filter permeation into human skin, as evidenced by Raman depth profiling and fluorescence imaging. The combined performance enhancement and permeation reduction suggest that GMO-associated amphiphilic domains are stabilized within the PCAA-structured oil phase, reducing UV filter mobility and aggregation while promoting topical retention. This work highlights oil-phase microenvironment engineering as a practical formulation principle for controlling the optical performance and skin transport of hydrophobic active molecules in emulsion systems."
1654,ORGS2-1517,Kangwon Lee (Seoul National University),"Nuclear factor erythroid-2-related factor 2 (NRF2) is a master regulator of cellular redox homeostasis, orchestrating the expression of antioxidant enzymes and cytoprotective genes. While aberrant activation of NRF2 contributes to chemoresistance and tumor progression in various cancers, direct targeting of NRF2 has remained challenging due to its lack of enzymatic activity and ligand-binding domains. Here, we report a novel oligonucleotide-based proteolysis targeting chimera (Oligo-PROTAC) strategy for selective NRF2 degradation. These chimeras employ double-stranded oligonucleotides as recognition elements to recruit NRF2 and facilitate its ubiquitin-proteasome-mediated degradation. We designed a series of NRF2-targeting Oligo-PROTACs with distinct oligonucleotide sequences and linker architectures. Treatment with these constructs resulted in efficient NRF2 depletion, decreased transcriptional activity of downstream targets, elevated intracellular reactive oxygen species (ROS), and impaired proliferation of NRF2-active cancer cells. Co-treatment of NRF2-targeting Oligo-PROTACs with doxorubicin or erastin significantly enhanced the sensitivity of cancer cells to these agents, reducing their IC₅₀ values by approximately 50%. This sensitization effect was particularly pronounced in cancer cell lines previously characterized by resistance to these therapies. Furthermore, in vivo treatment with the NRF2-targeting Oligo-PROTAC induced significant tumor cell death, demonstrating the therapeutic potential of targeted NRF2 degradation in vivo. These findings highlight the promise of oligonucleotide-based targeted protein degradation as an innovative therapeutic strategy for traditionally undruggable targets such as NRF2."
1470,ORGS2-1338,"Federico Guerrero-Ruiz (Department of Fibre and Polymer Technology & Wallenberg Initiative Materials Science for Sustainability, KTH Royal Institute of Technology, Stockholm 100 44, Sweden), Minna Hakkarainen (Department of Fibre and Polymer Technology & Wallenberg Initiative Materials Science for Sustainability, KTH Royal Institute of Technology, Stockholm 100 44, Sweden), Suwabun Chirachanchai (Center of Excellence in Bioresources to Advanced Materials (B2A-CE), The Petroleum and Petrochemical College, Chulalongkorn University, Bangkok 10330, Thailand)","Bio-renewable resources are recognized as green, sustainable, and eco-friendly materials. Chitin-chitosan (CT-CS), a copolymer consisting of N -acetyl-D-glucosamine (GlcNAc) and D-glucosamine (GlcN) units, is the second most abundant natural polysaccharide after cellulose. However, its extensive inter- and intramolecular hydrogen-bonding network prevents melting before thermal degradation and limits its solubility, thereby hindering the fabrication of practical materials. The present work focuses on chitin nanowhiskers with partially deacetylated surfaces, namely chitin nanowhiskers surface-modified with chitosan (CTWK-CS), as a platform for preparing vitrimeric materials via thermal processing through dynamic boronic ester crosslinking. Functionalization of the amino groups on CTWK-CS with glycidyl methacrylate (GMA) via an amine-epoxide ring-opening reaction produces CTWK-CS-GMA containing pendant vinyl groups. The subsequent reaction of CTWK-CS-GMA with 2,2′-(1,4-phenylene)-bis[4-mercaptan-1,3,2-dioxaborolane] (BDB) forms a crosslinked material (CGB) through thiol-methacrylate linkages. Because BDB contains diborolane moieties capable of dynamic boronic ester exchange, thermal treatment imparts vitrimeric behavior to CGB through covalent adaptable networks (CANs), as evidenced by its thermal reprocessability through compression molding at 160 °C for 1 h. The reprocessed CGB maintains excellent recovery of its mechanical properties after multiple reprocessing cycles. This study demonstrates that introducing a dynamic boronic ester crosslinked network into CTWK-CS enables thermal processing and recyclability, thereby expanding the potential of CT-CS for practical material applications. The presentation discusses the synthetic transformation of CTWK-CS into CGB together with its dynamic crosslinking characteristics, thermal reprocessability, and material properties as a bio-based vitrimer."
396,ORGS3-0312,"Taeheon Kim (Pusan National University), Hyunseok Shim (Pusan National University), Chae Bin Kim (Pusan National University)","As electronic devices become increasingly complex and miniaturized, rapid and efficient heat dissipation is essential to prevent thermal degradation and performance loss. Thermal interface materials (TIMs) commonly incorporate thermally conductive ceramic or metallic fillers into polymer matrices, while maintaining sufficient flowability to fill interfacial gaps and minimize thermal contact resistance. Here, we report a reprocessable anisotropic thermal composite consisting of aligned hexagonal boron nitride (hBN) fillers embedded in a dynamically crosslinked poly(dimethylsiloxane) network. A simple pressing process induces highly oriented hBN pathways, resulting in exceptionally high anisotropic thermal conductivity along the desired heat-transfer direction. The borosiloxane covalent adaptable network (CAN) provides self-healing capability, enabling damaged thermal pathways to reconnect after mechanical failure. In addition, the CAN imparts flowability and shape reconfigurability, allowing the composite to conform to interfacial gaps and be reshaped into curved or complex geometries while maintaining continuous hBN networks for directed heat transport. Furthermore, the hydrolyzable borosiloxane network enables chemical disassembly of the composite, allowing high-yield recovery of polymeric components and hBN fillers. The recovered materials can be reused to reconstruct the composite, demonstrating closed-loop recyclability. This work presents a strategy for reconfigurable, repairable, and recyclable anisotropic thermal circuits, providing a versatile platform for advanced thermal management, thermal sensing, and heat-dissipation applications in next-generation soft electronics."
1238,ORGS3-1127,"Taesuk Jun (Yonsei University), Hyunjun Park (Yonsei University), Woo-Dong Jang (Yonsei University), Du Yeol Ryu (Yonsei University)","Soft molecular spheres can form complex Frank-Kasper (FK) mesocrystals by adjusting their size, shape, and coordination environments. Dendron assemblies offer a useful platform for examining this behavior because both the core-apex interaction and peripheral shell structure can be systematically tuned. In C12 alkyl dendrons, variation of apex functionality modulated hydrogen bonding and polar interactions, changing particle softness and enabling diverse FK phases including A15, DDQC, σ and C14 phases. In G2-C 8 CF 4 -X dendrons, the same design principle was extended to a semifluorinated peripheral shell that imposes a deformation-limited packing constraint. Under the identical C 8 CF 4 shell, stronger apex interactions were associated with tetragonal σ phases, whereas weakened apex interaction was associated with cubic A15 formation. Voronoi-cell analysis revealed that the σ and A15 phases accommodate the same shell constraint through distinct relaxation pathways. The σ phases exhibited larger particle-volume dispersity and multiple coordination environments, while the A15 phase maintained lower volume dispersity but allowed greater particle-shape deformation. These results showed that FK phase selection in dendron assemblies was closely related to the coupled balance between apex-dependent core softness and peripheral shell deformability."
413,ORGS3-0329,"Woongbi Cho (Standford University), Jisoo Jeon (University of Tennessee), Hak-Rin Kim (Kyungpook National University), Teng Zhang (Syracuse University), Jeong Jae Wie (Hanyang University)","Living species use jumping to traverse complex terrains, inspiring soft robotic systems with embedded physical intelligence to mimic such motions. Among these, liquid crystalline polymers offer light-responsive, programmable deformation ideal for small-scale robotics. However, efficient energy release in snap-through motions is hindered by a trade-off between stiffness and initial curvature. Here, we present a light-triggered azobenzene-functionalized liquid-crystalline polymer (Azo-LCP) jumper that addresses this limitation through spatially patterned stiffness variation. By locally controlling photopolymerization time, cross-linking density was patterned within a monolithic film to create both soft regions with high photomechanical strain responsivity and rigid regions with enhanced stress accumulation. Under uniform UV irradiation, the programmed stiffness mismatch controlled snap-through energy release and jumping mode. Asymmetric stiffness patterns broke structural symmetry and generated biased snap-through, enabling directional jumping through tilted energy release. A corner-rigid pattern achieved a horizontal jump distance of 25 mm and a vertical height of 28.7 mm. In contrast, a symmetric center-rigid pattern preserved high curvature while concentrating stress at soft-rigid interfaces, producing a maximum vertical jump height of 49 mm, equivalent to 24.5 body lengths. Simulations supported these stress accumulation and deformation mechanisms. Furthermore, combining a soft-rigid alternating pattern with geometric asymmetry enabled dual-mode actuation in a single Azo-LCP: blocking force-assisted vertical jumping and biased directional jumping. The dual-mode jumper reached 48.8 mm in height and 27.3 mm in distance and demonstrated sequential jumps under continuous UV exposure. This work establishes spatial stiffness programming as a material-level strategy for improving snap-through efficiency, symmetry breaking, and multimodal locomotion in light-driven soft actuators."
1667,ORGS3-1530,"Joshua M. Grolman (Department of Materials Science and Engineering, Technion – Israel Institute of Technology)","Mechanophores are molecular-level strain sensors that have a proven record of detecting damage in materials; however, their sensitivity in bulk materials is often lacking, hindering widespread commercial use. This can be explained as a function of polymer chain mobility, as the mechanophores align with the strain field, leading to activation; however, little is known about the role that plasticizer additives may play. In this study, we use spiropyran (SP) as a model system to detect strain at 0.38% within an epoxy coating network on aluminum. To improve the ductility and strain sensitivity, we investigated the effect of different plasticizer mechanisms on both SP activation and intrinsic mechanical properties . Results show the mechanism of plasticization either through free volume expansion or swelling offers distinct control over SP sensitivity and increases t oughness under uniaxial tension and bending. Crucially, this reveals mechanophore activation does not depend merely on macroscopic softening of the matrix, rather, it is driven by how specific plasticizers facilitate local chain alignment and effectively funnel mechanical stress directly to mechanophores. Our work highlights how plasticizer selection can be used to balance mechanical performance and damage-sensing capability in SP-functionalized epoxy systems, making them far more suitable for a wider variety of commercial applications."
1053,ORGS3-0955,Juhyuk Park (Seoul National University),"Polymer-based functionally graded materials (FGMs) are attractive for soft-rigid interfaces, where filler-rich regions provide local stiffness while matrix-rich regions accommodate deformation, redistribute stress, and dissipate energy. Yet, conventional FGM fabrication is often energy- or equipment-intensive and designed for inorganic systems, limiting compatibility with soft polymers. Here, we report a scalable, low-energy strategy for producing compositional gradients in carbon fibre/PDMS composites. Surface-functionalised, field-responsive carbon fibre reinforcement fillers were incorporated into an uncured PDMS matrix and spatially redistributed to form a monolithic gradient during curing without sequential layering, high-temperature treatment, or complex manufacturing equipment. Successful filler modification and gradient formation were evaluated using morphological, elemental, and spectroscopic analyses, while rheological measurements were used to assess curing behaviour and optimise the processing window for filler redistribution. Mechanical performance was examined to compare uniform and graded composites and evaluate the effect of spatial reinforcement control. Overall, this approach provides a simple platform for tailoring local reinforcement distribution in elastomeric composites, offering potential for adaptive structures, impact-absorbing components, and compliant joints in advanced engineering systems."
652,ORGS3-0566,"Kyoung Taek Kim (Seoul National University), Jeong Yun Choi (Seoul National University)","The precise control over monomer sequences and chemical functionalities is a central goal in synthetic polymer chemistry. To address this, we developed the Passerini Iterative Exponential Growth (P-IEG) approach, which combines the combinatorial versatility of the Passerini three-component reaction with exponential chain amplification. In contrast to traditional incremental growth methods, the introduction of the Passerini reaction enables the simultaneous coupling of polymer chain growth and the immediate insertion of diverse side-chain functional groups in a single synthetic step. Taking advantage of this multicomponent reaction character, the size of the monomer alphabet can be systematically tailored by altering the starting materials, which inherently facilitates highly efficient molecular data storage with an expanded coding capacity. We have successfully utilized this system to construct various uniform macromolecular architectures. In our initial work, we demonstrated the high efficiency and precision of the P-IEG method by synthesizing uniform 128-mer poly(hydroxybutyrate)s and a 31-mer sequence-defined polymer (SDP) that encodes an octal sequence utilizing eight chemically distinct repeating units. Building upon this milestone, we recently expanded the capability of P-IEG to complex topologies, achieving the synthesis of uniform bottlebrush polymers (BBPs) and self-assembling bottlebrush block copolymers (BBCPs) composed of up to 64 backbone repeating units and 63 side chains (molecular weight up to 63.6 kDa). To showcase the structural versatility of P-IEG, an all-sequence-defined bottlebrush polymer (ASD-BBP) featuring 47 sequence-defined oligomers was successfully engineered. Currently, we are expanding this system to maximize the storage capacity of dense graphical data within a single, monodisperse macromolecular chain. This presentation will cover the comprehensive synthetic development of P-IEG in our laboratory, highlighting its utility as a versatile methodology for both complex macromolecular engineering and precision information storage."
352,ORGS3-0269,,"Lipid nanoparticles (LNPs) represent one of the most widely utilized platforms for nucleic acid delivery, with applications including mRNA vaccines, genetic medicines, and small-molecule therapeutics. LNP synthesis involves mixing aqueous nucleic acids and organic lipids to trigger spontaneous self-assembly, where rapid mixing kinetics are essential for uniform size and dispersity. While microfluidic mixing offers superior particle control, it faces operational hurdles like channel fouling and costly single-use chips. Bulk mixing with membrane extrusion has emerged as an alternative to avoid complex equipment, but it remains a discontinuous process requiring repeated steps. Consequently, maintaining consistent LNP quality while ensuring scalability and cost-effectiveness without compromising process stability remains a major hurdle in current manufacturing. Herein, we present a hybrid continuous synthesis platform that integrates a reusable, 3D-printed milli-fluidic mixing chamber with inline membrane extrusion, enabling a continuous extrusion process. By expanding channel dimensions to the milli-scale and engineering a robust 3D internal mixing architecture, this system achieves high mixing efficiency at elevated flow rates while mitigating clogging and surface fouling. Lipid and nucleic acid solutions are mixed within the chamber to generate a pre-mix suspension, which is immediately routed through an inline extrusion filter in a single pass, completely eliminating the need for repeated extrusion cycles. The durable and easy-to-clean 3D-printed mixer allows for repeated use without performance loss, enhancing reproducibility while reducing reliance on costly disposable systems. Using this integrated platform, we demonstrate continuous and contamination-resistant production of uniform, near-100 nm LNPs at flow rates up to 20 mL/min, offering a highly reproducible, cost-effective, and scalable route toward large-scale manufacturing."
1444,ORGS3-1312,"Naoko Yoshie (The University of Tokyo), Nakagawa Shintaro (Hokkaido University)","Elastomer mechanical performance is commonly framed as a trade-off between stiffness and stretchability. This study establishes molecular friction as a unified predictive parameter for elastomer mechanics. Model network elastomers with minimal structural heterogeneity were prepared by end-linking monodisperse three-arm random copolymers of n -butyl acrylate (nBA) and tert -butyl acrylate (tBA). Molecular friction was systematically tuned through copolymer composition, with the glass transition temperature ( T g ) taken as its indicator. Rheological measurements showed that increasing the weight fraction of tBA units ( f tBA ) is physically equivalent to decreasing testing temperature, enabling a time-temperature-composition superposition (TTCS) master curve. The corresponding shift factor, a Tf , defines a reduced strain rate, ε̇ · a Tf , that unifies the composition, temperature, and strain rate dependence of uniaxial tensile test data. Using this reduced strain rate, Young's modulus measured across compositions, temperatures, and strain rates collapsed onto a single master curve. Large-deformation stress data were also largely organized by the same parameter, though deviations increased at higher strain. A Mooney-Rivlin-type linearization, applied as an empirical curve-shape analysis, showed that the fitting parameters scale clearly with reduced strain rate within the range studied. These results show that molecular friction can be converted from a qualitative concept into a quantitative predictive framework. The reduced strain rate organizes not only the small-strain modulus but also the large-deformation curve shape, while defining the limits of friction-based predictability."
1181,ORGS3-1070,"Chien Chen (National Tsing Hua University), Jui Chang Chuang (National Tsing Hua University), Yi Ting Xie (National Tsing Hua University), Bo Ming Yang (Formosa Plastics Corporation), Wen Hung Tseng (Formosa Plastics Corporation), Yun Tsing Ou (Formosa Plastics Corporation), Wen Bee Kuo (Formosa Plastics Corporation), Chang Chun Lee (National Tsing Hua University), Rong Ming Ho (National Tsing Hua University)","Traditional inorganic materials usually possess high stiffness but suffer from low impact property, whereas polymeric materials exhibit excellent ductility but relatively low stiffness. This study aims to suggest a bottom-up approach that integrates the merits of inorganic (SiO 2 ) and organic (PMMA) components to fabricate nanohybrids with a bicontinuous nanonetwork structure via templated syntheses using self-assembled polystyrene- b -polydimethylsiloxane (PS- b -PDMS) as a template. The resultant nanonetwork SiO 2 exhibits excellent energy absorption due to its deliberate structuring as mechanical metamaterials. Subsequently, PMMA/SiO 2 can be fabricated through templated polymerization using the fabricated SiO 2 as a template, enabling a balance between stiffness and toughness through hybridization effect. The mechanical performance of the nanohybrids can be further enhanced by strengthened interfacial interaction between PMMA and SiO 2 via grafting. The superior mechanical properties arise from the combined effects of topology, nanosize, hybridization, and interfacial reinforcement. This study provides design insights for nanohybrids materials with inorganic networks embedded in polymer matrix to optimize the mechanical performace from the balance of stiffness and toughness."
115,ORGS3-0039,,"Chirality transfer across multiple length scales (that is referred to as homochiral evolution) is an intriguing phenomenon widely observed in self-assembled systems including peptides, lipids, surfactants, liquid crystals, polymers and block copolymers. Herein, we aim to employ chiral polylactide as a representative system for the examination of the homochiral evolution from self-assembly at which chirality in self-assembled chiral polymers is classified into four levels: building unit of polymer with specific optical activity, polymer chain with preferred handedness, superstructure with exclusive helicity, and ordered phase with specific chirality. Herein, this work aims to examine the relationship between chiroptical responses and complex packing of helical polymer chains through simulation of first-principle molecular dynamics and experimental results of vibrational circular dichroism (VCD). An orthorhombic crystal structure of chiral polylactide is used to examine how interchain packing of helical polymer chain with specific handedness and collective vibrational coupling contribute to the VCD signals in the solid state. Ab initio molecular dynamics simulations can be performed under periodic boundary conditions, followed by VCD calculations based on nuclear velocity perturbation theory and time-correlation function analysis. By separating local and non-local correlation contributions, the observed VCD response originates not only from helical polymer chain with preferred handedness but also from cooperative interchain chiral interaction within the crystal lattice. The results provide molecular-level insight into chirality amplification in crystalline polymers and establish a computational framework for understanding hierarchical chirality in self-assembled soft materials."
798,ORGS3-0710,Soo-Hyung Choi (Hongik University),"Complex coacervate core hydrogels (C3Hs) are dynamic polymer networks whose viscoelasticity originates from molecular exchange and rearrangement within hydrated ionic cores. However, a simple molecular strategy for programming their relaxation time and processing behavior remains underdeveloped. In this study, we control the structure and dynamics of C3Hs by introducing charged-block length asymmetry into triblock/diblock copolyelectrolyte assemblies. Small-angle X-ray scattering reveals that well-defined coacervate core networks are maintained even when the oppositely charged blocks have unequal lengths. By systematically changing the charged-block length of the diblock component, the coacervate core dimension and terminal relaxation time are tuned over a broad range. The structural evolution is interpreted using a free-energy picture in which short and long charged blocks contribute differently to core packing and chain stretching. Rheological analysis shows that the relaxation time is better described by the population-averaged charged-block length in the core rather than by a single polymer architecture, suggesting that collective junction dynamics dominate stress relaxation. Furthermore, blending short and long diblocks provides a composition-based method to continuously regulate relaxation without changing the triblock backbone or total polymer concentration. This tunable relaxation directly affects extrusion printing, where slower dynamics improve shape retention whereas faster dynamics promote interfilament fusion. These findings establish charged-block length asymmetry as a practical design principle for creating C3Hs with programmable viscoelasticity and printability."
1224,ORGS3-1113,"Dong Jun Kim (KAIST), Taek-Soo Kim (KAIST)","Polymer thin films have widely used for wearable electronics due to mechanical advantages such as low Young’s modulus and high stretchability. Considering that wearable electronic devices must operate in outdoor environments while attached to the human body or clothing, the polymer thin films are generally exposed to low temperatures down to -10 °C. Since polymers exhibit brittle mechanical behavior with reducing temperature, the thermomechanical properties of the polymer thin films at low temperatures are critical for the mechanical reliability of the wearable devices. However, it is highly challenging to measure the thermomechanical properties due to intrinsic fragility of the polymer thin films in free-standing state and the absence of the cooling system for the films. In this work, we measure the thermomechanical properties of free-standing polymer thin films on an ionic liquid surface at low temperatures down to -10 °C, developing direct thermomechanical testing using a Peltier device. While Young’s modulus of polystyrene (PS) thin films decreases linearly from -10 °C to 25 °C, the films exhibit a sharp increase in crack on-set strain (COS) due to slow propagation of voids inside crazing zone. And it is revealed that the tensile and thermal expansion properties of regiorandom poly(3-hexylthiophene) (RRa P3HT) thin films change sharply across glass transition temperature (T g ). This work highlights the significance of low-temperature properties of the polymer thin films for the mechanical reliability of wearable electronics, proposing a novel direct thermomechanical testing method at low temperatures."
1509,ORGS3-1377,"Takuzo Aida (The University of Tokyo), Yuta Fujisawa (The University of Tokyo)","The topological architecture of molecules can strongly influence the macroscopic properties of materials. However, compared with classical molecular parameters such as molecular weight, molecular-weight distribution, and end- or side-group modification, topological effects in polymer materials remain insufficiently explored, especially in functional systems. No self-healing material composed solely of cyclic molecules has yet been reported, and a systematic comparison between cyclic and linear topologies in self-healing materials is still lacking. Because conventional self-healing is generally associated with the reorganization of polymer-chain entanglements, whereas cyclic topology suppresses entanglement, whether cyclic molecules can form room-temperature self-healing materials has remained unresolved. In 2018, our group developed poly(thiourea-ether), the first polymer capable of self-healing at room temperature below its glass-transition temperature. Building on this platform, we show that a cyclic thiourea hexamer, despite lacking end groups and chain entanglements, exhibits room-temperature glassy self-healing comparable to its linear polymer analogue while maintaining high thermal and mechanical stability. By contrast, linear oligomers of the same molecular weight lose mechanical strength and are no longer glassy at room temperature. Systematic analyses of hydrogen-bonding structure, molecular conformation, and relaxation dynamics reveal that ring topology governs the reconfigurability, self-healing behavior, and mechanical stability of the glassy state. These results establish molecular topology as an effective design parameter for glassy materials and provide an experimentally testable strategy for developing self-healing and amorphous materials through topological regulation."
97,ORGS3-0021,"Ke Zheng (Stanford University), Yan Xia (Stanford University)","Polymer mechanochemistry typically concerns the transformation of isolated mechanophores upon application of force. Our group recently reported a poly(benzobarrelane) ROMP polymer in which electronic coupling between repeat units allows continuous segments of mechanophores to undergo cascade reactivity and transform the polymer backbone, while isolating repeat units from each other shuts down the mechanochemical reactivity. This design conceptually distinguishes poly(benzobarrelane) from previous mechanophore-containing polymers. Here we show that this type of reactivity can be generalized to a class of common ROMP polymers, poly(endo-tricyclodecadiene)s. Subjecting these polymers to mechanical force induces radical cascade reactivity along the backbone, leading to unzipping of the repeat units to transform the backbone structure. Furthermore, chemically generating radicals on the mechanochemically transformed polymer backbone in the absence of force enables reversion to the original poly(endo-tricyclodecadiene) structure, as a consequence of the principle of microscopic reversibility. This work demonstrates a new design paradigm for reversible covalent polymer backbone transformation under orthogonal conditions or stimuli."
932,ORGS3-0842,"Hyewon Park (Korea Advanced Institute of Science and Technology), Dong Ki Yoon (Korea Advanced Institute of Science and Technology), YongJoo Kim (Korea University)","To rationalize the experimentally observed polymorphism in azobenzene-containing dimeric liquid crystals, we performed all-atom molecular dynamics (MD) simulations to investigate the impact of terminal alkyl chain length on supramolecular assembly. The simulations reveal that increasing the terminal chain length progressively decreases the stacking order parameter, indicating that extended chains hinder π–π overlap and disrupt the dense core-core stacking essential for helical nanofilament (HNF) formation. Analysis of chain packing behavior shows that longer chains induce significant fluctuations and local steric crowding at short intermolecular distances, which interferes with interlayer tilt propagation. Conversely, at intermediate distances, longer chains enhance parallel alignment, maximizing van der Waals interactions. Furthermore, flexibility analysis confirms that longer terminal chains exhibit reduced relative end-to-end distances and increased root mean square (RMS) distances, signifying enhanced bending and conformational freedom. Collectively, these results demonstrate that longer terminal chains drive the structural transition toward heliconical-layered microcylinders (HLµC) by destabilizing π–π stacking and increasing entropic fluctuations, thereby modulating curvature selection in the B4 phase."
179,ORGS4-0098,Nicola Gasparini (Imperial College London),"Charge collection narrowing (CCN) and photomultiplication (PM) are two promising strategies employed in organic photodetectors (OPDs) to assist near-infrared (NIR) and short-wave infrared (SWIR) detection. The two approaches are based on completely different processes, with CCN being imposed via thick bulk heterojunctions (BHJs) allowing only sub-bandgap photons to be extracted, resulting in spectrally selective OPDs without need for input filtering. PM effect, instead, is a method used to achieve external quantum efficiencies (EQEs) above unity by adopting unbalanced donor:acceptor ratios in the BHJ and exploiting trap-assisted charge tunnelling injection at higher reverse bias. Despite both being already established practices in literature, their mechanism is still under discussion leaving plenty of room for exploration. Here, we present a novel low bandgap random copolymer ( ran DPP-2TBT) used as a donor material in OPDs. Ran DPP-2TBT was blended with non-fullerene (NFA) acceptor IEICO-4F to obtain CCN OPDs with a specific detectivity of 10 11 Jones at -2 V at 916 nm and a spectral response window as narrow as 68 nm (full-width-at-half-maximum). This was achieved with an active layer thickness of only 1 μm, among the lowest in literature for CCN OPDs. Finally, we demonstrate the first application of a CCN-derived OPD as a real-time contactless heart rate monitoring device based on photoplethysmography (PPG). Secondly, we introduce PM-OPDs utilizing an equal donor:acceptor ratio in the BHJ, changing the common understanding of PM-OPDs. NIR polymer TQ-3T was used with NFA Y6. PM-OPDs with EQE of above 1100% at 840 nm and 31% at 1100 nm at -10 V, and fast response times of 73 µs were achieved. We also demonstrate ultrathin (<3 µm) flexible PM-OPDs with a stable dark current density after 1000 bending cycles. Finally, we demonstrate an application of the PM-OPD as a flexible and pulse oximeter and large-area image sensor for accurate vein recognition."
201,ORGS4-0120,"Hyokwang Park (SKKU Advanced Institute of Nanotechnology), Boseok Kang (SKKU Advanced Institute of Nanotechnology)","Alkylsilane-assisted self-assembled monolayer (SAM) doping offers a robust platform for engineering high-performance organic electrodes, overcoming the chronic dopant diffusion and instability issues of conventional doping strategies. However, the exact underlying chemical reaction sites and doping mechanisms have remained elusive, impeding systematic material optimization for advanced device applications. This study reports the comprehensive elucidation of these hidden mechanisms utilizing an ultrahigh-conductivity n-type conjugated polymer, poly(benzodifurandione) (PBFDO). Through rigorous multi-scale characterization, it is demonstrated that hydrolyzed alkylsilanes undergo a carbonyl-directed nucleophilic addition pathway rather than traditional hydroxyl-mediated condensation. Furthermore, this work validates a dual-mode electrostatic doping model driven by the aligned silane dipole moments, which induces powerful electronic perturbations and bulk doping propagation via the proximity effect. Notably, by introducing aminoalkylsilanes, near-theoretical-limit doping of pristine PBFDO is successfully achieved, reaching an unprecedented doping efficiency of up to 1.79 electrons per repeating unit and a dramatic enhancement in chemical, thermal, and mechanical durability . Finally, the practical utility of this mechanism is showcased through the implementation of highly stable contact electrodes in organic field-effect transistors (OFETs) and high-efficiency transparent conductors in polymer light-emitting diodes (PLEDs) ."
269,ORGS4-0186,Hyeong Jun Kim (Sognag university),"Electro-adhesion offers significant advantages through its programmability and reversibility, which enable a wide range of applications in robotics. The heterojunction of two polyelectrolytes provides an effective means for the reversible control of adhesion at substantially low voltages below 10 V, whereas most traditional dielectric electro-adhesives require several kV of operating voltage. The low-voltage operation of polyelectrolyte heterojunction electro-adhesives has been commonly attributed to interfacial electrostatic interactions between oppositely charged fixed polyelectrolytes under reverse bias. However, our study demonstrates that this behavior is also governed by electrophoretically driven interfacial complex formation, rather than by electrostatic interactions only. By calculating energetic terms while excluding viscoelastic effects through contact adhesion tests, we observe correlations between charging time and adhesion energy, as well as between frequency and adhesion energy, suggesting additional interaction mechanisms beyond purely electrostatic attraction, which are attributed to electrophoretically driven interfacial complex formation."
364,ORGS4-0281,Kilwon Cho (POSTECH),"Heavy doping is a widely adopted strategy for enhancing the electrical performance of conjugated polymers by increasing charge-carrier density. However, growing evidence suggests that heavy doping induces substantial structural and chemical transformations beyond conventional charge-transfer processes, thereby fundamentally altering charge transport behavior. Despite its importance, the relationship between doping-induced structural evolution and electronic properties remains poorly understood. Here, we investigate the structural and electronic consequences of heavy doping in conjugated polymers using AuCl₃ as a model dopant. In poly(2,5-bis(3-tetradecylthiophen-2-yl)thieno[3,2-b]thiophene) (PBTTT), acetonitrile-assisted sequential doping promotes efficient dopant incorporation and pronounced microstructural reorganization. Structural characterization reveals the evolution of polymer packing toward a highly interconnected crystalline network, accompanied by enhanced carrier mobility, electrical conductivity, and thermoelectric performance. We further show that heavy AuCl₃ doping fundamentally alters carrier transport in indacenodithiophene-co-benzothiadiazole (IDTBT). With increasing dopant concentration, IDTBT undergoes an unusual polarity inversion from p-type to n-type transport. Spectroscopic and electronic analyses indicate that this transition is closely associated with doping-induced chemical and structural transformations under extreme doping conditions. Collectively, these findings demonstrate that heavy doping functions not only as a carrier-generation process but also as an effective structural engineering strategy for modulating polymer packing, charge transport pathways, and carrier polarity. This work provides fundamental insights into structure–property relationships in heavily doped conjugated polymers and establishes design principles for next-generation organic electronic and thermoelectric materials."
662,ORGS4-0576,"Bumjoon Kim (Korea Advanced Institute of Science and Technology), Seungjin Lee (Korea Research Institute of Chemical Technology), Jongmin Oh (Korea Advanced Institute of Science and Technology)","This work reports the development of the intrinsically stretchable organic photodetector (IS-OPD) that exhibits strain-induced detectivity ( D ) enhancement, enabled by designing a mechanically robust and efficient bilayer-type photoactive architecture (EBL-D). Specifically, we incorporate percolated polymer donor ( P D ):elastomer networks at the bottom layer, which simultaneously offer excellent stretchability and efficient charge transport. Subsequently, we deposit a small-molecule acceptor layer atop the P D :elastomer layer, expanding the optical absorption range into the near-infrared region while minimizing undesirable charge recombination. The resulting IS-OPD based on the EBL-D architecture maintains high responsivity and effectively suppresses dark current under strain. Consequently, the device exhibits 1.5-fold improvement in specific detectivity from 1.9×10 13 to 2.8×10 13 Jones at λ = 860 nm under 75% strain, corresponding to a 1.3-fold increase in D after accounting for the enlarged photoactive area, which is the first time to experimentally demonstrate strain-induced D enhancement in stretchable OPDs"
782,ORGS4-0694,Bong June Sung (Sogang University),"Donor-acceptor (DA) conjugated polymers have emerged as highly promising materials for next-generation organic electronics due to their tunable optoelectronic properties. Despite extensive research on structural parameters modification—including spacer, linker and side chain engineering—identifying the dominant structural descriptor for charge transport remains a significant challenge. This difficulty primarily stems from inconsistent experimental findings and a lack of systematic studies that isolate the molecular scale factors governing electron transport in DA polymer systems. In this work, we employ coarse-grained molecular dynamics and electron transfer simulations to systematically investigate the effects of various structural parameters. We find that while structural parameters show no discernible trend in intra-chain conformations, they consistently change the average inter-chain distance. We also demonstrate that this inter-chain distance acts as the primary factor of electron transport, directly governing the hopping rates and the resulting current density. This relationship is found to be consistent, persisting regardless of the specific type of structural modifications. These results identify the inter-chain distance as a reliable order parameter, offering a clear guideline for optimizing electron transport in DA polymer systems."
830,ORGS4-0741,Dong Ha Kim (EWHA Womans university),"Size-uniform and stable halide perovskite crystals are essential for reliable amplified spontaneous emission (ASE) and lasing, yet simultaneous control over crystal morphology, optical quality, and operational stability remains challenging. Here, we demonstrate a block copolymer-assisted strategy for the controlled formation of uniform MAPbBr 3 cuboid crystals using polystyrene-block-poly(2-vinylpyridine) (PS- b -P2VP). The P2VP block coordinates with surface Pb 2+ sites through pyridyl nitrogen, while the PS block provides a hydrophobic polymer matrix, enabling spatial confinement, surface passivation, and environmental protection. Under an optimized polymer concentration of 3 wt%, MAPbBr 3 crystals evolve into monodisperse cuboids with lateral dimensions of approximately 400 nm. Structural and spectroscopic analyses confirm the formation of cubic MAPbBr 3 crystals encapsulated by the PS- b -P2VP matrix, with Pb-N coordination contributing to enhanced interfacial stability. The resulting hybrid crystals exhibit sharp photoluminescence at 527 nm with a narrow linewidth of 15 nm, prolonged carrier lifetime, and suppressed nonradiative recombination. Owing to improved optical gain and reduced loss, the PS- b -P2VP/MAPbBr 3 composite shows a distinct ASE peak near 550 nm with a reduced threshold of 57 μJ cm -2 , compared with 81 μJ cm -2 for pristine MAPbBr 3 . Moreover, the composite maintains stable ASE behavior under repeated high-fluence excitation and preserves its crystal structure after 60 days in ambient air. This work highlights block copolymer self-assembly as an effective route to simultaneously regulate perovskite crystal growth, interfacial passivation, and optical amplification stability for solution-processable perovskite laser systems."
842,ORGS4-0753,Eunho Lee (Seoul National University of Science and Technology),"Reservoir computing (RC) is a neural network-based paradigm for efficient time-series signal processing. Despite the potential of electrolyte-gated synaptic transistors (EGSTs) as physical reservoirs, EGST-based RC studies remain limited, and the role of electrolyte anion molecular design in governing reservoir dynamics has not been established. Here, we demonstrate that the fluorinated substituent structure of sulfonimide anions controls the ion-doping behavior of EGSTs and reservoir state separability. By comparing P-PFSI, P-TFSI, and P-FSI with a common phosphonium cation, we identify the FSI anion as exhibiting the highest electrochemical doping level and superior reservoir state separability. The localized negative charge distribution of FSI enhances polaron charge compensation efficiency, leading to a wide EPSC dynamic range and sufficient fading memory that enable temporal input patterns to be mapped into more distinguishable reservoir states. These results highlight molecular-level anion design as an effective materials strategy for enhancing RC performance in EGST-based physical reservoirs."
1097,ORGS4-0999,"Jae-Woo Seo (Hanyang University), Seonghwan Yun (Hanyang University), Seon-Jin Choi (Hanyang University), Do Hwan Kim (Hanyang University)","Hazardous chemical analytes such as nitrogen dioxide (NO 2 ) can cause serious respiratory issues with prolonged exposure, even at low concentrations. However, existing gas sensors based on field-effect transistors (FETs), optimized for the detection of high gas concentrations, lack the required memory functionalities necessary for recognizing cumulative exposure to low concentrations. Moreover, they exhibit high power consumption, restricting their use in wearable technologies. Organic electrochemical transistor (OECT)-based sensors on the other hand, can monitor and record cumulative gas exposures while operating under low voltage conditions. However, current OECT-based sensors are limited by poor responsivity and high limit of detection, primarily due to the need for high doping thresholds to trigger electrochemical doping in the semiconductor channel. Here, we present a dual-mode OECT-based chemosensory platform, designed to resolve both instantaneous NO 2 concentrations and cumulative exposure. The sensor features two distinct interfacial modes, each capable of interacting with gas molecules, producing a coupled response under exposure. This configuration enables the detection of trace NO 2 concentrations down to 100 ppb while retaining sensitivity to exposure history owing to excellent memory capability (> 1 h). In parallel, a machine learning-based classification framework is employed to quantify cumulative exposure under dynamic conditions. As a demonstration, a wearable sensing bracelet incorporating a 3 x 3 array is integrated with a Bluetooth-enabled system to provide real-time alerts when accumulated NO 2 exposure exceeds recommended safety threshold."
1310,ORGS4-1197,"Youjin Reo (POSTECH), Huihui Zhu (UESTC), Young-Young Noh (POSTECH)","Tin halide perovskites are attractive lead-free p-type semiconductors for thin-film transistors (TFTs), yet their device performance is limited by severe self p-doping and pronounced hysteresis. Here, we demonstrate that incorporating CdCl 2 effectively addresses both challenges, yielding p-type TFTs with an on/off current ratio of ~10 6 and minimized hysteresis. Cd 2+ and Cl - concurrently fill Sn and I vacancies, respectively, passivating the excess hole density arising from Sn vacancies and suppressing the voltage bias-induced ion migration responsible for hysteresis. This vacancy filling also enhances the structural resilience of the film, reinforcing its resistance to oxidation. In addition, the additive lowers the thermal activation barrier for complete perovskite phase transition, enabling solid-state CsSnI 3 formation at reduced temperatures. These findings establish additive engineering as an effective strategy for regulating vacancy chemistry, suppressing ion migration, and reducing the thermal budget of vapor-deposited tin halide perovskite films, offering a practical route toward stable and industry-compatible manufacturing of perovskite electronics."
1349,ORGS4-1234,"Inho Lee (Ajou university), Wonseok Shin (Ajou university), Namhee Kim (Ajou university), Sungjun Park (Ajou university)","Organic electrochemical transistors (OECTs) have emerged as promising platforms for biosensing owing to their efficient ion–electron coupling, intrinsic biocompatibility, and high transconductance. However, conventional planar OECTs remain challenging to implement for in-plant applications because their rigid, planar geometry limits minimally invasive implantation and complicates the monolithic integration of transistor components on a single probe. Here, we present monolithically integrated fiber organic electrochemical transistors (OECTs) for minimally invasive glucose monitoring in plants. The devices are directly fabricated on 200-µm-diameter optical fibers using high-resolution photolithography, enabling precise definition of the channel architecture and accurate alignment of the source, drain, and gate electrodes on a single fiber. The PEDOT:PSS channel provides efficient volumetric ion–electron coupling, enabling rapid modulation of channel conductivity in response to glucose-induced electrochemical reactions. The resulting fiber OECTs exhibit a high transconductance exceeding 19 mS with excellent signal-to-noise characteristics, enabling sensitive and reliable detection of glucose over a wide concentration range under in situ conditions. Compared with conventional electrode-based sensing platforms, the monolithically integrated fiber architecture minimizes tissue damage, improves mechanical compliance, and enhances operational stability during implantation. These results establish monolithically integrated fiber OECTs as a versatile bioelectronic platform for continuous in-plant metabolic monitoring and provide a scalable strategy for implantable bioelectronics capable of interfacing with complex living systems."
1463,ORGS4-1331,"Seung Hwan Jeon (Korea Research Insititute of Standards and Science), Changhyun Pang (Sungkyunkwan University)","Stretchable electronic devices have attracted considerable attention as enabling technologies for wearable healthcare, soft robotics, and human–machine interfaces. However, conventional fabrication of multilayer soft electronics relies on repetitive printing, stacking, and sealing processes, resulting in complex manufacturing procedures and reduced mechanical reliability due to interfacial delamination under repeated deformation. Here, we present a programmable self-embedded multilayer liquid metal printing strategy that enables the direct fabrication of monolithic three-dimensional electronic architectures within a single elastomer matrix. By exploiting the mechanical competition between the gravitational force of the printed liquid metal and the yield stress of the uncured polymer, the embedding depth of the liquid metal was precisely controlled, thereby establishing a fundamental mechanism for forming programmable multilayer circuits without additional transfer or stacking processes. In addition, vertically interconnected multilayer circuits were realized without any post-sintering process while preserving the intrinsically high electrical conductivity of liquid metal. To demonstrate the versatility of the proposed platform, vertical interconnect structures, multilayer capacitive pressure sensors, and three-dimensional inductive coils were fabricated within a monolithic elastomer. The resulting multilayer and three-dimensional architectures effectively enhanced device performance. This work establishes a scalable manufacturing strategy for monolithic soft electronic systems by significantly simplifying the fabrication process, enabling diverse applications in next-generation stretchable electronics, soft robotics, and human–machine interfaces."
1539,ORGS4-1403,"Jeong Ho Cho (Department of Chemical and Biomolecular Engineering, Yonsei University, Seoul), In Cheol Kwak (Department of Chemical and Biomolecular Engineering, Yonsei University, Seoul)","Emulating the short- and long-term memory functions of biological synapses in neuromorphic hardware demands dielectric layers whose retention behavior can be precisely and reproducibly tuned. This study reports a solution-processable route to alkali cation-embedded HfO 2 dielectrics that enable programmable synaptic responses in transistor devices. Sodium fluoride (NaF) was blended with electrochemically exfoliated HfS 2 nanosheets prior to thermal oxidation, yielding a uniform, ultrathin (~8 nm) HfO 2 layer with mobile alkali ions dispersed throughout a wafer-scale film. When paired with an IGZO semiconducting channel, transistors built on this dielectric showed markedly different retention behavior depending on composition: devices with unmodified HfO 2 displayed fast, short-lived postsynaptic currents, while those incorporating NaF sustained elevated currents for over 30 seconds and exhibited adjustable synaptic plasticity. Building on this tunability, the ion-engineered dielectric was implemented in several functional circuits, including 1-transistor-1-synapse memory arrays, synaptic comparators, and reconfigurable AND/OR logic gates capable of brain-like signal processing. By broadening the design space for dielectric engineering, this solution-based strategy offers a scalable route toward next-generation neuromorphic devices with finely controllable synaptic characteristics."
1619,ORGS4-1482,"박대희 (아주대학교), 진형민 (충남대학교), 김장환 (아주대학교)","Microscopically engineered materials inherently harbor unique structural signatures arising from the stochastic fabrication. Physical unclonable functions (PUFs) exploit structural randomness to generate unique cryptographic responses, establishing hardware-based security. However, conventional PUF architectures rely on static configurations to guarantee authentication reproducibility, and the intrinsic rigidity permits unauthorized reverse-engineering without detectable traces. A tamper-responsive physical unclonable function (TR-PUF) platform is presented, integrating a high-entropy source with a reactive two-dimensional material interlayer to actively defend cryptographic keys. The entropy source relies on fingerprint-like nanopatterns derived from thermodynamic fluctuations during block copolymer self-assembly, while a reduced graphene oxide interlayer leverages out-of-plane chemical and mechanical sensitivity enabling device responsiveness to external intrusions. Systematic characterization confirms robust fundamental cryptographic performance, with near-ideal uniqueness and uniformity. Also, the tamper-responsive capability is demonstrated across three representative intrusion scenarios, where simulated high-resolution probing, chemical, or mechanical attempts to access the internal architecture trigger spontaneous and irreversible key invalidation via localized degradation. Furthermore, broad applicability is validated through rigorous environmental survivability assessment under low Earth orbit simulated conditions, alongside seamless integration across diverse form factors. The autonomous hardware protection framework opens possibilities for securing electronic components across next-generation hardware architectures in strategic fields like space missions and military applications."
1639,ORGS4-1502,"Takuzo Aida (The University of Tokyo, Riken), Tomoyuki Yokota (The University of Tokyo), Buyun Yu (The University of Tokyo), Amrit Sarmah (RIKEN Center for Computational Science), Takahito Nakajima (RIKEN Center for Computational Science)","Carbon nanotubes (CNTs) are promising conductive nanofillers for functional polymer composites. However, polymers capable of effectively dispersing CNTs are often highly specialized, and surface modification of CNTs is commonly required to improve their compatibility with polymer matrices. Such modification can disrupt the intrinsic CNT structure and consequently compromise their mechanical and electrical properties. Here, we report that poly(ether thiourea), a glassy polymer previously developed by our group and capable of self-healing even below its glass-transition temperature[1], enables the homogeneous dispersion of pristine CNTs at high concentrations without surface modification. The resulting composites retain the intrinsic self-healing ability of the polymer while simultaneously exhibiting high electrical conductivity, enhanced mechanical robustness, and hydrophobicity. Leveraging their excellent CNT dispersibility, processability, electrical conductivity, mechanical properties, and self-healing capability, the composites were fabricated into 2.4 GHz Bluetooth antennas. The antennas exhibited stable wireless communication performance, and their radiation characteristics, which deteriorated substantially after mechanical damage, were restored following room-temperature self-healing. These results demonstrate the potential of the composites as multifunctional materials for self-healable electronic applications. [1] Yanagisawa, Y.; Nan, Y.; Okuro, K.; Aida, T. Science 2018 , 359 , 72."
595,ORGS5-0509,Gi-Ra Yi (POSTECH),"The rapid expansion of electric vehicles and grid-scale energy storage systems has triggered a critical shortage of transition metals, highlighting the urgent need for highly efficient battery recycling technologies. While hydrometallurgy is the industry standard, its productivity is constrained by a fundamental trade-off between mass transfer kinetics and phase separation efficiency. To resolve this, we introduce a “pulsed millifluidic solvent extraction” (PMSE) platform optimized for the high-throughput recovery of manganese, cobalt, and nickel. By applying controlled oscillatory flow within millimetric channels, the PMSE system induces chaotic advection. This mechanism effectively overcomes the diffusion-limited bottlenecks typical of laminar microfluidic systems. Furthermore, the milliscale geometry generates a droplet size distribution that promotes spontaneous coalescence. This eliminates the prolonged settling times and emulsion stabilization issues that have historically prevented the industrial scale-up of conventional microfluidics. The PMSE architecture achieves a 99.8% recovery efficiency with high elemental purity, while simultaneously reducing the residual organic phase in the aqueous solution by 40%. By bridging the gap between microfluidic interfacial precision and industrial-scale throughput, this platform provides a scalable, low-carbon solution to secure the critical minerals required for a sustainable energy transition."
695,ORGS5-0609,"Omid Zabihi (Deakin University), Minoo Naebe (Deakin University)","Global plastic production exceeds 400 million tonnes annually, with polyolefins accounting for more than half of this volume. Among these, polypropylene (PP) is one of the most widely used plastics and a major contributor to plastic waste. Despite mechanical recycling efforts, large quantities of PP continue to be landfilled, incinerated, or downcycled, highlighting the need for innovative circular strategies to recover value from waste streams. This study presents an integrated waste-to-resource approach that combines thermomechanical catalytic processing of PP and value recovery within a single circular framework. Metal-modified montmorillonite (MMT) catalysts were incorporated into PP during reactive extrusion, where processing conditions transformed the extruder into a continuous pseudo-pyrolysis reactor. The effects of catalyst-assisted degradation on PP were evaluated using TGA and DSC. Controlled degradation generated low-molecular-weight species containing chemically active functionalities. After processing, solvent-assisted extraction was employed to recover the degradation-derived extractable products. Chemical characterization revealed the presence of functionalized species containing oxygenated and unsaturated groups. To demonstrate this circular pathway, the recovered extract was incorporated into mixed polyolefin blends containing PP and PE. Morphological, thermal, rheological, and mechanical analyses showed enhanced phase dispersion, interfacial interactions, and overall blend performance. This work introduces a novel circular materials strategy in which PP waste is transformed into functional molecules that facilitate the recycling of mixed polyolefin streams. By integrating catalyst-assisted degradation, solvent-based recovery, and waste-derived compatibilization, the proposed approach establishes a scalable pathway for converting PP waste into performance-enhancing additives, advancing sustainable polymer recycling and circular material design."
777,ORGS5-0689,JUN MO KOO (Chungnam national university),"In this study, we propose a molecular design strategy to reversibly control stress whitening beyond conventional elastic recovery. A furan-based polyester elastomer was synthesized using dimethyl 2,5-furandicarboxylate (DMFD), neopentyl glycol (NPG), and poly(trimethylene ether) glycol (PO3G). The synthesized copolyester exhibited excellent mechanical properties and recovery behavior. In particular, PNF-7G showed a Young’s modulus of 444.7 MPa and an elongation at break of 574.8%. Stable recovery was observed even after stress whitening during a 10-cycle tensile test, and the recovery ratio remained above 90% in the post-whitening deformation region. To investigate the structural origin of whitening and recovery, XRD, Raman spectroscopy, and solid-state NMR analyses were conducted. The results showed that alignment and packing changes of FDCA-based hard segments were involved in whitening and recovery, leading to a new structural state after recovery. Furthermore, two-dimensional correlation spectroscopy (2DCOS) revealed sequential molecular rearrangement during the whitening and recovery processes. Therefore, this study confirms that the nonlinear structural characteristics of FDCA provide a structural basis for rearrangement without permanent damage. These findings suggest a molecular design strategy for materials capable of recovery even after stress whitening and demonstrate their potential as sustainable materials with high resilience under repeated deformation."
988,ORGS5-0890,"Daeun Kim (Korea Institute of Science and Technology (KIST)), Bumjoon Kim (Korea Advanced Institute of Science and Technology (KAIST)), Yong-Seok Choi (Korea Institute of Science and Technology (KIST)), Yongho Joo (Korea Institute of Science and Technology (KIST))","The escalating crisis of electronic waste demands a fundamental shift toward sustainable materials that prioritize full recyclability without compromising operational performance. To address this challenge, we introduce a versatile vitrimer platform featuring dynamic covalent networks engineered for multifunctional hardware. By optimizing the controllable bond-exchange mechanisms inherent to vitrimers, this single polymeric system successfully achieves exceptional thermomechanical robustness during device operation, while enabling an efficient, non-destructive recycling pathway for end-of-life manageability. Rather than being limited to a single application, this adaptable matrix is implemented as a universal material platform across diverse functional electronic components, spanning from data-processing elements and energy storage systems to structural hardware. Through these varied integrations, we demonstrate that the vitrimer network can be tailored to meet distinct operational requirements, enhancing device durability through its stress-relaxing capabilities while successfully providing excellent recyclability. The cross-linked polymer matrix can be fully reprocessed and recycled, ensuring a closed-loop material recovery for future electronics. Ultimately, this study highlights a comprehensive macromolecular design strategy that transforms traditionally unrecyclable electronic hardware into sustainable platforms, presenting a viable and eco-friendly paradigm for next-generation green electronics."
1095,ORGS5-0997,"Chang Geun Yoo (State University of New York College of Environmental Science and Forestry), Kwang Ho Kim (University of British Columbia), Jhuma Sadhukhan (University of Surrey), Semin Lee (Hanyang University), Mandeep Poonia (State University of New York College of Environmental Science and Forestry), Hee Eun Lee (SK Innovation), Jeong Jae Wie (Hanyang University), Arthur J. Ragauskas (University of Tennessee Knoxville), Kijun Yang (Hanyang University)","Lignin has attracted significant attention as a sustainable bio-based filler for polymer composites; however, the influence of lignin structural characteristics on polymer compatibility and composite performance remains insufficiently understood. In this study, three lignin samples derived from different biomass sources (softwood and hardwood) and extraction processes (kraft and hydrothermal) were incorporated into thermoplastic polyurethane (TPU) through melt blending to investigate structure–property relationships. Comprehensive structural analyses revealed substantial differences in hydroxyl group distribution and condensation degree depending on lignin origin and recovery method. Quantitative NMR characterization demonstrated that hydrothermally extracted hardwood lignin (HW-HT) possessed the highest content of aliphatic hydroxyl groups and the lowest degree of condensation among the lignins examined. These structural features promoted stronger intermolecular hydrogen bonding with the urethane groups of TPU, resulting in enhanced interfacial compatibility. The improved molecular interactions were reflected in the composite properties. TPU composites containing HW-HT exhibited superior thermal stability and mechanical performance compared with those containing other lignin types. Notably, the incorporation of only 0.5 vol% HW-HT increased toughness by 58% relative to neat TPU while maintaining favorable thermal characteristics. These findings demonstrate that lignin source and extraction method critically influence lignin chemistry and subsequent polymer interactions. In particular, aliphatic hydroxyl content was identified as a key parameter governing interfacial bonding and composite performance. This work provides molecular-level insights for the rational selection and design of lignin feedstocks for high-performance, sustainable polyurethane-based composites."
1252,ORGS5-1139,Jeong Kim (KyungHee University),"We report a sustainable, high-performance organic solvent nanofiltration (OSN) membrane (H-CA-TFC-DA) designed to address the environmental limitations of traditional petroleum-based separation systems. By fabricating a cross-linked polyamide selective layer on a cellulose acetate (CA)-reinforced Hanji substrate, followed by controlled deacetylation, we achieved both exceptional structural stability and inherent biodegradability. In harsh polar aprotic media, a hyper-densified 12 wt.% CA support matrix provided crucial mechanical anchoring, successfully mitigating active layer swelling and ensuring predictable transport characteristics. The industrial utility of the membrane was demonstrated via the continuous fractionation of roxithromycin (Roxi) from dimethylaminopyridine (DMAP) catalysts in acetonitrile, with the purification profiles closely matching theoretical mass-balance trends. Furthermore, the membrane exhibited complete biological decomposition within 21 days under standard ISO 14855 composting conditions. This rapid disintegration is governed by the deacetylation process, which regenerates unhindered cellulose, eliminates the steric barriers of acetyl groups, and accelerates enzymatic hydrolysis to induce the total structural collapse of the ultra-thin active layer. This work offers a compelling strategy for developing next-generation green membranes that harmonize rigorous industrial molecular separations with comprehensive environmental compatibility."
1269,ORGS5-1156,Anatoly ZINCHENKO (Nagoya University),"Cotton – PET blended textiles are among the most challenging polymer wastes to recycle because conventional methods require fiber separation prior to material recovery [1] . Here, we report a separation-free upcycling strategy that converts blended textiles into hydrogel-immobilized composite adsorbents through complete utilization of both textile components. The PET component is first depolymerized via aminolysis to generate amine-rich oligomers with reactive amino functionalities [2] . These oligomers are subsequently cross-linked with an epoxy cross-linker to form a hydrogel network, while the cotton fibers are retained as a structure scaffold, producing mechanically stable composite sheets without generating secondary waste. The resulting composites exhibit a tensile strength of approximately 20 MPa and a swelling ratio of 5 g g -1 . The PET-derived hydrogel introduces abundant protonatable amine groups, enabling pH-responsive and charge-selective adsorption toward aqueous contaminants. Consequently, the composite achieves an equilibrium adsorption capacity of 387 mg g -1 for Orange II while maintaining over 99 % removal efficiency after ten adsorption-desorption cycles. In addition, the material effectively removes Cu 2+ ions and ketoprofen, demonstrating its versatility for water purification. Overall, this work demonstrates how selective polymer transformation can be integrated with preservation of a cellulose framework to construct functional polymer-fiber composites, providing a sustainable strategy for the high-value utilization of blended textile waste and offering new opportunities for circular polymer materials [3] . References: [1] Zhou, Q., et. al., Environmental Technology Reviews, 2022 , 11, 62. [2] Chan, K., and Zinchenko, A., Journal of Environmental Chemical Engineering, 2021 , 9, 106129 [3] Huang, G., and Zinchenko, A., Journal of Cleaner Production, 2026 , 568, 148700."
716,ORGS5-0630,Chae Bin Kim (Pusan national university),"Structural adhesives are widely used in automotive, aerospace, electronics, and construction industries because they provide durable bonding between dissimilar materials while offering lightweight design and thermal stability. However, most epoxy structural adhesives are thermosets that form permanently crosslinked networks after curing, making repair, reprocessing, and reuse difficult once failure. To address these limitations, this study investigates disulfide-linked epoxy covalent adaptable network (CAN) structural adhesives for elevated-temperature applications. The CAN network was prepared by curing diglycidyl ether of bisphenol A (DGEBA) with a disulfide-containing diamine crosslinker. Dynamic disulfide bonds enable thermally activated bond exchange, allowing network rearrangement and stress relaxation while maintaining the structural integrity required for load-bearing adhesive applications. The epoxy-to-amine ratio was systematically varied to generate off-stoichiometric networks with different concentrations of permanent and dynamic covalent linkages. Because epoxy–amine curing often deviates from ideal stoichiometry owing to differences in amine reactivity, diffusion limitations, and side reactions, the epoxy/amine ratio serves as an important parameter governing network architecture and adhesive performance. The influence of composition on network formation, wettability, thermomechanical properties, stress-relaxation behavior, adhesion strength, and re-adhesion efficiency was systematically investigated. The results reveal how off-stoichiometric network design controls the balance between structural stability and dynamic adaptability. This study provides insight into the relationship between network architecture, initial adhesion performance, and CAN-assisted reusability, offering molecular design guidelines for high-temperature structural adhesives that combine strong bonding with repair and reuse enabled by dynamic covalent network rearrangement."
1511,ORGS5-1379,,"Advanced adhesives must combine strong bonding with easy, clean debonding, yet these requirements are inherently difficult to reconcile. High strength usually depends on irreversible interfacial interactions or densely cross-linked networks, whereas readily debondable adhesives often suffer from poor mechanical durability, particularly under humid conditions. Here, we developed a supramolecular adhesive, SAGuTU, by mixing the guanidinium–thiourea monomer GuTU with sodium hexametaphosphate (SHMP) in water. Multivalent salt-bridge formation induced spontaneous liquid–liquid phase separation, producing a condensed adhesive phase. SAGuTU exhibited lap-shear strengths of up to 18.6 MPa on glass and 8.1 MPa on wood, comparable to commercial epoxy adhesive. A glass joint with a bonded area of only 1.2 cm² supported a 20 kg load. The adhesive also showed excellent humidity resistance, with almost no strength loss after 96 h at 70% relative humidity and retention of approximately 11 MPa after 96 h at 80% relative humidity. Thiourea groups act as hydrophobic hydrogen-bonding motifs, suppressing moisture-induced weakening. Despite its high strength and humidity resistance, SAGuTU was readily debonded by saline water mist, unlike commercial epoxy adhesive. Dynamic light scattering showed that GuTU/SHMP aggregates had an average diameter of approximately 420 nm and remained stable after dilution with deionized water, whereas saline solution reduced the size to approximately 1.2 nm. This result confirms that salt ions disrupt guanidinium–phosphate salt bridges and dissociate the supramolecular ionic network into molecular species. Consequently, SAGuTU enables clean debonding without obvious residue or substrate damage. This adhesive therefore integrates ultrastrong adhesion, long-term humidity resistance, and salt-triggered debonding within a single recyclable supramolecular system."
422,ORGS5-0338,"Dongyeop X. Oh (BK21 FOUR Department of Materials Science and Engineering, Korea University, Seoul, 02841, Republic of Korea), Jeyoung Park (Department of Chemical and Biomolecular Engineering, Sogang University, Seoul 04107, Republic of Korea)","Traditional insulation fillers, such as goose and duck down, have been widely used in apparel and bedding due to their excellent thermal retention. However, concerns regarding animal welfare and environmental impacts have increased the demand for sustainable alternatives. In this study, we developed an eco-friendly insulation fiber using gluten, a plant-derived protein with abundant disulfide cross-links that provide inherent resistance to water and organic solvents. A chemical modification strategy involving protein structure regulation, cross-linking, and surface treatment was employed to produce mechanically robust and hydrophobic gluten-based biofibers. The resulting gluten-based biofibers exhibited an average diameter of 7.4 μm, a compressive strength of 350 kPa, and a water contact angle of 105°. Furthermore, the fibers demonstrated excellent thermal insulation performance with a thermal conductivity of 0.01 W·m ⁻ ¹·K ⁻ ¹ and a high visible-light reflectance of 90%. These results highlight the potential of disulfide-rich plant proteins as high-performance insulation materials and suggest that gluten-based fibers can serve as a sustainable and ethical alternative to conventional down-based insulation."
529,ORGS5-0445,,"The increasing environmental impact of plastic waste has accelerated the search for sustainable alternatives to conventional packaging. This study focuses on developing fully biodegradable food packaging films based on natural polymers, such as chitosan. Derived from renewable resources, these materials, offer excellent biodegradability and reduced environmental harm, making them promising candidates for eco-friendly packaging solutions. However, their practical application is often hindered by limited mechanical strength and high moisture sensitivity. To overcome these limitations, this research explores a new film by incorporating nanolignin particles. Additionally, chestnut extract was included for its antibacterial properties, effectively extending the shelf life of packaged food. In this research the hydrophilic properties of the films were measured, including contact angle, moisture content, degree of swelling, and water solubility. Next, mechanical properties, such as tensile strength and elongation at break, were analyzed. The films with chosen number of additives demonstrated the most favorable results, highlighting the potential of nanolignin integration. To gain deeper insights, advanced analytical techniques including SEM, FT-IR and UV-VIS were employed. The films water vapor permeability was also assessed, underscoring their suitability for food packaging applications. These biodegradable films exhibit satisfactory mechanical, hydrophilic, and barrier properties, positioning them as a viable alternative to conventional plastics . Acknowledgements This research was funded in part by National Centre of Science, Poland 24/53/N/ST11/03807 ."
1628,ORGS5-1491,Duyoung Choi (KITECH),"The heterogeneity of raw materials and the non-linear changes in physical properties that occur during the upcycling of Post-Consumer Recycled (PCR) plastics are major factors that reduce the efficiency of conventional experimental approaches and threaten the reliability of data-driven predictive models. In this study, we propose an integrated workflow combining statistical data purification with machine learning to maximize the tensile strength of PP/HDPE blends and improve prediction accuracy. Outliers in the experimental data were first removed to secure data reliability, and a regression model was then constructed to predict tensile strength from the blend composition and the contents of the compatibilizer (MA) and initiator (DCP). In addition, model-interpretation techniques were applied to examine the contribution of each factor to the mechanical properties, and an optimization using the predictive model as the objective function was employed to reverse-engineer high-strength compositions, which are to be verified through actual synthesis. The integrated machine learning framework proposed in this study is expected to provide a practical methodology for overcoming the property variability of recycled waste plastics and accelerating the development of high-performance PCR blends."
226,ORGS5-0145,"Shimei Xu (Collaborative Innovation Center for Eco-friendly and Fire-Safety Polymeric Materials (MoE), State Key Laboratory of Advanced Polymer Materials, College of Chemistry, Sichuan University), Yu-zhong Wang (Collaborative Innovation Center for Eco-friendly and Fire-Safety Polymeric Materials (MoE), State Key Laboratory of Advanced Polymer Materials, College of Chemistry, Sichuan University)","Polyurethane (PU) is the world’s sixth largest plastic, but improper disposal of waste PU causes environmental pollution and resource waste. Chemical recycling can efficiently convert waste PUs into chemicals or new materials through selective group cleavage. Selective group cleavage in PUs typically follows the nucleophilic reactivity order: ester > carbamate > urea >> ether 1,2 . Special nucleophiles can cleave both carbamate and urea groups 3,4 , or noble metal catalysts can cleave urea groups 5 , while ester and ether groups remain unreactive. However, the diverse recycling goals demand a wider variety of selective group cleavage methods. This work demonstrates the effect of intenal-/extenal microenvironment of chemical groups on hydrolysis selectivity of PUs at the Zn catalysis. The ether groups in the carbamate groups significantly enhanced its hydrolysis reactivity. By controlling the solubility of the ZnCl₂ catalyst in the solvent, as well as the solvent characteristics (i.e., polarity, intermolecular hydrogen bonding), hydrolysis reactivity of ester, carbamate, and urea groups can be adjusted. We proposed the different hydrolysis mechanisms of these groups in PUs and their mutual influences. Thus, the selective group cleavage in waste PUs can be regulated according to different recycling requirements. It demonstrates the Zn-catalyzed hydrolysis mechanisms and regulation strategies providing a reference for diverse selective group cleavage in recycling of waste PUs. References: (1)  Zhang, S.; Xu, W.; Du, R.et al. Chem. Eng. J. 2023, 470, 144032. (2)  He, H.-W.; Hu, H.; Du, K.-M. et al. Green Chem 2025, 27 (28), 8467–8491. (3)  Johansen, M. B.; Donslund, B. S.; Henriksen, M. L. et al. Green Chem 2023, 25 (24), 10622–10629. (4)  Zhang, H.; Cui, X.; Wang, H. et al. Polym. Degrad. Stab. 2020, 181, 109342. (5)  Iwasaki, T.; Tsuge, K.; Naito, N. et al. Nat. Commun. 2023, 14 (1), 3279."
439,ORGS5-0355,"Yan Cheng Lin (National Taiwan University), Wen Chang Chen (National Taiwan University)","The rapid advancement of microelectronic packaging and communication technologies demands functional polymers with outstanding thermal stability and low dielectric loss ( D f ). While high-performance resins like polyesterimides (PEIs) successfully fulfill these requirements, their robust imide structures pose critical environmental challenges for waste management. To achieve a sustainable recycling system without sacrificing the structural integrity of valuable functional groups, a highly efficient and selective chemical recycling system for PEIs via catalytic glycolysis is established. Using ethylene glycol (EG) as an environmentally friendly solvent, the reaction conditions for a bis[(3,4-dicarboxylic anhydride)phenyl] terephthalate (BCFE) and bis(4-aminophenyl) terephthalate (BPTP) based PEI system were systematically optimized. Complete depolymerization was achieved at 200 o C within 8 hours using 1 wt% zinc acetate (Zn(OAc) 2 ) as a catalyst, selectively yielding bis(2-hydroxyethyl) terephthalate (BHET) and a rigid imide-ring-containing monomer, 5-hydroxy-2-(4-hydroxyphenyl)isoindoline-1,3-dione (HPID). Kinetic evaluations confirmed that the depolymerization process conforms to a first-order rate equation with an activation energy ( E a ) of 145 kJ/mol. The isolated BHET exhibited exceptional chemical purity and was directly polycondensed to produce recycled PET (rPET) with a molecular weight and thermal stability comparable to commercial grades. Concurrently, the recovered HPID monomer completely retained its robust imide bonds and was successfully employed to synthesize high performance PEI displaying excellent thermal stability and low D f . This selective glycolysis protocol demonstrates excellent versatility across various aromatic, alicyclic, and bio-based PEI matrices, providing a promising and low-pollution pathway for high-value monomer recovery and upcycling."
400,ORGS5-0316,"Young Seok Song (Dankook University), Jeong-Yun Sun (Seoul National University), Siheon Lee (Seoul National University), Goum Min (Seoul National University), James Sangmin Choo (Seoul National University), Juhyuk Park (Seoul National University)","As environmental concerns continue to rise and regulatory standards become more stringent, the demand for biodegradable plastics has increased significantly. Although polyurethane offers excellent processability and versatility, its transition toward biodegradable systems has become increasingly important. In this study, biodegradable polyurethane materials were prepared through two different processing routes: reaction injection molding and foaming. Before fabrication, the rheological response and curing behavior of the raw materials and their mixtures were investigated to evaluate their processability and establish suitable processing conditions. For the reaction injection molding process, finite element method simulations were additionally performed to support process analysis and optimization. Based on these experimental and simulation results, appropriate processing windows were determined for each fabrication route. The molded specimens were characterized in terms of mechanical properties and shape memory performance, whereas the foamed samples were evaluated by analyzing their internal cell morphology, shape recovery behavior, and sound absorption characteristics. This study provides process-specific optimization guidelines and suggests a practical approach for fabricating high-performance biodegradable polyurethane materials."
1131,INIDS1-1032,,"All-solid-state lithium-metal batteries (ASSLBs) employing solid polymer electrolytes offer high energy density and intrinsic safety; however, their practical deployment is severely hindered by low room-temperature ionic conductivity, narrow electrochemical windows, and uncontrolled lithium dendrite growth. To address these fundamental macromolecular and interfacial limitations, this study presents a scalable structural design strategy. We synthesize 3D composite solid polymer electrolytes (3DCSPEs) by embedding electrospun poly(vinylidene fluoride-co-hexafluoropropylene) (PVDF-HFP) 3D nanowebs—functionalized with ferroelectric nanoparticles—into a poly(ethylene oxide) (PEO)-based matrix via in situ crosslinking polymerization. From a macromolecular perspective, the in situ crosslinked network effectively suppresses polymer crystallization and macro-phase separation, thereby promoting amorphous chain segment mobility to accelerate ion transport kinetics. Concurrently, the nanoparticle-functionalized 3D nanoweb serves as a mechanically robust framework that establishes continuous, low-resistance pathways for Li + flux. Notably, the spontaneous polarization induced by the embedded ferroelectric nanoparticles effectively regulates the local electric field within the polymer matrix, mitigating space-charge layer formation and enhancing charge-transfer kinetics at the electrolyte–electrode interface. This synergistic architectural modulation promotes uniform lithium deposition and significantly reduces interfacial overpotential. Consequently, this work highlights the critical role of in situ crosslinked, ferroelectric-reinforced 3D polymer networks in enhancing both bulk transport kinetics and interfacial stability, offering a promising paradigm for advanced lithium polymer batteries."
1133,INIDS1-1034,,"Poly(para-xylylene), commonly known as parylene, is widely utilized as a conformal coating material due to its excellent chemical stability, pinhole-free deposition, and superior barrier properties. Beyond its conventional role as a protective coating, parylene thin films can serve as functional platforms through controlled surface morphology engineering. In this presentation, wrinkle-engineered parylene thin films are introduced for optical and security applications. Periodic wrinkle structures are generated through mechanical mismatch between parylene thin films and elastomeric substrates, producing tunable surface morphologies without complex lithographic processes. First, these wrinkle structures are employed as optical outcoupling layers for organic light-emitting diodes (OLEDs). The engineered microstructures enhance optical scattering and reduce total internal reflection, resulting in improved light extraction efficiency. Numerical simulations and device demonstrations confirm the effectiveness of wrinkle-induced optical modulation. Second, the intrinsic randomness of wrinkle formation is exploited for physical unclonable functions (PUFs). Random surface morphologies generate unique optical signatures that can be converted into digital fingerprints for authentication and hardware security applications. The resulting PUF devices exhibit excellent uniqueness, reliability, and scalability. These results demonstrate that wrinkle-engineered parylene thin films provide a simple, scalable, and multifunctional platform for next-generation optoelectronic and hardware security systems."
1221,INIDS1-1110,,"Perovskite solar cells (PSCs) have been actively researched since 2009 and have now achieved a certified efficiency of 28%. KRICT has played a pioneering role from the early stages of PSC research, contributing to the rapid and remarkable progress in PSC performance. The perovskite research team at KRICT set and broke the world record for certified power conversion efficiency (PCE) seven times on the NREL chart, eventually exceeding a PCE of 25%. KRICT’s pioneering work includes the development of solvent engineering methods for perovskite formation, compositional engineering for the utilization of FAPbI₃ photoabsorbers, and defect annihilation in both the bulk and surface regions of perovskite layers. Currently, KRICT is bridging the lab-to-fab divide by transitioning from small-area cells to large-area perovskite solar modules (PSMs) using industry-compatible processes. Recent achievements include a certified module efficiency of 20.6%, which was recorded on the NREL module chart in 2024. In this presentation, I will briefly introduce the pathway toward highly efficient perovskite solar modules with good reproducibility and long-term stability. I will present recent progress in the development of large-area perovskite solar modules. In addition, other research achievements of the team will be briefly introduced. Finally, perspectives on future research directions for large-area perovskite solar modules will be presented."
1262,INIDS1-1149,,"The development of highly conductive electrodes that can simultaneously satisfy electrical performance, mechanical compliance, and scalable manufacturing is essential for next-generation flexible and stretchable electronic systems. In this talk, I present two complementary approaches for realizing high-performance printed electrodes based on copper (Cu) particles and silver (Ag) flakes. Oxide-free Cu particulate films were rapidly sintered in ambient air using high-intensity photonic irradiation, enabling efficient particle coalescence without conventional thermal processing. The effects of photon energy on the chemical structure and microstructural evolution of the Cu films were systematically investigated. In addition, Ag flake-based composite electrodes were developed by incorporating conductive Ag flakes into an elastomeric polymer, forming stable conductive networks that maintained electrical performance under repeated mechanical deformation. The integration of photonic-sintered Cu electrodes and stretchable Ag composite conductors offers a scalable and cost-effective platform for flexible and stretchable electronics, with promising applications in wearable devices, soft robotics, electronic skin, flexible sensors, and printed electronic systems."
1410,INIDS1-1278,,"Programmable, stimuli-responsive materials are of significant interest for soft robotics, adaptive electronics, and wearable or implantable biomedical devices as promising alternatives to conventional rigid mechanical and electronic systems. Among them, liquid crystal elastomers (LCEs) offer unique advantages by converting external stimuli into large, reversible, and programmable deformations through the coupling of molecular anisotropy and rubber elasticity. This presentation highlights our recent advances in functional LCE materials, spanning molecular patterning, semicrystalline network engineering, composite architectures, and intelligent device integration. Programming molecular order, network architecture, and macroscopic geometry in LCEs enables electrically driven fibers for reconfigurable artificial muscles and photochemically driven springs for underwater robotic actuators. Collectively, these advances illustrate how molecular order programming, anisotropic network design, and advanced processing strategies can be integrated to expand the role of functional stimuli-responsive polymeric materials in next-generation intelligent robotics, adaptive electronics, and sustainable technologies."
1459,INIDS1-1327,"Ju Hyeon Kim (Korea Research Institute of Chemical Technology), Jong Min Kim (Korea Research Institute of Chemical Technology), In Joon Park (Korea Research Institute of Chemical Technology), Ji Hoon Baik (Korea Research Institute of Chemical Technology), Myung Seok Oh (Korea Research Institute of Chemical Technology), Sang Goo Lee (Korea Research Institute of Chemical Technology), Myoung Sook Lee (Korea Research Institute of Chemical Technology), Bong Jun Chang (Korea Research Institute of Chemical Technology), Tae Gyu Hwang (Korea Research Institute of Chemical Technology)","Fluorochemical materials have played a critical role in the advancement of modern industries owing to their exceptional thermal stability, chemical resistance, electrical properties, and surface characteristics. Over the past three decades, the Korea Research Institute of Chemical Technology (KRICT) has continuously developed fluorine-related technologies, ranging from fundamental synthesis and process chemistry to advanced materials and industrial applications. These efforts have contributed to the localization of key fluorochemical technologies and the development of high-performance materials for the semiconductor, display, energy, environmental, and mobility industries. Today, fluorine chemistry is facing a major transition. Growing concerns regarding the environmental persistence and potential health effects of per- and polyfluoroalkyl substances (PFAS) are accelerating regulatory changes worldwide. However, PFAS should not be regarded as being synonymous with all fluorochemical materials. The unique properties arising from fluorine atoms remain essential for many applications in which safety, durability, energy efficiency, and extreme-environment performance are required. This transition therefore presents not only a regulatory challenge but also an opportunity to expand the boundaries of fluorine science. Future innovation should focus on the molecular design of safer and more sustainable fluorochemicals, low-global-warming-potential gases, PFAS-free or reduced-PFAS materials, closed-loop recycling, decomposition and mineralization technologies, and data-driven platforms for predicting environmental and toxicological properties. By integrating accumulated experience with digital technologies, process innovation, and life-cycle-based material design, fluorine chemistry can evolve into a key enabling technology for green and carbon-neutral industries. This presentation reviews KRICT’s 30-year journey in fluorochemical research and discusses strategic directions for the next generation of sustainable fluorochemical materials."
1609,INIDS1-1472,,"Lithium metal batteries (LMBs) offer exceptional theoretical capacity, but their practical application is limited by severe interfacial instability and dendritic growth during continuous cycling. A functional protective layer must possess both mechanical stiffness and ionic conductivity to address these structural degradation issues. In this work, we present a polymer design approach utilizing a semi-interpenetrating polymer network (semi-IPN) to stabilize the lithium metal surface. The hybrid protective layer is fabricated via a scalable transfer-printing process, which effectively prevents direct solvent exposure to the highly reactive lithium anode. The hybrid matrix consists of a cross-linked polymer network that ensures mechanical integrity, combined with a plasticizing component to facilitate continuous Li-ion transport. To further reinforce the structural framework, ion-conducting ceramic fillers are embedded within the polymer matrix. This tailored polymer-inorganic network remains morphologically stable in liquid electrolytes without exhibiting swelling or delamination. Consequently, the composite structure physically restricts dendrite propagation and minimizes parasitic reactions, promoting the formation of a robust solid-electrolyte interface (SEI). Electrochemical evaluations confirm that the semi-IPN hybrid layer effectively stabilizes the lithium surface under cycling conditions. The modified cells exhibit prolonged cycle life and high capacity retention, even in practical full-cell configurations and large-area pouch cells with high areal loading. These results demonstrate that optimizing the mechanical and transport properties through structural polymer design is a practical strategy for achieving interfacial stability in lithium metal batteries."
1694,INIDS2-1555,,"Tissue expansion is traditionally achieved by injecting saline into an implanted silicone balloon via external tubing, which causes patient discomfort. Hydrogels eliminate the need for tubing due to their self-swelling properties, but they fail to prevent suture wound dehiscence due to immediate swelling after implantation. Here, we introduce a concept of ‘extended swelling’ in an interpenetrating hydrogel network to avoid dehiscence. The hydrogel consists of enzymatically degradable hyaluronic acid (HA) networks and non-degradable polyacrylic acid (PAAc) networks. The gel remains structurally intact until suture wound healing after implantation by the constraint of the HA networks on the PAAc networks. Upon hyaluronidase (HYAL) injection, the HA networks degrade, initiating the extended swelling after which enzymatic degradation controls its onset and rate. Furthermore, we employed the generalized ideal elastomeric gel model to understand the extended swelling process. T he model predicts the maximum extended equilibrium swelling ratio in vivo, confirming the hydrogel's ability to generate sufficient pressure while preventing overexpansion beyond the tissue rupture threshold. The theoretical framework aligns with experimental observations, demonstrating that the tissue expansion is induced by yes1-associated protein (YAP1) -mediated epidermal proliferation. This approach establish es its potential as a next-generation tissue expander for clinica l applications."
1750,INIDS2-1585,,"In cosmetics, establishing a reliable skin screening platform is essential for evaluating skin permeability and elucidating transdermal delivery mechanisms. Although excised human skin remains the gold standard, its practical application is severely constrained by ethical issues, limited availability, and high costs. Meanwhile, existing synthetic membranes often fail to replicate the complex nanoscale lipid packing structures of native skin. To address these challenges, we developed a stratum corneum (SC) lipid membrane model which reproduces human barrier properties while offering a cost-effective, high-throughput tool for mechanistic studies of skin penetration enhancers. Through a deposition and annealing process of ceramides, free fatty acids, cholesterol, and cholesterol sulfate onto porous substrates, this platform enabled precise control over lipid packing structures. As confirmed by ATR-FTIR and wide-angle X-ray scattering (WAXS), varying the fatty acid chain length successfully generated either an orthorhombic (OR) structure corresponding to healthy skin or a hexagonal (HEX) structure mimicking impaired barriers. Furthermore, Franz diffusion studies showed that the model exhibits high quantitative correlations with excised human SC permeation parameters ( i.e. , permeability coefficient and lag time). Most importantly, post-permeation analyses of liposomal active delivery demonstrated an enhanced lipid orthorhombicity, providing key physical evidence for a vesicle-lipid fusion mechanism driven by cholesterol integration. Overall, this platform offers insights into liposome-skin interactions and supports the rational design of advanced transdermal formulations."
1752,INIDS2-1587,"Minjoo Noh (COSMAX), Seongwon Park (Dankook University), Jihui Jang (Cosmax)","In this study, piezoelectric liquid-crystalline (LC) emulsions were developed using ceramide as an organic piezoelectric enhancer. Ceramide and fatty alcohols were co-assembled in water to form stable multilayer LC structures, and their structural, rheological, and piezoelectric properties were investigated. Fatty alcohols promoted the formation of multilayer LC architectures, providing a structural framework for ceramide incorporation. At a fixed fatty alcohol content of 4 wt%, the piezoelectric response increased with ceramide concentration up to 3 wt%, whereas excessive ceramide caused aggregation. At a fixed ceramide content of 3 wt%, increasing the fatty alcohol content improved both the cream-like rheological properties and piezoelectric output by stabilizing ceramide within the multilayer structure. The enhanced piezoelectricity was attributed to the high dipole moment of ceramide and collective dipole organization within the deformable LC architecture. The optimized formulation also improved dermal density and skin elasticity in a clinical evaluation. These results demonstrate the potential of ceramide-based piezoelectric LC emulsions as self-powered materials for skin-functional cosmetic applications."
1756,INIDS2-1589,,"Thiols in keratin are often over-oxidized into negatively charged sulfonates, significantly weakening the structural integrity of hair fibers. Although materials with multiple positive charges can form molecular bridges between these sulfonate groups to reinforce damaged hair, their strong electrostatic binding to the negatively charged surface of the hair shaft severely limits deep interior penetration. To overcome this limitation, we applied the charge-conversion chemistry of β -carboxylic acid amides to deliver hair-rebonding agents deep into the hair shaft. These chemical moieties remain negatively charged at neutral pH but convert to cationic forms under mild acidification. Specifically, we synthesized various β -carboxylic acid amide derivatives of O,O'-bis(3-aminopropyl)diethylene glycol (BADG)—a representative hair-rebonding compound—with tunable negative charge density, hydrophobicity, and pH-responsive degradability. These engineered derivatives successfully penetrated deep into the hair shafts and facilitated re-bonding between sulfonate groups. Consequently, the treatment effectively restored the surface morphology and significantly enhanced the tensile strength of damaged hair fibers. Overall, these findings highlight charge-conversion chemistry as a promising strategy for delivering cationic bioactive agents into the deep interior of damaged hair."
1767,INIDS2-1596,"Jeonga Kim (KAIST), William A. Goddard III (California Institute of Technology)","The skin barrier function is governed by the extracellular lipid matrix of the stratum corneum (SC), which prevents transepidermal water loss and the penetration of exogenous substances. Ceramides are the major structural components of this lipid matrix, yet the distinct roles of individual ceramide subclasses, the importance of their physiological composition, and the impact of ceramide deficiency on barrier function remain incompletely understood. Here, molecular dynamics simulations are used to investigate how the major non-hydroxy ceramides (CERNP, CERNS, and CERNDS), their relative composition, and overall ceramide content influence lipid packing and the barrier properties of SC lipid membranes. Physiological, single-ceramide, compositional imbalance, and ceramide-deficient models are systematically compared to characterize the structural contribution of each ceramide species and the effects of altered ceramide composition. The results show that CERNP enhances hydrogen-bond formation, CERNS promotes membrane flexibility, and CERNDS promotes dense lipid packing, demonstrating the complementary structural roles of the three ceramide species. The physiological composition integrates these complementary properties to produce the most balanced and spatially consistent skin barrier among the tested models. In contrast, ceramide imbalance or depletion shifted lipid packing and intermolecular interactions away from the coordinated properties observed in the physiological model. These findings demonstrate that maintaining both the physiological composition and adequate ceramide content is essential for an effective skin barrier and provide molecular-level insight into the complementary roles of major ceramide species in the SC."
1739,INIDS2-1598,,"In advanced cosmetic science, understanding the fundamental physical and chemical mechanisms behind formulations is essential for enhancing product efficacy. For novel soft materials such as hydrogels and complex delivery systems, macroscopic evaluation alone cannot fully explain the dynamic physical phenomena governing their behavior upon application. In this presentation, I will demonstrate how liquid-phase atomic force microscopy (AFM) serves as a pivotal analytical tool to bridge this gap by probing material dynamics in physiologically and environmentally relevant hydrated states. The talk will begin with an overview of mapping local mechanical properties and interfacial phenomena using advanced AFM techniques. I will then delve into specific case studies utilizing liquid-phase AFM to monitor dynamic hydration behaviors in situ. Specifically, I will propose analytical strategies for quantifying real-time hydrogel swelling, nanoscale surface reconstruction, local stiffness variations, and energy dissipation. By revealing these nanoscale physical phenomena, this presentation aims to provide actionable insights into material stability and interactions, stimulating further innovations in the design of structurally optimized soft materials for the cosmetic industry."
1771,INIDS2-1600,,"As hair dyeing gains popularity across all age groups, concerns about the potential damage caused by chemical treatments are also on the rise. Chemical dyes have a multifaceted impact on hair fibers, affecting their morphology, physical structure, and protein composition. In a comprehensive study, we investigated the alterations in morphological and mechanical properties, as well as the chemical composition of hair fibers following continuous dyeing. Our analysis employed various techniques, including atomic force microscopy (AFM), Fourier transform infrared (FT-IR) spectroscopy, and tensile strength measurements. To assess the cumulative damage resulting from repeated dyeing, we progressively increased the number of dyeing up to 10. Surprisingly, even a single dyeing session inflicted noticeable harm on the hair. However, the detrimental effects escalated significantly when hair underwent three or more consecutive dye treatments. While the mechanical properties and protein composition exhibited non-linear changes with increasing the number of dyeing, we observed that nanoscale damage to the cuticle surface intensified proportionally with the number of dyeing. These results highlight the critical need to consider the impacts of hair dyeing practices on both the health and the structural integrity of hair."
1779,INIDS2-1607,,"Hyaluronic acid (HA) is a key active which plays the role of humectant in personal care products. However, the relationship between its molecular weight (MW) and skin penetration which relates to moisturizing and skin recovery effects remains a controversial issue. Thus, this study aims to resolve these discrepancies by evaluating the penetration efficiency and regenerative potential of liposomes encapsulated with varying MWs of HA. Liposomes were formulated with high-MW HA – HHA, medium-MW HA – MHA, low-MW HA – LHA) using sonication method, which resulted in a combined unilamelar and multilamellar structure with a good colloidal stability. By size exclusion chromatography, the encapsulation efficiency was confirmed to be higher than 50% for all three MW ranges of HA. The biological effects investigated in vitro with monolayer of keratinocytes and fibroblasts indicated that HHA-loaded liposomes induced the highest cell migration, and significant upregulation of structural biomarkers, including collagen and keratin, compared to the other MWs. Contrary to conventional assumptions that smaller molecules could penetrate better, HHA-loaded liposomes exhibited notably superior penetration through 3D reconstituted human epidermal (RHE) models compared to MHA- and LHA-loaded liposomes. This effective transdermal delivery greatly supported the recovery efficacy of photodamaged 3D RHE tissues, expressed by the markedly elevated expression of structural biomarkers, while productively suppressed pro-inflammatory mediators such as interleukin, COX-2, MMP and TNF- α . Our findings evidence the effectiveness of liposomal cargo in the enhancement of transdermal delivery, and HHA-loaded liposomes exhibited the deepest epidermal penetration among other ranges. Moreover, considering dual actions in structural restoration and inflammation modulation, HHA-loaded liposomes represent a potent candidate for advanced cosmetic formulations targeting photoprotective effects."
1782,INIDS2-1610,"Da Gyeom Chang (POSTECH), Jong-Hoon Kim (POSTECH)","The efficacy of mineral sunscreens is largely determined by how well titania (TiO ₂ ) particles are dispersed. When these particles aggregate, they cause an undesirable white cast and reduce the film's protective coverage. To understand this submicron-scale instability, we investigated the 12-week kinetic stability of titania suspensions with three different surface modifications: unmodified (T-OH), stearic acid-modified (T-S), and stearic/palmitic acid co-modified (T-SP). We utilized a combined analytical approach using oscillatory rheology for macroscopic network structure and in-line holographic microscopy for the size, refractive index, and porosity of individual aggregates. Surprisingly, the T-SP sample, which exhibited the most robust colloidal stability, yielded the lowest Sun Protection Factor (SPF). We reveal that this is due to a limitation in standard testing protocols, where large aggregates artificially inflate SPF via multiple-scattering artifacts. Our findings emphasize that high-performance sunscreen design must prioritize true dispersion uniformity over artifactual SPF gains, and we provide a comprehensive multiscale framework to evaluate this formulation stability."
1784,INIDS2-1612,,"Light has been extensively investigated for therapeutic applications for decades. Recently, light-mediated skin regeneration based on photochemical tissue bonding and photobiomodulation has attracted attention in the cosmetics field. However, the efficient delivery of light into skin tissues remains a challenge due to poor penetration into deep tissues and strong scattering within the skin layers. Here, we present advanced photonic nanomaterials designed for effective light-mediated skin regeneration. First, we introduce near-infrared-emissive polymersomes based on bioluminescence resonance energy transfer (BRET), which stimulate cell migration and collagen production via photobiomodulation. Next, we report a stretchable patch embedded with afterglow luminescent nanoparticles for both photobiomodulation and photochemical tissue bonding. These optical technologies have demonstrated great potential from in vitro studies to clinical settings, promising active and versatile applications in the cosmetic field."
1793,INIDS2-1620,,"Transdermal delivery offers a patient-friendly route that bypasses hepatic first-pass metabolism, yet the low permeability of the stratum corneum and the poor loading of hydrophobic actives remain major obstacles. Alcohol solvents are effective permeation enhancers and solubilizers, but their high volatility and skin irritation limit direct application. Here, we present a microencapsulation strategy that confines alcohol solvents together with high-content actives within uniform core–shell microcapsules, enabling stable storage and controlled transdermal release. Using a microfluidic emulsification platform, monodisperse droplets were generated and subsequently solidified into robust polymeric shells, precisely tuning capsule size and payload. The encapsulation suppressed premature solvent evaporation while preserving the actives at high loading, and the confined alcohol acted as an in-situ enhancer that transiently increased skin permeability upon application. In vitro release and skin-permeation studies demonstrated that the microcapsules markedly enhanced the transdermal flux of the encapsulated actives compared with free formulations, while reducing irritation associated with bulk alcohol. These results establish a versatile, scalable microencapsulation platform that reconciles high active loading, solvent stability, and efficient skin penetration, offering promising applications in transdermal drug delivery, cosmetics, and functional skincare products."
1869,INIDS2-1661,,"Exosomes have emerged as promising cosmetic soft materials, but their industrial viability depends on three manufacturing and engineering requirements: scalable sourcing, processing/storage stability, and demonstrated skin and hair efficacy. In this talk, I present bovine milk-derived exosomes as a scalable natural nanomaterial that addresses these criteria. Milk is an abundant agricultural material supported by an established supply chain and a history of human consumption, thus provides a scalable alternative to exosomes produced by mammalian cell culture. These isolated vesicles target key pathways of skin aging and pigmentation. In keratinocytes, they suppress ultraviolet-induced reactive oxygen species; in melanocytes, they regulate melanin synthesis to limit hyperpigmentation; and in dermal fibroblasts, they upregulate collagen production while inhibiting matrix metalloproteinases. This combines the functions of multiple conventional actives into a single ingredient. In addition, these vesicles stimulate dermal papilla cells to promote the telogen-to-anagen hair cycle transition. In murine models, they induce hair regrowth comparable to minoxidil without causing cutaneous irritation. Crucially for cosmetic formulation, biological activity is preserved through lyophilization. Freeze-dried exosomes withstand ambient distribution without a cold chain and remain compatible with powder-in-ampoule and two-part formats for point-of-use reconstitution. Overall, milk-derived exosomes combine scalable sourcing, biological activity, and formulation stability. Key remaining challenges include defining standardized potency assays, establishing quality attributes, and characterizing vesicle interactions with finished cosmetic formulations."
1872,INIDS2-1662,,"This study develops a multi-modal evaluation and formulation design platform for premium lipsticks by analyzing their three-dimensional (3D) microstructure, thermal characteristics, and physical properties. Traditional evaluation methods reliance on subjective sensory testing and two-dimensional electron microscopy faces limitations, as sample preparation distorts oil-wax gel structures and fails to represent the actual 3D network. To overcome these constraints, freeze substitution techniques and Cryo-FIB-SEM serial sectioning were employed to achieve region-specific 3D microstructure visualization and structural parameter quantification such as porosity, connectivity, and oil distribution. In addition, region-specific thermal property analysis using Differential Scanning Calorimetry (DSC) was conducted to systematically investigate the phase transition behavior and structural degradation mechanisms, such as sweating phenomenon, across different zones of the lipstick formulation. Macro-scale physical properties were quantified to establish an objective sensory metric. Friction coefficients were measured across sliding speeds using tribology to quantify application smoothness, while rheological measurements evaluated lip adhesion and spreadability. Atomic Force Microscopy (AFM) was utilized to assess surface roughness, correlating with application uniformity and wrinkle coverage. By integrating microstructural parameters, thermal properties, and mechanical indicators, a digital sensory prediction model was established to optimize wax-oil composition ratios and additive combinations. This integrated analytical framework minimizes application non-uniformity and enhances structural stability, offering a scientific strategy for designing premium matte lipsticks with superior application performance."
1753,INIDS2-1671,,"Uniform deposition of inorganic UV-filter particles on the skin is critical for maximizing photoprotective performance while minimizing visible whitening. However, the skin's intrinsic microtopography hinders even coverage by trapping UV-filter particles within surface furrows, which reduces spatial uniformity and causes a white cast. Here, we present a sunscreen design strategy that addresses these wrinkle-induced limitations through dynamic homogenization driven by skin-wrinkle-induced Marangoni flow. Specifically, two solvents with different volatilities and surface tensions were combined to generate a surface-tension gradient arising from curvature-dependent differences in evaporation rate between skin ridges and furrows. This gradient induced interfacial flow that extracted UV-filter particles trapped within furrows and redistributed them more uniformly across the skin surface. Microscopic analyses using confocal and optical microscopy on skin-mimetic substrates confirmed significantly improved uniformity of particle deposition. This enhanced spatial homogeneity simultaneously led to improved UV-blocking performance and suppressed white cast. By exploiting, rather than circumventing, the wrinkle structure of skin as a functional driver of interfacial transport, this work provides a new design principle for inorganic sunscreens that integrates improved photoprotection with enhanced cosmetic acceptability."
1760,INIDS2-1672,,"Growing outdoor activity and UV awareness increase demand for effective sun protection. UV damages skin, causing sunburn, pigmentation, wrinkles, DNA damage, photoaging, and cancer. Sunscreens must be water-resistant for sweat and water activities. Traditional water-in-oil(W/O) feels heavy and hard to cleanse, while oil-in-water(O/W) washes off and redistributes filters, reducing efficacy. A new approach should form a durable film on skin and anchor UV filters. We propose a novel O/W sunscreen formulation with improved moisturizing and water resistance properties by exploiting the ion-responsive crosslinking mechanism of sodium alginate, a natural polysaccharide derived from brown algae. Stable film formation was optimized depending on calcium concentrations and the molecular weight of sodium alginate. FTIR confirms Ca 2+ -carboxylate coordination, while alginate molecular weight(MW) is critical: low-MW causes film tearing and droplet leakage, whereas high-MW yields stronger networks and superior stability. Cross-linking also reduces water evaporation via an occlusive barrier, enhancing moisturization. In real O/W sunscreen and seawater, multivalent cations drive synergistic densification, achieving high water resistance (>90%). In vivo , higher alginate content and robust film retention maintain UV filter and SPF after frictional challenge. Our findings indicate that the developed formulation maintains the favorable sensory characteristics of O/W emulsions while delivering high-performance water resistance particularly optimized for marine environments."
1751,INIDS2-1681,,"Precise control of light–matter interactions at the nanoscale is essential for advancing quantum, photonic, and energy conversion technologies. Here, we present a multiscale approach to engineering gold nanocube (AuNC) architectures as versatile building blocks for tunable nanophotonic materials. A centrifugal depletion–induced flocculation process enables exceptional purification efficiency, yielding ultrahigh recoveries of uniform nanocubes within minutes. When nanoparticle imprinting is applied using these nanocubes as building blocks, the resulting structures exhibit well-ordered AuNC lattices. Within this platform, we exploit two distinct length scales: locally, tight plasmon coupling within the interparticle gaps generates intensely confined near fields; globally, the periodic array couples this localized resonance to lattice diffraction, producing narrow, high-quality surface lattice resonances. Together, these two complementary studies expand the design space of plasmonic nanocube systems for quantitative spectroscopy, ultrasensitive sensing, and integrated nanophotonics."
1781,KEIDS2-1609,,"Interfaces dictate most biological interactions, and coatings allow us to engineer interfaces to control how surfaces interact with the world. While various coating technologies exist, metal-phenolic networks (MPNs) have unique properties including universal adherence and modularity that make them ideal for consumer products. Moreover, the natural abundance of precursors and the wide variety of metals and organic ligands that can be used to prepare MPNs, means that cost and safety can be maintained at scale. Specifically, MPNs can be deposited on any substrate or at any interface, which allows for library of elegant materials to be engineered rapidly (<10 s) and cheaply simply via mixing. Besides fundamentals into what MPNs are and the versatility they provide for making coatings, assembling hierarchical materials, and even coating organisms, this talk will also touch on recent translational efforts related to different applications in the textiles and cosmetics space. Collectively, the ease of synthesis, use of simple and safe precursors, and amenability to at-home and industrial application highlight why MPNs have immense promise for research and industry and have already found practical application in various settings."
1798,KEIDS2-1625,,"Macro- and nano-hollow spheres are vital components in modern industrial coatings, prized for their low density and light-scattering properties that deliver superior white opacity. However, tailoring their physical properties via conventional routes presents persistent manufacturing challenges. This presentation showcases an innovative Pickering emulsion templating paradigm that enables precise structural control over hollow sphere configurations. By unlocking the structural and functional versatility of these bio-friendly colloidal assemblies, we present new avenues for developing multi-scale functional ingredients. The resulting hollow architectures exhibit exceptional performance in UV attenuation and oil absorption, establishing an advanced materials blueprint for next-generation personal care and consumer products."
1776,INIDS3-1604,,"Controlling line edge roughness (LER) while pushing resolution and sensitivity in extreme ultraviolet (EUV) lithography requires molecular-level understanding of the patterning process. This presentation traces how our group's approach to this problem has evolved from mechanism-resolving molecular simulation toward data-driven materials design. While photon shot noise and acid diffusion are conventionally regarded as the dominant contributors to LER in chemically amplified resists, our coarse-grained molecular modeling indicates that the configuration and spatial arrangement of polymer chains near the interface also play a decisive role, and we will show how chain orientation and underlayer design can be exploited to suppress the resulting roughness. Extending this framework, we integrate EUV patterning with directed self-assembly (DSA) to push resolution and defect control beyond the limits of either approach alone. In parallel, we pursue data-driven materials exploration based on our previously developed HAPPY polymer representation, which we are extending toward inverse design of synthetically accessible resist monomers under data-scarce conditions."
1870,KEIDS4-1661,,"All-solid-state batteries (ASSBs) with highly conductive and mechanically sinterable sulfide solid electrolytes are widely regarded as a promising solution to key challenges associated with conventional lithium-ion batteries, including safety concerns and limited energy density. However, the intrinsically narrow electrochemical stability windows of sulfide solid electrolytes constrain their compatibility with both cathodes and anodes. In particular, their limited oxidative stability, typically ~3 V (vs. Li/Li+), necessitates extensive interfacial engineering, such as LiNbO 3 coatings, when paired with 4 V-class layered oxide cathodes. In this regard, oxidatively stable chloride and oxychloride solid electrolytes that combine high ionic conductivity with mechanical sinterability have attracted much attention as promising alternatives. Nonetheless, their intrinsic oxidative stability is generally limited to ~4.2 V (vs. Li/Li + ). Accordingly, enabling operation at even higher voltages require further advances in both materials and electrode architecture. In this presentation, we will discuss our recent progress in the development of advanced halide solid electrolytes, with particular emphasis on new fluoride solid electrolytes. The potential for integrating these materials into practically relevant pouch cells will also be demonstrated. (1) J. P. Son, et al., Nat. Energy 2025 , 10 , 1334."
1860,KEIDS4-1664,,"Energy-dense nickel (Ni)-rich layered oxide cathodes can enable lithium (Li)-ion batteries to power electric vehicles (EVs) for longer distance. Employing Ni-rich cathodes to integrate battery cells, however, faces fundamental challenges in stabilizing surface structures at high state of charge due to irreversible phase transformations and substantial crack propagation. To address this challenge, strategies such as cation doping, surface passivation, and/or transition metal composition gradient have proven effective for suppressing the surface degradation of the Ni-rich layered oxides at high voltage. To push the limit of Ni content in the layered oxide for reversible lithium intercalation, we present a reactive formation of a thin cation-disordered rocksalt oxide (DRX) layer between the interfaces of layered oxide primary particles and the surface of their secondary particles. Our materials design approach hinges on controlling spatial distribution of cations for diffusion-limited nucleation of DRX and layered oxide phases. Extensive electron microscopy investigation confirmed uniform and conformal formation of DRX phases on the Ni-rich layered oxide particles. This interface-tailored Ni-rich cathode outperforms the pristine layered oxide cathode, demonstrating much improved high-voltage stability and capacity retention. We found that the overall synthesis involving DRX phases can promote protective passivation and dense packing of the primary particles, effectively suppressing oxygen loss and crack propagation at high state of charge."
1843,INIDS4-1647,,"All-solid-state batteries with alloy anodes require solid-electrolyte separators that act not only as ion-conducting layers but also as stress-mediating media during repeated electrode volume changes. Yet the mechanics of powder-compacted sulfide separators are often inferred from bulk porosity or averaged modulus values, overlooking spatially heterogeneous pore networks and local weak mechanical domains. Here, we establish particle-size-distribution (PSD)-associated pore-network homogeneity as a design principle for mechanically reliable sulfide separators in alloy-anode all-solid-state batteries. By combining FIB-SEM pore mapping with spatially resolved nanoindentation, we show that separator mechanics should be evaluated as spatially distributed effective responses rather than averaged material properties alone. A broad-PSD separator lowers bulk porosity but retains pore-rich clusters and scattered local mechanical responses, whereas a narrower-PSD separator forms a more uniform pore network and mechanical landscape. Controlled full-cell tests show that pore-network homogeneity is associated with more stable cycling under matched anolyte conditions. Post-cycling morphology and microstructure-resolved digital-twin stress analysis further reveal that homogeneous pore networks mitigate local stress concentration, thereby suppressing separator cracking and interfacial delamination during alloy-anode cycling. These findings shift sulfide separator design beyond bulk densification and averaged mechanical properties toward spatially resolved pore-network homogeneity for mechanically durable alloy-anode all-solid-state batteries."
1838,INIDS4-1642,,"Ni-rich layered oxides Li[Ni1-x-yCoxMny]O2 with Ni above 80 mol% offer the energy density required for long-range electric vehicles and urban air mobility, but suffer an intrinsic trade-off among capacity, cycle life, and thermal stability. The abrupt H2-to-H3 transition near the end of charge imposes an anisotropic lattice contraction close to 10%, nucleating microcracks along grain boundaries; electrolyte then penetrates and converts the exposed interior into a NiO-like rock-salt phase, electrochemically insulating the particle. This talk summarizes strategies that engineer particle microstructure and crystal structure together. Controlling the chemical and hydrodynamic conditions of co-precipitation grows precursors from radially assembled nanosheets, inherited by the lithiated oxide as radially aligned rod-shaped primary particles; charge-induced strain is dissipated toward the surface and capacity retention after 1,000 cycles rises from 49% to 83%. Doping with high-valence elements (Nb, Ta, Mo) segregates Li-X-O compounds to grain boundaries and suppresses grain coarsening, preserving this texture over a far wider calcination window. A two-step route that introduces the dopant after preliminary lithiation confines Nb more sharply to grain boundaries and forms a layered/rock-salt/spinel nanocomposite whose transition is reversible; the resulting cathode sustains 1,000 cycles under an eVTOL duty profile with 6 C hover pulses. These principles extend to sulfide-based all-solid-state batteries, where fading additionally arises from interfacial side reactions, contact loss, and isolation of inner particles. Side reactions dominate at 80 mol% Ni, whereas isolation and detachment govern above 90 mol%. Combining a surface coating with radial morphology modification markedly improves the cycling stability of Ni-rich cathodes in this system, showing that surface chemistry and particle architecture must be designed together."
1845,INIDS4-1649,"Hyojoo Lee (Sungkyunkwan University), Jongjin Park (Sungkyunkwan University), Young-uk Kim (Sungkyunkwan University), Sang gyu Woo (Sungkyunkwan University), Dongho Shin (Sungkyunkwan University)","The growing concerns over global warming, increasing energy consumption, and the expanding integration of renewable energy sources have significantly increased the importance of lithium-ion batteries (LIBs) as advanced energy-storage systems. Among the key battery components, cathode materials play a particularly critical role in determining both the energy density and overall cost of LIBs, creating a strong demand for further improvements in their performance and stability. Layered oxide cathodes offer high reversible capacities through the extraction and insertion of large amounts of lithium. However, deep delithiation, particularly at high states of charge, induces substantial structural and chemical instability. Such degradation is often initiated or accelerated at the cathode surface and interface, where structural reconstruction, electrolyte decomposition, and interfacial side reactions can collectively increase resistance and promote irreversible capacity loss. In this presentation, the degradation mechanisms of layered cathode materials will be discussed with particular emphasis on the interplay between bulk structural evolution and interfacial instability. Based on these fundamental considerations, both engineering and scientific approaches for controlling cathode interfaces will be presented. Particular attention will be given to electrolyte design and functional interfacial modification strategies tailored to different operating-voltage regimes. Through these approaches, the presentation will highlight how rational control of cathode–electrolyte interfaces can mitigate structural degradation and parasitic reactions, thereby enabling more stable operation of high-energy layered cathode materials."
1861,INIDS4-1665,,"Advances in electrochemical energy storage rely on understanding and controlling the structural processes that dictate electrode performance. Neutron and X-ray diffraction provide complementary, atomic-scale insights into crystal structure, defect chemistry, ion transport pathways, and phase evolution in battery materials. When combined with high-resolution and operando methodologies, these techniques enable direct observation of structural transformations during electrochemical cycling, revealing the mechanisms underpinning capacity, stability, and degradation. This presentation will showcase how diffraction-based investigations are accelerating the development of next-generation electrode materials, for example, the high-voltage spinel cathode for lithium-ion batteries . Examples will highlight the power of integrating scattering methods with spectroscop ies to establish comprehensive structure–property relationships across multiple length and time scales. By demonstrating how advanced diffraction techniques provide the fundamental knowledge required to design and optimise energy-storage materials, this work underscores their central role in driving future battery innovation."
1871,INIDS4-1662,,"The growing demand for higher energy density and improved performance has driven the development of post lithium-ion batteries, including lithium-metal and lithium–sulfur batteries. However, their practical implementation is challenged by complex and dynamic electrochemical reactions that govern structural evolution, degradation, and overall battery performance. Understanding these reaction mechanisms is therefore essential for the rational development of advanced electrode materials. This presentation focuses on the development of new electrode materials through a mechanistic understanding of electrochemical reactions in next-generation batteries. By integrating advanced characterization techniques, including operando imaging and synchrotron X-ray analyses, the structural and chemical evolution of electrode materials is investigated under realistic operating conditions. These approaches provide insights into reaction pathways and their relationship with electrochemical performance, enabling the identification of key design principles for high-performance electrode materials for next-generation energy storage systems."
1824,INIDS4-1635,,"As promising lightweight battery, practical Li–sulfur (Li–S) cells require lean electrolyte and thin Li metal anodes (LMAs). In these cell designs, parasitic reactions between LMAs and the electrolyte induce electrolyte depletion, severely limiting the cycling lifespan of Li–S cells. Protective layers (PLs) have therefore been used as physical barriers to reduce direct electrolyte contact with LMAs. However, Li stripping during the initial discharge generates localized pits, dynamically destabilizing the PL/LMA interface. In this talk, we present a pit-responsive PL strategy that addresses pit-induced interfacial failure in practical Li–S cells. Motivated by pit-driven PL failure, a pit-adaptive dual-layer PL composed of a PEO inner layer and a PVDF-HFP outer layer was rationally designed to maintain interfacial contact while suppressing electrolyte and polysulfide penetration. Although structural optimization can improve PL adaptivity, irregular pit formation during Li stripping remains unavoidable. At high Li utilization, localized deep pits still deform and damage the PL, while repeated stripping/plating gradually embeds the PL within a pulverized Li/SEI interphase. These limitations motivate a new strategy that actively regulates Li stripping from the outset, promoting uniformly distributed shallow pits before localized damage can accumulate. Beyond pit adaptivity, a “pit-controllable” PL (PCPL) was designed by incorporating a pit-selective shielding (PSS) agent into the Li-facing inner layer. PSS-mediated Li 2 O dissolution and repassivation generate local resistance feedback at newly formed pits, suppressing persistent pit deepening and redistributing Li stripping into dispersed shallow pits. This PCPL can induce uniform stripping-to-plating behavior, preserving PL integrity and thereby enabling stable cycling of Li–S and Li–SPAN cells under practical conditions. Our results suggest that controlling pit evolution, rather than merely accommodating it, is essential for durable Li metal protection in high-energy Li–S batteries."
1874,INIDS5-1664,,"The increasing use of recycled and waste-derived materials offers an important pathway toward more sustainable pavement construction. However, the engineering performance of these materials may require modification before they can be effectively used in road applications. A series of previous studies has explored the use of polyvinyl alcohol (PVA) and natural rubber latex (NRL) as polymer modifiers for conventional and recycled materials associated with ground improvement, pavement base and subbase, asphalt concrete, and concrete pavement applications. PVA, a water-soluble polymer with strong film-forming and adhesive characteristics, has shown potential for modifying both soil-based and recycled materials. In high-calcium fly ash geopolymer-stabilized soft Bangkok clay, PVA enhanced matrix development and increased unconfined compressive strength by approximately 40% at the optimum condition. For pavement base and subbase applications, the combination of PVA and cement improved the strength and toughness of recycled concrete aggregate (RCA), with selected cement–PVA–RCA mixtures satisfying road authority strength requirements. PVA was also used in RCA concrete, where an appropriate PVA dosage improved flexural strength and enabled selected mixtures to satisfy requirements for rigid pavement applications. These studies indicate that PVA can enhance bonding and deformation characteristics in cementitious and geopolymer systems containing recycled or alternative materials. NRL, a renewable elastomeric polymer, has been investigated in a wider range of pavement materials. In cement-stabilized soils and pavement base materials, appropriate NRL contents improved tensile strength, resilient response, deformation characteristics, and fatigue resistance. In bottom ash-based geopolymer-stabilized RCA, NRL film formation contributed to improved interaction between RCA particles and the geopolymer matrix. For flexible pavement surfaces, NRL-modified asphalt mixtures showed improvements in tensile strength, resilient modulus, fatigue resistance, and rutting performance, with the response influenced by rubber content and aggregate characteristics. In concrete pavements, suitable NRL contents enhanced flexural strength and flexural fatigue resistance and improved resistance to sulfate-induced deterioration. NRL has also been incorporated with RCA, fly ash, PET, and crumb rubber, extending its application to pavement materials containing recycled and waste-derived constituents. Across these studies, the beneficial effects of PVA and NRL are associated primarily with polymer-film formation, improved particle or matrix bonding, and modification of the deformation response. Their effectiveness nevertheless depends on polymer dosage, binder system, material characteristics, and the targeted engineering property. The accumulated findings highlight the importance of material-specific and performance-based optimization of PVA and NRL in developing sustainable pavement materials that incorporate both conventional and recycled resources."
1880,INIDS5-1666,,"Organic electrochemical transistors (OECTs) based on organic mixed ionic-electronic conductors (OMIECs) are attracting growing interest for bioelectronics and neuromorphic computing because of their low-voltage operation, high transconductance, and coupling between ionic and electronic transport. In this talk, I will discuss two fundamental questions that challenge conventional descriptors used for evaluating OECT materials and devices. First, I will revisit whether volumetric capacitance (C*) truly represents the doping capacity of OMIECs. Conventional models assume that all injected ions generate electronic charge carriers, whereas non-Faradaic processes and inefficient ion–backbone coupling can make this assumption invalid. We therefore introduce doping efficiency (η) and effective volumetric capacitance (C eff = C η) as descriptors of the true electrochemically generated carrier density. Using a side-chain-cleavable polymer, we show that reducing steric and electrostatic interference improves ion–backbone accessibility, drives η toward unity, and simultaneously enhances charge mobility, thereby overcoming the conventional mobility–capacitance trade-off. Second, I will examine whether the widely used memory window provides an intrinsic measure of ion trapping in neuromorphic OECTs. Because memory window strongly depends on sweep range and scan rate, we propose trap efficiency (ηtrap), defined by the fraction of injected ions retained in the channel, as a measurement-condition-independent descriptor. Validation across operating conditions and polymer–electrolyte systems shows that ηtrap enables quantitative comparison of ion trapping and provides a framework for correlating ion retention with neuromorphic characteristics. Together, these results highlight the importance of replacing phenomenological device metrics with physically grounded descriptors for the rational design of high-performance OMIECs and neuromorphic OECTs."
1877,INIDS5-1677,,"The sulfonyl fluoride motif is a key building block for sulfur(VI) fluoride exchange (SuFEx) chemistry. However, efficient access to structurally diverse SuFEx hubs remains challenging. We previously developed a ppm-level phosphazene superbase catalyzed thia-Michael addition under “on-water” conditions, enabling the rapid and highly selective synthesis of β-sulfido sulfonyl fluorides. This methodology provides a broad range of alkyl SuFEx hubs bearing organosulfur functionalities. Based on such platform, the resulting hubs were employed as key intermediates in SuFEx conjugation reactions to prepare sulfonate ester-containing monomers. Subsequent palladium-catalyzed Sonogashira polymerization with pentiptycene-based acetylenes afforded a new series of conjugated polymers, designated the SP series. The incorporation of pentiptycene architectures and sulfide- and sulfonate ester-containing side chains markedly enhances fluorescence quenching by nitroaromatic explosives. In particular, the optimized SP-7 polymer exhibits exceptional sensitivity toward 2,4-dinitrotoluene (DNT) and 2,4,6-trinitrotoluene (TNT), achieving >99% fluorescence quenching within a few seconds and substantially outperforming conventional conjugated-polymer sensors. Time-resolved photoluminescence and transient absorption spectroscopic studies reveal efficient electron-transfer-mediated sensing involving both static and dynamic quenching pathways. Furthermore, a simple TLC-spotting assay enables the rapid (<30 s) and selective detection of nitroaromatic explosives under UV irradiation. These results establish SuFEx-derived SP polymers as a versatile molecular platform for high-performance fluorescence sensing and practical explosives detection."
1887,INIDS5-1670,,"Charge transport plays a fundamental role in a wide range of advanced electronic materials, governing their efficiency and functionality. From energy storage and conversion to biological processes, charge carriers—ions, protons, and electrons—move through complex environments where their transport properties are dictated by molecular interactions, structural heterogeneity, and quantum effects. In this talk, I will present our efforts to model charge transport across diverse systems using advanced computational techniques, bridging classical and quantum descriptions to capture the underlying mechanisms. Particularly, I will focus the discussion on the development of novel computational approach that enables simultaneous modeling of photoinduced electronic states and large scale structural/morphological response of organic electronics, which includes ion exchange membranes, photovoltaic/photocatalytic conjugated polymers and organic electrochemical transistors . Building on these studies, I will briefly introduce our ongoing reactive molecular dynamics simulations aimed at describing dynamically forming polymer networks, where bond formation, crosslinking heterogeneity, loops, and network defects evolve together with ion coordination and mobility. By connecting ion solvation, collective transport, and network formation within a common molecular simulation framework, these studies provide design principles for next-generation polymer electrolytes and ion-conducting covalent networks."
1883,INIDS5-1668,,"Extreme fast charging of lithium-ion batteries requires simultaneous improvements in ionic transport, electronic conduction, interfacial stability, and thermal safety. This lecture presents two complementary research routes for engineering functional battery materials. The first route focuses on polymer-based components, including poly(vinylidene fluoride)-based electrolyte membranes modified with nanoclay, ZnO, SiO₂, and polymer additives, as well as electrospun nanofiber separators designed to improve electrolyte uptake, ionic conductivity, porosity, and thermal stability. The second route addresses electronic-transport limitations through the incorporation of low-loading, flash-synthesized graphene-like carbon into nickel-rich layered-oxide electrodes. The resulting conductive carbon network reduces electrode polarization and promotes more homogeneous electrochemical reactions during high-rate charging without substantially increasing the inactive material content. Although developed as distinct material systems, these two approaches address interconnected limitations governing fast-charging performance: ion transport through electrolyte and separator components, and electron transport within composite electrodes. Together, the findings provide a broader materials-engineering framework for developing safer, more durable, and extreme-fast-charging lithium-ion batteries for electric mobility and high-power energy-storage applications."
1876,INIDS5-1676,,"Cyclic polymers are gaining interest as novel materials with distinct properties compared to linear polymers. Industrial-scale control of their molecular weight and dispersion poses challenges. Cyclic (alkyl)(amino)carbene (cAAC) ligands are promising catalysts for olefin metathesis, and we present a successful cAAC-based ring-expansion metathesis polymerization (REMP) catalyst. A notable feature is its effortless optimization of the polymerization by adjusting the alkyl chain length. Moreover, it remains stable in ambient air, facilitating easy handling during polymerization. 1. Yang, Y.; Jang, M.; Kang, H.; Choe, S.; Lee, E.; Choi, T.-L. Angew. Chem. Int. Ed. 2025 , 64 , e202425648. 2. Jang, M.; Jung, E.; Yang, Y.; Noh, J.; Song, H.; Kim, H.; Kang, H.; Choe, S.; Choi, T.-L.; Lee, E. J. Am. Chem. Soc. 2025 , 147 , 2571."
1889,INIDS5-1672,,"Metal-halide perovskites are a highly promising material for next-generation optoelectronic devices such as light-emitting diodes (LEDs) and solar cells. Although device performance has improved significantly, internal defects remain a critical challenge for practical application. Defects in perovskites quench charge carriers via non-radiative recombination, degrading optoelectronic performance. In addition, defect migration gives rise to peculiar electronic and optical behavior of devices such as current-voltage hysteresis and luminance overshooting, which severely impact device stability. To address these challenges, various defect passivation strategies have been proposed. In this talk, we discuss approaches for defect passivation in metal-halide perovskites, involving organic chemical reagents and low-dimensional perovskites, as well as the incorporation of perovskite polytypes such as a corner-sharing 6H phase to achieve coherent intervention at the halide position, effectively screening halide defect formation. Our results demonstrate that these defect engineering strategies enhance both the optoelectronic characteristics and the stability of LEDs and solar cells. Furthermore, we highlight the detrimental impact of shallow-level defects, particularly the iodide vacancy (VI+), which has conventionally been regarded as benign. Our findings pave the way for the employment of perovskite polytypes to achieve high-performing perovskite optoelectronic devices, while also elucidating the necessity of engineering shallow-level defects. Acknowledgement: This work was supported by the National Research Foundation of Korea (NRF) grants funded by the Korea government (MSIT) (RS-2024-00342991 and RS-2024-00437887), by the Korea Basic Science Institute (National Research Facilities and Equipment Center) grant funded by the Ministry of Science and ICT (RS-2026-25500164), and by the Korea Toray Science Foundation."
1878,INIDS5-1678,,"Polymer binders have long been treated as passive, inert adhesives, a minor electrode component whose only task is to hold active particles together. This talk argues for a fundamental reframing: in advanced batteries, the binder is not an adhesive but an architect that actively governs how an electrode is built, stabilized, and even recovered. Drawing on a series of molecularly engineered binder systems, this presentation will show how rational design of polymer chemistry and network architecture transforms the binder into a multifunctional design lever. Beyond adhesion, engineered binders construct and regulate the electrode–electrolyte interface, integrate particles into mechanically resilient and densely packed architectures, and build continuous pathways for fast ion transport. Dynamic and reconfigurable networks further endow electrodes with self-healing capability and, through reversible bonding, enable closed-loop recyclability for sustainable cell design. Crucially, these principles are chemistry-agnostic: the same architectural strategies extend across high-capacity anodes, anion-storage electrodes, and quasi-solid-state systems. By positioning the binder as the organizing framework of the electrode rather than mere glue, this outlines a unifying route toward high-energy-density, durable, and sustainable next-generation batteries."
1875,INIDS5-1675,,"The helix is a prevalent structural motif in nature, especially among biological polymers that perform sophisticated functions. In polymer and supramolecular chemistry, controlling helicity and its handedness is an attractive challenge due to its potential applications in chiral materials. Previously, we reported a series of unique macromolecules that fold into either a right- or left-handed helical conformation via noncovalent interactions. These macromolecules exhibit dynamic or static memory of the induced helicity [1, 2]. In this study, we present the synthesis and applications of poly(biphenylylacetylene)s ( PBPA ) with static helicity memory. These polymers function as switchable chiral materials for enantiomer separation, serving as chiral stationary phases (CSPs) in high-performance liquid chromatography (HPLC), as well as for chiral sensing and asymmetric catalysis [3]. Additionally, I will discuss a recently discovered ""self-learning enantioseparation"" system based on ultrafast helix induction and its subsequent static memory [4]. References [1] Yashima E.; Ikai T.; Maeda K. et al., Chem. Rev. 2016 , 116 , 13752-13990. [2] Maeda K.; Yashima E. et al., J. Am. Chem. Soc. 2020 , 142 , 7668-7682; Sci. Adv. 2021 , 7 , eabg5381. [3] Ikai T.; Yashima E. et al., Angew. Chem., Int. Ed. 2024 , 63 , e202412752; Angew. Chem., Int. Ed. 2024 , 63 , e202318712. Maeda K.; Yashima E. et al., Angew. Chem., Int. Ed. 2023 , 62 , e202217020. Ikai T.; Yashima E. et al., Angew. Chem., Int. Ed. 2023 , 62 , e202301127. Ikai T.; Yashima E. et al., Angew. Chem., Int. Ed. 2023 , 62 , e202306252. Ikai T.; Yashima E. et al., J. Am. Chem. Soc. 2023 , 145 , 24862- 24876. [4] Ikai T.; Yashima E. et al., J. Am. Chem. Soc. 2026, 145, 16776–16787."
