session,idx,pid,type,title,presenter,affiliation,date,start,end,room,chair,url
PL,34,1597,Plenary,Supramolecular Polymerization for a Sustainable Future,Takuzo Aida,RIKEN and The University of Tokyo,2026-09-29,10:00,10:40,Room 205 (Summit Hall),,https://polymer.or.kr/conferenceintl/default/program/presentation_detail.php?pid=1597
PL,34,1854,Plenary,Conjugated Polyelectrolytes for Emerging Technologies,Thuc-Quyen Nguyen,University of California Santa Barbara,2026-09-29,14:00,14:40,Room 205 (Summit Hall),,https://polymer.or.kr/conferenceintl/default/program/presentation_detail.php?pid=1854
PL,34,1383,Plenary,Depolymerization for Recyclable Polymers,Xi Zhang,Tsinghua University,2026-09-30,09:30,10:10,Room 205 (Summit Hall),,https://polymer.or.kr/conferenceintl/default/program/presentation_detail.php?pid=1383
PL,34,1804,Plenary,Accelerating the Battery Revolution with Next-Generation Polymeric Materials,Yong Lak  JOO,Samsung SDI,2026-09-30,14:00,14:40,Room 205 (Summit Hall),,https://polymer.or.kr/conferenceintl/default/program/presentation_detail.php?pid=1804
PL,34,1866,Plenary,Polymer Chemistry in Living Cells: From Molecular Design to Cellular Control,Tanja Weil,Max Planck Institute for Polymer Research,2026-10-01,09:30,10:10,Room 205 (Summit Hall),,https://polymer.or.kr/conferenceintl/default/program/presentation_detail.php?pid=1866
S1,1,223,Keynote,Ultrasmall tadpole-shaped nanoparticles for drug delivery,Martina Stenzel,University of New South Wales,2026-09-29,10:50,11:15,Room 101,Cheoljae KIM,https://polymer.or.kr/conferenceintl/default/program/presentation_detail.php?pid=223
S1,1,1633,Invited,Chromatographic Separation of Living Chains in Reversible-Deactivation Radical Polymerization: From Polystyrene Homopolymers to Acrylate Block Copolymers,Hyun-jong Paik,Pusan National University,2026-09-29,11:15,11:40,Room 101,Cheoljae KIM,https://polymer.or.kr/conferenceintl/default/program/presentation_detail.php?pid=1633
S1,1,1719,Keynote,Solid Polymer Electrolytes for Lithium Metal Battery,Didier Gigmes,Aix-Marseille University - CNRS,2026-09-29,11:40,12:05,Room 101,Cheoljae KIM,https://polymer.or.kr/conferenceintl/default/program/presentation_detail.php?pid=1719
S1,1,451,Invited,Expanding Soft-Segment Chemistry in Thermoplastic Polyurethane Elastomers Using Telechelic Polyacrylates,Min Sang Kwon,Seoul National University,2026-09-29,12:05,12:20,Room 101,Cheoljae KIM,https://polymer.or.kr/conferenceintl/default/program/presentation_detail.php?pid=451
S1,1,1263,Invited,Mechanochemical Polymerization Not Limited By Miscibility,Jeung Gon Kim,Hanyang University,2026-09-29,14:50,15:15,Room 101,Min Sang KWON,https://polymer.or.kr/conferenceintl/default/program/presentation_detail.php?pid=1263
S1,1,1170,Invited,User-Friendly Ionic Polymerizations,Brett Fors,Cornell University,2026-09-29,15:15,15:40,Room 101,Min Sang KWON,https://polymer.or.kr/conferenceintl/default/program/presentation_detail.php?pid=1170
S1,1,162,Invited,Reimagining Plastic Optics with Sulfur-derived Plastic Glass,Jeffrey Pyun,University of Arizona,2026-09-29,15:40,16:05,Room 101,Min Sang KWON,https://polymer.or.kr/conferenceintl/default/program/presentation_detail.php?pid=162
S1,1,283,Oral,Anionic Ring-Opening Polymerization of Oxindole Derivatives with a Cyclopropane Ring,Chihiro Homma,Institute of Science Tokyo,2026-09-29,16:15,16:30,Room 101,Min Sang KWON,https://polymer.or.kr/conferenceintl/default/program/presentation_detail.php?pid=283
S1,1,746,Invited,Multi-Borane Lewis Acid Catalyst for Highly Efficient Ring-Opening Polymerization of Epoxides,Zhibo Li,Qingdao University of Science and Technology,2026-09-29,16:40,17:05,Room 101,Chang-Geun CHAE,https://polymer.or.kr/conferenceintl/default/program/presentation_detail.php?pid=746
S1,1,415,Keynote,Synthesis of high-performance polymers for transparent and flexible displays: colorless poly(amide-imide)s with high glass transition temperature and low coefficient of thermal expansion,Sang Youl Kim,KAIST,2026-09-29,17:05,17:30,Room 101,Chang-Geun CHAE,https://polymer.or.kr/conferenceintl/default/program/presentation_detail.php?pid=415
S1,1,109,Oral,The Impact of Boron-Protecting Group Design on the Radical Polymerization Behaviors of Vinylboron Monomers Leading to the Tacticity-Controlled Synthesis of Poly(vinyl alcohol)s,Tsuyoshi Nishikawa,Kyoto University,2026-09-29,17:30,17:45,Room 101,Chang-Geun CHAE,https://polymer.or.kr/conferenceintl/default/program/presentation_detail.php?pid=109
S1,1,257,Oral,Compatibilization for Polyolefin Blends using Pre-Synthesized Boron-functionalized Polyolefins,Ryo Tanaka,Hiroshima University,2026-09-29,17:45,18:00,Room 101,Chang-Geun CHAE,https://polymer.or.kr/conferenceintl/default/program/presentation_detail.php?pid=257
S1,1,270,Invited,Synthesis of PS-PO-PS triblock copolymers: from a flask to commercial process,Bun Yeoul Lee,Ajou University,2026-09-30,10:20,10:45,Room 101,In-Hwan LEE,https://polymer.or.kr/conferenceintl/default/program/presentation_detail.php?pid=270
S1,1,191,Invited,Molecular design of CO2-based polymers for high-performance adhesives,Hye-Young Jang,Ajou University,2026-09-30,10:45,11:10,Room 101,In-Hwan LEE,https://polymer.or.kr/conferenceintl/default/program/presentation_detail.php?pid=191
S1,1,1712,Keynote,Dynamic crosslinking of polymers for combining environmental friendliness and high performance,Naoko Yoshie,The University of Tokyo,2026-09-30,11:10,11:35,Room 101,In-Hwan LEE,https://polymer.or.kr/conferenceintl/default/program/presentation_detail.php?pid=1712
S1,1,331,Invited,Selective Monomer Synthesis and Metathesis Polymerizations toward Functional Polymers,Cheoljae Kim,Chungbuk National University,2026-09-30,11:35,11:50,Room 101,In-Hwan LEE,https://polymer.or.kr/conferenceintl/default/program/presentation_detail.php?pid=331
S1,1,649,Invited,Sulfur-Based Polymer Synthesis for High Refractive Index Optical Materials with Low Birefringence,Jeewoo Lim,Kyung Hee University,2026-09-30,11:50,12:05,Room 101,In-Hwan LEE,https://polymer.or.kr/conferenceintl/default/program/presentation_detail.php?pid=649
S1,1,823,Invited,Tuning Crystallization Pathways via Quantitative Defect Engineering in Polymers,Sanghee Yang,Inha University,2026-09-30,12:05,12:20,Room 101,In-Hwan LEE,https://polymer.or.kr/conferenceintl/default/program/presentation_detail.php?pid=823
S1,1,1492,Keynote,Perspective on Autonomous Experiment for Polymer Synthesis from the Domain Knowledge of Polyisocyanates Obtained by Living Polymerization in the AI Era,Jae-Suk Lee,Gwangju Institute of Science and Technology (GIST),2026-09-30,14:50,15:15,Room 101,Youn Soo KIM,https://polymer.or.kr/conferenceintl/default/program/presentation_detail.php?pid=1492
S1,1,1054,Keynote,Synthesis of Sequence-Controlled Polymer via Anionic Self-Alternating Polymerization,Takashi Ishizone,Institute of Science Tokyo,2026-09-30,15:15,15:40,Room 101,Youn Soo KIM,https://polymer.or.kr/conferenceintl/default/program/presentation_detail.php?pid=1054
S1,1,457,Keynote,Reversible Deactivation Radical and Ionic Polymerization Using C-C and C-H Bonds as Dormant Species,Masami Kamigaito,Nagoya University,2026-09-30,15:40,16:05,Room 101,Youn Soo KIM,https://polymer.or.kr/conferenceintl/default/program/presentation_detail.php?pid=457
S1,1,159,Keynote,Molecular Design of Humidity-Robust Polymer Dielectrics for Ultra-Low-Loss High-Frequency Electronics,Teruaki Hayakawa,Institute of Science Tokyo,2026-10-01,10:20,10:45,Room 101,Jeewoo LIM,https://polymer.or.kr/conferenceintl/default/program/presentation_detail.php?pid=159
S1,1,129,Invited,Nanoscale Polymer Discs: Synthesis and Drug Delivery,Markus Muellner,The University of Sydney,2026-10-01,10:45,11:10,Room 101,Jeewoo LIM,https://polymer.or.kr/conferenceintl/default/program/presentation_detail.php?pid=129
S1,1,467,Invited,Facile Construction of Metallosupramolecular Block Copolymers through Complementary Ligand Pairing,Yi Tsu Chan,National Taiwan University,2026-10-01,11:10,11:35,Room 101,Jeewoo LIM,https://polymer.or.kr/conferenceintl/default/program/presentation_detail.php?pid=467
S1,1,373,Invited,An Automated Flow Platform for the Rapid Synthesis of Degradable Copolymers,Yu-Jin Choi,Korea Research Institute of Chemical Technology,2026-10-01,11:50,12:05,Room 101,Jeewoo LIM,https://polymer.or.kr/conferenceintl/default/program/presentation_detail.php?pid=373
S1,1,259,Invited,Living Vinyl-Addition Polymerization of Norbornenes through Catalytic Environment Engineering,Chang-Geun Chae,Korea Research Institute of Chemical Technology (KRICT),2026-10-01,12:05,12:20,Room 101,Jeewoo LIM,https://polymer.or.kr/conferenceintl/default/program/presentation_detail.php?pid=259
S1,1,187,Keynote,Sustainable engineering polymers - combining bio-based resources with function integration and recycling-on-demand,Brigitte Voit,Leibniz Institute of Polymer Research Dresden,2026-10-01,14:00,14:25,Room 101,Yu-Jin CHOI,https://polymer.or.kr/conferenceintl/default/program/presentation_detail.php?pid=187
S1,1,214,Invited,Stimuli-responsive polyoxazoline-based polymers,Woo-Dong Jang,Yonsei University,2026-10-01,14:25,14:50,Room 101,Yu-Jin CHOI,https://polymer.or.kr/conferenceintl/default/program/presentation_detail.php?pid=214
S1,1,215,Invited,One-Shot Library Synthesis of Sequence-Controlled Semiconducting Polymers via Halide-Pair-Driven Multicomponent Polymerization,In-Hwan Lee,Ajou University,2026-10-01,14:50,15:15,Room 101,Yu-Jin CHOI,https://polymer.or.kr/conferenceintl/default/program/presentation_detail.php?pid=215
S1,1,1233,Invited,Ring-Opening Metathesis Polymerization: Applications in Eco-Friendly Polymers and Lithium-Chelating Resins,Byungjin Koo,Dankook University,2026-10-01,15:15,15:30,Room 101,Yu-Jin CHOI,https://polymer.or.kr/conferenceintl/default/program/presentation_detail.php?pid=1233
S1,1,394,Invited,Molecular Engineering of Organotin Oxide Clusters for High-Sensitivity EUV Photoresists,Bongjin Moon,Sogang University,2026-10-01,15:50,16:15,Room 101,Byungjin KOO,https://polymer.or.kr/conferenceintl/default/program/presentation_detail.php?pid=394
S1,1,213,Invited,Sequence-defined vinyl macromolecules via iterative additions of acrylates,Kyoung Taek Kim,Seoul National University,2026-10-01,16:15,16:40,Room 101,Byungjin KOO,https://polymer.or.kr/conferenceintl/default/program/presentation_detail.php?pid=213
S1,1,1708,Invited,"A Biomimetic Strategy for On-Demand, Solvent-Free Deconstruction of Cross-Linked Polyurethane Networks",Chiyoung Park,Daegu Gyeongbuk Institute of Science and Technology,2026-10-01,16:40,17:05,Room 101,Byungjin KOO,https://polymer.or.kr/conferenceintl/default/program/presentation_detail.php?pid=1708
S1,1,186,Invited,Development of Zwitterion-Based Functional Gels and Their Applications,Youn Soo Kim,POSTECH,2026-10-01,17:05,17:20,Room 101,Byungjin KOO,https://polymer.or.kr/conferenceintl/default/program/presentation_detail.php?pid=186
S1,1,486,Oral,Electrochemically Mediated Atom Transfer Radical Polymerization Employing Rapid Alternating Polarity,Yunyan Qiu,National University of Singapore,0000-00-00,00:00,00:00,Room 101,Jeewoo LIM,https://polymer.or.kr/conferenceintl/default/program/presentation_detail.php?pid=486
S2,2,1709,Keynote,Network Phases from Self-assembly of ABC Bottlebrush Block Terpolymers,Timothy Lodge,University of Minnesota,2026-09-29,10:50,11:15,Room 103,Moon Jeong PARK,https://polymer.or.kr/conferenceintl/default/program/presentation_detail.php?pid=1709
S2,2,476,Invited,Structural Evolution and Rheological Behavior of Catechol-Modified Hydrogels,Daewon Sohn,Hanyang University,2026-09-29,11:15,11:40,Room 103,Moon Jeong PARK,https://polymer.or.kr/conferenceintl/default/program/presentation_detail.php?pid=476
S2,2,1156,Invited,Nanoscale mechanisms of strain-induced crystallization of isoprene rubbers studied by electron diffraction mapping,Hiroshi Jinnai,Tohoku University,2026-09-29,11:40,12:05,Room 103,Moon Jeong PARK,https://polymer.or.kr/conferenceintl/default/program/presentation_detail.php?pid=1156
S2,2,108,Oral,High-Pressure Dielectric Spectroscopy as a Predictive Tool for Polymer Dynamics under Nanoscale Confinement,Kamil Kaminski,"Institute of Physics, University of Silesia in Katowice, 75 Pulku Piechoty 1A, 41-500 Chorzow, Poland",2026-09-29,12:05,12:20,Room 103,Moon Jeong PARK,https://polymer.or.kr/conferenceintl/default/program/presentation_detail.php?pid=108
S2,2,1722,Keynote,"Polymer Chemistries for Double Gyroid Morphologies – Past, Present, and Future",Karen Winey,University of Pennsylvania,2026-09-29,14:50,15:15,Room 103,Eunji LEE,https://polymer.or.kr/conferenceintl/default/program/presentation_detail.php?pid=1722
S2,2,833,Invited,Self-assembly behavior of bottlebrush block copolymers in thin film,Joona Bang,Korea University,2026-09-29,15:15,15:40,Room 103,Eunji LEE,https://polymer.or.kr/conferenceintl/default/program/presentation_detail.php?pid=833
S2,2,684,Invited,Probing Reversible Noncovalent Interactions for Multifunctional Soft Materials and Surfaces,Hongbo Zeng,University of Alberta,2026-09-29,15:40,16:05,Room 103,Eunji LEE,https://polymer.or.kr/conferenceintl/default/program/presentation_detail.php?pid=684
S2,2,279,Oral,Effect of DICY Content on the Network Structure and Mechanical Properties of Epoxy Resins,Rika Marui,Kyushu University,2026-09-29,16:15,16:30,Room 103,Eunji LEE,https://polymer.or.kr/conferenceintl/default/program/presentation_detail.php?pid=279
S2,2,157,Invited,Superhydrophobic and Water-Repellent Coatings based on Waterborne MXene Nanocomposites for Antimicrobial Applications,Spiros Anastasiadis,Foundation for Research & Technology-Hellas and Univ. of Crete,2026-09-29,16:40,17:05,Room 103,Joe PATTERSON,https://polymer.or.kr/conferenceintl/default/program/presentation_detail.php?pid=157
S2,2,1710,Invited,Molecular Mapping and Controlled Assembly of Crystallization-Driven Conjugated-Polymer Nanowires via Cryogenic and In-situ Liquid-Phase TEM,Eunji Lee,Gwangju Institute of Science and Technology,2026-09-29,17:05,17:30,Room 103,Joe PATTERSON,https://polymer.or.kr/conferenceintl/default/program/presentation_detail.php?pid=1710
S2,2,1109,Keynote,Leveraging Polymer Chemistry to Understand Electrochemical Energy Storage Properties,Emily Pentzer,Texas A&M University,2026-09-30,10:20,10:45,Room 103,Keiji TANAKA,https://polymer.or.kr/conferenceintl/default/program/presentation_detail.php?pid=1109
S2,2,1245,Oral,Innovative Synthesis of Mesoporous Metal Oxides based on Block Copolymer Self Assembly for Advanced Energy Storage Systems,jin kon kim,POSTECH,2026-09-30,10:45,11:10,Room 103,Keiji TANAKA,https://polymer.or.kr/conferenceintl/default/program/presentation_detail.php?pid=1245
S2,2,219,Invited,Polymer and biopolymer hybrid materials for organic electronics,STEPHAN ROTH,Deutsches Elektronen-Synchrotron DESY,2026-09-30,11:10,11:35,Room 103,Keiji TANAKA,https://polymer.or.kr/conferenceintl/default/program/presentation_detail.php?pid=219
S2,2,1734,Invited,Polymer Nanocomposites with Anisotropic Structures to Control Properties,Russell Composto,University of Pennsylvania,2026-09-30,11:35,12:00,Room 103,Keiji TANAKA,https://polymer.or.kr/conferenceintl/default/program/presentation_detail.php?pid=1734
S2,2,1614,Invited,Advanced Synchrotron X-ray Diffraction Characterization of Perovskite Films: From 2D Structural Mapping to Grazing-Incidence and Angle-Dependent Analyses,Tae Joo Shin,Ulsan National Institute of Science and Technology (UNIST),2026-09-30,12:00,12:25,Room 103,Keiji TANAKA,https://polymer.or.kr/conferenceintl/default/program/presentation_detail.php?pid=1614
S2,2,524,Keynote,From Chain Dynamics to Adhesion: Molecular Mechanisms of Polymer Interfaces,Keiji Tanaka,Kyushu University,2026-09-30,15:00,15:25,Room 103,Sheng LI,https://polymer.or.kr/conferenceintl/default/program/presentation_detail.php?pid=524
S2,2,287,Keynote,Giant Lamellar Structures in Block Copolymer Self-assembly for High Reflectance Bragg Reflectors,Du Yeol Ryu,Yonsei University,2026-09-30,15:25,15:50,Room 103,Sheng LI,https://polymer.or.kr/conferenceintl/default/program/presentation_detail.php?pid=287
S2,2,300,Invited,Tie Chains and Ductility in Semicrystalline Polymers,Richard Register,Princeton University,2026-09-30,15:50,16:15,Room 103,Sheng LI,https://polymer.or.kr/conferenceintl/default/program/presentation_detail.php?pid=300
S2,2,117,Invited,The evolution of infrared spectroscopies beyond the diffraction limit: unveiling material properties at the nanometer scale,Giovanni Birarda,Elettra Synchrotron Light Source,2026-09-30,16:25,16:50,Room 103,Dong Woog LEE,https://polymer.or.kr/conferenceintl/default/program/presentation_detail.php?pid=117
S2,2,173,Keynote,Polymerization-Induced Condensation,Joe Patterson,"University of California, Irvine",2026-09-30,16:50,17:15,Room 103,Dong Woog LEE,https://polymer.or.kr/conferenceintl/default/program/presentation_detail.php?pid=173
S2,2,1267,Invited,Non-Destructive Quantitative Analysis of Interfacial Nanostructures in Organic Transistors and Water Purification Membranes Using Neutron Reflectivity,Jaseung Koo,Chungnam National University,2026-09-30,17:15,17:40,Room 103,Dong Woog LEE,https://polymer.or.kr/conferenceintl/default/program/presentation_detail.php?pid=1267
S2,2,112,Keynote,Homochiral Evolution from Self-Assembly of Chiral Block Copolymers,Rong Ming Ho,National Tsing Hua University,2026-10-01,10:20,10:45,Room 103,Soo-Hyung CHOI,https://polymer.or.kr/conferenceintl/default/program/presentation_detail.php?pid=112
S2,2,453,Invited,Exploring Network Morphologies in Block Copolymers,Moon Jeong Park,Pohang University of Science and Technology,2026-10-01,10:45,11:10,Room 103,Soo-Hyung CHOI,https://polymer.or.kr/conferenceintl/default/program/presentation_detail.php?pid=453
S2,2,1050,Invited,From Nonequilibrium Polymer Assembly to Adaptive Nanomedicine: A Physical-Chemistry Perspective,Petr Stepanek,Institute of Macromolecular Chemistry,2026-10-01,11:10,11:35,Room 103,Soo-Hyung CHOI,https://polymer.or.kr/conferenceintl/default/program/presentation_detail.php?pid=1050
S2,2,1118,Invited,Direct Measurement and analysis of intermolecular forces using a Surface Forces Apparatus (SFA),DONG WOOG LEE,Ulsan National Institute of Science and Technology,2026-10-01,11:35,12:00,Room 103,Soo-Hyung CHOI,https://polymer.or.kr/conferenceintl/default/program/presentation_detail.php?pid=1118
S2,2,561,Oral,"Advanced Characterization of Photoresist Novolak Polymers via Advanced Polymer Chromatography Coupled with Multi-Angle Light Scattering, Differential Viscometry, and Refractive Index Detection",Yukyung Jung,Waters Corporation,2026-10-01,12:00,12:15,Room 103,Soo-Hyung CHOI,https://polymer.or.kr/conferenceintl/default/program/presentation_detail.php?pid=561
S2,2,1863,Invited,Accessing Honeycomb Morphology in Comb-Linear Block Copolymers via Side-Chain Density Control,Sheng Li,KAIST,2026-10-01,14:00,14:25,Room 103,TBA,https://polymer.or.kr/conferenceintl/default/program/presentation_detail.php?pid=1863
S2,2,236,Invited,Relaxation Dynamics of Complex Coacervate Core Hydrogel,Soo-Hyung Choi,Hongik University,2026-10-01,14:25,14:50,Room 103,TBA,https://polymer.or.kr/conferenceintl/default/program/presentation_detail.php?pid=236
S2,2,1796,Invited,"Autonomous SAXS Platform Integrating Robotics, Adaptive Acquisition, and Machine Vision Monitoring at the PLS-II 9A Beamline",hyungju ahn,pohang accelerator laboratory,2026-10-01,14:50,15:15,Room 103,TBA,https://polymer.or.kr/conferenceintl/default/program/presentation_detail.php?pid=1796
S2,2,489,Oral,Topological Analysis of Load Transmission in Epoxy Networks with Different Reaction Conversion,Satoru Yamamoto,Kyushu University,2026-10-01,15:15,15:30,Room 103,Hyungju AHN,https://polymer.or.kr/conferenceintl/default/program/presentation_detail.php?pid=489
S2,2,579,Oral,Visualization of Nanomechanical Properties and Nanoscale Deformation in Polymeric Materials by Atomic Force Microscopy,Xiaobin Liang,Institute of Science Tokyo,2026-10-01,15:50,16:05,Room 103,Hyungju AHN,https://polymer.or.kr/conferenceintl/default/program/presentation_detail.php?pid=579
S2,2,653,Oral,Hierarchical Functional-Group Adsorption of Polymer Chains at Solid/Liquid Interfaces,Tatsuki Abe,Kyushu University,2026-10-01,16:05,16:20,Room 103,Hyungju AHN,https://polymer.or.kr/conferenceintl/default/program/presentation_detail.php?pid=653
S2,2,1070,Oral,Elucidating the Microstructure and Dynamics of Polymer Gels via SAXS and SANS,Baohu Wu,"Forschungszentrum Jülich, JCNS-MLZ",2026-10-01,16:20,16:35,Room 103,Hyungju AHN,https://polymer.or.kr/conferenceintl/default/program/presentation_detail.php?pid=1070
S2,2,1474,Oral,Dielectric and Mechanical Relaxations in Polymer Brushes: The Role of Architecture and Pressure,Magdalena Tarnacka,"Institute of Physics, University of Silesia in Katowice",2026-10-01,16:35,16:50,Room 103,Hyungju AHN,https://polymer.or.kr/conferenceintl/default/program/presentation_detail.php?pid=1474
S3,3,1635,Keynote,Hierarchical Design of Sustainable and Long-Range Ordered 3D-Printed Materials,Cyrille Boyer,UNSW Sydney,2026-09-29,10:50,11:15,Room 104,Dong Gi SEONG,https://polymer.or.kr/conferenceintl/default/program/presentation_detail.php?pid=1635
S3,3,1704,Keynote,Dry-processed surface passivation approach using polymeric materials for highly efficient perovskite-silicon tandem solar cells,Chang Kook Hong,Chonnam National University,2026-09-29,11:15,11:40,Room 104,Dong Gi SEONG,https://polymer.or.kr/conferenceintl/default/program/presentation_detail.php?pid=1704
S3,3,1867,Keynote,Self-reinforced Composites – a multi morphological approach to close the loop,Frank Henning,"Fraunhofer Institute for Chemical Technology, Germany",2026-09-29,11:40,12:05,Room 104,Dong Gi SEONG,https://polymer.or.kr/conferenceintl/default/program/presentation_detail.php?pid=1867
S3,3,1478,Oral,Development of a PFAS-Free Polymer Processing Additive for Polyolefin Film Extrusion,YONGWOO LEE,3M,2026-09-29,12:05,12:20,Room 104,Dong Gi SEONG,https://polymer.or.kr/conferenceintl/default/program/presentation_detail.php?pid=1478
S3,3,1550,Keynote,Bacterial Nanocellulose: A Sustainable Platform for Advanced Functional Materials,Byoung In Sang,Hanyang University,2026-09-29,15:00,15:25,Room 104,Sungmin PARK,https://polymer.or.kr/conferenceintl/default/program/presentation_detail.php?pid=1550
S3,3,1473,Invited,Programming Polymer Assembly Through Advanced Manufacturing: Emerging Processing Strategies for Hierarchical Functional Materials,KENAN SONG,University of Georgia,2026-09-29,15:25,15:50,Room 104,Sungmin PARK,https://polymer.or.kr/conferenceintl/default/program/presentation_detail.php?pid=1473
S3,3,1514,Keynote,3D Printable Composite Materials for Form-Factor Free Electronics and Energy Applications,Sunho Jeong,Kyung Hee University,2026-09-29,15:50,16:15,Room 104,Sungmin PARK,https://polymer.or.kr/conferenceintl/default/program/presentation_detail.php?pid=1514
S3,3,78,Oral,Nanostructured and Functionalized Materials through Soft Materials-Derived Nano-Lithography,JAE HONG PARK,National Nanofab Center,2026-09-29,16:15,16:30,Room 104,Sungmin PARK,https://polymer.or.kr/conferenceintl/default/program/presentation_detail.php?pid=78
S3,3,1754,Invited,High-Throughput Autonomous Systems for Polymer Fabrication,Nicholas Godman,Air Force Research Laboratory,2026-09-29,16:40,17:05,Room 104,Juhyuk PARK,https://polymer.or.kr/conferenceintl/default/program/presentation_detail.php?pid=1754
S3,3,1543,Invited,"Thermally Drawn, Meter-Scale Fiber Supercapacitors for Wearable Textiles and Implantable Bioelectronics",Jung Tae Lee,Kyung Hee University,2026-09-29,17:05,17:30,Room 104,Juhyuk PARK,https://polymer.or.kr/conferenceintl/default/program/presentation_detail.php?pid=1543
S3,3,1479,Keynote,Photonic Reflections from Janus Cholesteric Liquid Crystal Droplets,Sooyoung Park,Kyungpook National University,2026-09-30,10:20,10:45,Room 104,Sungmin PARK,https://polymer.or.kr/conferenceintl/default/program/presentation_detail.php?pid=1479
S3,3,1770,Keynote,Processing Beyond Plastics: Hierarchical Bio-based materials through Interfacial and Colloidal Engineering,Orlando Rojas,UTK-ORNL-UBC,2026-09-30,10:45,11:10,Room 104,Sungmin PARK,https://polymer.or.kr/conferenceintl/default/program/presentation_detail.php?pid=1770
S3,3,1356,Keynote,Advanced Epoxy-Based Non-Conductive Films Utilizing Hybrid Filler Networks for Thermal Management in 3D HBM Integration,Sang Eun Shim,Inha University,2026-09-30,11:10,11:35,Room 104,Sungmin PARK,https://polymer.or.kr/conferenceintl/default/program/presentation_detail.php?pid=1356
S3,3,76,Oral,Amphiphobic Interfaces for Solvent-Free Spherical Melt-Printing of Functional Polymer Microdepots,Dan Lewitus,Shenkar Engineering. Design. Art,2026-09-30,11:35,11:50,Room 104,Sungmin PARK,https://polymer.or.kr/conferenceintl/default/program/presentation_detail.php?pid=76
S3,3,99,Invited,Polymeric Micro-Motors with Switchable Locomotion,Chunhong Ye,Shanghaitech University,2026-09-30,11:50,12:15,Room 104,Sungmin PARK,https://polymer.or.kr/conferenceintl/default/program/presentation_detail.php?pid=99
S3,3,1468,Keynote,Hydrogen Bonding Engineering and High-Performance Regulation in Polyamides,Xia Dong,Institute of Chemistry Chinese Academy of Sciences,2026-09-30,15:00,15:25,Room 104,Dong Gi SEONG,https://polymer.or.kr/conferenceintl/default/program/presentation_detail.php?pid=1468
S3,3,1246,Keynote,Relationship Between Rheological Properties and Morphology in Determining the Foamability of PLA/LDPE blends,Kyu Hyun,Pusan National University,2026-09-30,15:25,15:50,Room 104,Dong Gi SEONG,https://polymer.or.kr/conferenceintl/default/program/presentation_detail.php?pid=1246
S3,3,174,Invited,Effect of Polymer Network on Dynamic Behavior of Cholesteric Liquid Crystals,Kyung Min Lee,Air Fore Research Laboratory,2026-09-30,15:50,16:15,Room 104,Dong Gi SEONG,https://polymer.or.kr/conferenceintl/default/program/presentation_detail.php?pid=174
S3,3,1580,Keynote,Advanced Fabrication Strategies for Multifunctional Polyimide-Based CFRP in Extreme Aerospace Environments,Dong Gi Seong,Pusan National University,2026-09-30,16:25,16:50,Room 104,Hyomin LEE,https://polymer.or.kr/conferenceintl/default/program/presentation_detail.php?pid=1580
S3,3,1687,Invited,Digital Inkjet Process for 3D Electronic and Biointegrated Systems,Sungjune Jung,POSTECH,2026-09-30,16:50,17:15,Room 104,Hyomin LEE,https://polymer.or.kr/conferenceintl/default/program/presentation_detail.php?pid=1687
S3,3,990,Invited,Vitrimers for Sustainable Processing and Advanced Manufacturing Technologies,Sungmin Park,Sejong University,2026-09-30,17:15,17:40,Room 104,Hyomin LEE,https://polymer.or.kr/conferenceintl/default/program/presentation_detail.php?pid=990
S3,3,1840,Invited,Direct alignment of liquid-crystalline polymer films by scanning wave photopolymerization,Atsushi Shishido,Institute of Science Tokyo,2026-10-01,10:20,10:45,Room 104,Hyomin LEE,https://polymer.or.kr/conferenceintl/default/program/presentation_detail.php?pid=1840
S3,3,292,Invited,Facile engineering of advanced multiscale composites based on chemorheology,Juhyuk Park,Seoul National University,2026-10-01,10:45,11:10,Room 104,Hyomin LEE,https://polymer.or.kr/conferenceintl/default/program/presentation_detail.php?pid=292
S3,3,1528,Invited,Thermodynamic Study on PET Methanolysis for Sustainable Upcycling Process Development,Joung Sook Hong,Jeju National University,2026-10-01,11:10,11:35,Room 104,Hyomin LEE,https://polymer.or.kr/conferenceintl/default/program/presentation_detail.php?pid=1528
S3,3,1114,Oral,Engineering Processable Matter: Accelerating Thermoplastic Materials Development with AI and Robotics,Maciej Haranczyk,IMDEA Materials Institute,2026-10-01,11:35,11:50,Room 104,Hyomin LEE,https://polymer.or.kr/conferenceintl/default/program/presentation_detail.php?pid=1114
S3,3,1669,Invited,Multimaterial 3D Printing,Ji-Won Kim,Kyungpook National University,2026-10-01,11:50,12:15,Room 104,Hyomin LEE,https://polymer.or.kr/conferenceintl/default/program/presentation_detail.php?pid=1669
S3,3,1483,Invited,Rheological design of colloidal suspension for direct 3D ink writing,Jae Sung Son,POSTECH,2026-10-01,14:00,14:25,Room 104,Jeong Jae WIE,https://polymer.or.kr/conferenceintl/default/program/presentation_detail.php?pid=1483
S3,3,1640,Invited,Structure-Aware Design and Percolation Modeling of Segregated Polymer Composites for Advanced Electronic Thermal Management,Seong Yun Kim,Jeonbuk National University,2026-10-01,14:25,14:50,Room 104,Jeong Jae WIE,https://polymer.or.kr/conferenceintl/default/program/presentation_detail.php?pid=1640
S3,3,1291,Invited,Acid-accelerated rapid photopolymerization for ambient visible light 3D printing,Dowon Ahn,Pusan National University,2026-10-01,14:50,15:15,Room 104,Jeong Jae WIE,https://polymer.or.kr/conferenceintl/default/program/presentation_detail.php?pid=1291
S4,4,1149,Keynote,"On-Demand Formation, Ordering and Erasure of Emulsions using AC Electric Fields",Nicholas Abbott,Cornell University,2026-09-29,10:50,11:15,Room 106,Chan-Jin KIM,https://polymer.or.kr/conferenceintl/default/program/presentation_detail.php?pid=1149
S4,4,567,Invited,Surface-Engineered Vesicles for Cell-Selective Delivery in Skin Care and Therapy,Jin Woong Kim,Sungkyunkwan University,2026-09-29,11:15,11:40,Room 106,Chan-Jin KIM,https://polymer.or.kr/conferenceintl/default/program/presentation_detail.php?pid=567
S4,4,139,Keynote,"Exploiting assemblies of liquid crystal oligomers for emergent shape, phase, and function",Shu Yang,University of Pennsylvania,2026-09-29,11:40,12:05,Room 106,Chan-Jin KIM,https://polymer.or.kr/conferenceintl/default/program/presentation_detail.php?pid=139
S4,4,730,Invited,Remote Phase Control of Polymers and New Opportunities,Changyeon Lee,Chung-Ang University,2026-09-29,12:05,12:20,Room 106,Chan-Jin KIM,https://polymer.or.kr/conferenceintl/default/program/presentation_detail.php?pid=730
S4,4,495,Keynote,Replacing Colloid Chemistry with Nanomorphology: Hierarchical Colloids with Extraordinary Structure Building Capacities,Orlin Velev,North Carolina State University,2026-09-29,15:00,15:25,Room 106,Jang Hwan KIM,https://polymer.or.kr/conferenceintl/default/program/presentation_detail.php?pid=495
S4,4,866,Keynote,Ice-Water Interfacial Dynamics with Enthalpic Assemblies,Dong June AHN,Korea University,2026-09-29,15:25,15:50,Room 106,Jang Hwan KIM,https://polymer.or.kr/conferenceintl/default/program/presentation_detail.php?pid=866
S4,4,1768,Keynote,Adaptive Nanomedicine: Designing Smart Therapeutic Systems,Katharina LANDFESTER,Max Planck Institute for Polymer Research,2026-09-29,15:50,16:15,Room 106,Jang Hwan KIM,https://polymer.or.kr/conferenceintl/default/program/presentation_detail.php?pid=1768
S4,4,202,Invited,Polyhedral liquid marbles stabilized with polymer plates,Syuji FUJII,Osaka Institute of Technology,2026-09-29,16:25,16:50,Room 106,Taehyoung KIM,https://polymer.or.kr/conferenceintl/default/program/presentation_detail.php?pid=202
S4,4,208,Invited,Condensation-Driven Dynamic Structural Colors on Wettability-Patterned Surfaces,Shin-Hyun Kim,Korea Advanced Insitute of Science and Technology,2026-09-29,16:50,17:15,Room 106,Taehyoung KIM,https://polymer.or.kr/conferenceintl/default/program/presentation_detail.php?pid=208
S4,4,1432,Invited,Diffusion-Mediated Morphogenesis in Soft Materials,Sangchul Roh,Chonnam National University,2026-09-29,17:15,17:30,Room 106,Taehyoung KIM,https://polymer.or.kr/conferenceintl/default/program/presentation_detail.php?pid=1432
S4,4,1769,Keynote,Electric charging of polymer films by sliding water drops,Hans Jurgen BUTT,Max Planck Institute for Polymer Research,2026-09-30,10:20,10:45,Room 106,Sangchul ROH,https://polymer.or.kr/conferenceintl/default/program/presentation_detail.php?pid=1769
S4,4,245,Invited,"Pneumatic Microvalve-Based Microfluidic Platforms for High-Throughput Sorting of Cells, Droplets, and Hydrogels",CHANG-SOO LEE,CHUNGNAM NATIONAL UNIVERSITY,2026-09-30,10:45,11:10,Room 106,Sangchul ROH,https://polymer.or.kr/conferenceintl/default/program/presentation_detail.php?pid=245
S4,4,135,Invited,Interfacial Charge Effects on Solid-Liquid Interactions: Mechanisms and Applications,Xu Deng,University of Electronic Science and Technology of China,2026-09-30,11:10,11:35,Room 106,Sangchul ROH,https://polymer.or.kr/conferenceintl/default/program/presentation_detail.php?pid=135
S4,4,1319,Invited,Bio-Interfacing Strategies for Plant–Hydrogel Engineered Living Materials,Jinhye Bae,Chung-Ang University,2026-09-30,11:35,11:50,Room 106,Sangchul ROH,https://polymer.or.kr/conferenceintl/default/program/presentation_detail.php?pid=1319
S4,4,233,Invited,Programmable Photopatternable Polymer Matrices for Multidimensional Optical Encryption,Hyomin Lee,POSTECH,2026-09-30,11:50,12:05,Room 106,Sangchul ROH,https://polymer.or.kr/conferenceintl/default/program/presentation_detail.php?pid=233
S4,4,759,Invited,Engineering Colloidal Interactions of Semiconductor Nanoplatelets for Functional Soft Materials,Dahin Kim,University of Seoul,2026-09-30,12:05,12:20,Room 106,Sangchul ROH,https://polymer.or.kr/conferenceintl/default/program/presentation_detail.php?pid=759
S4,4,150,Invited,Deterministic Chiral Order from Achiral Matter,Myongsoo Lee,Fudan University,2026-09-30,15:00,15:25,Room 106,Moon Jong HAN,https://polymer.or.kr/conferenceintl/default/program/presentation_detail.php?pid=150
S4,4,1125,Invited,Electrostatic Templating of Transport Networks in Polymer-Based Solid Electrolytes,Jun Hyuk Moon,Korea University,2026-09-30,15:25,15:50,Room 106,Moon Jong HAN,https://polymer.or.kr/conferenceintl/default/program/presentation_detail.php?pid=1125
S4,4,263,Invited,Multifunctional Coatings Derived from Hydrogels and Organogels Based on a Biomimetic Approach,ATSUSHI HOZUMI,AIST,2026-09-30,15:50,16:15,Room 106,Moon Jong HAN,https://polymer.or.kr/conferenceintl/default/program/presentation_detail.php?pid=263
S4,4,1454,Invited,Gas-bubble Encapsulating Microcapsules (GEMs): Pressure-Responsive Polymeric Carriers for Triggered Release,Daeyeon Lee,University of Pennsylvania,2026-09-30,16:25,16:50,Room 106,Yoon-Ho HWANG,https://polymer.or.kr/conferenceintl/default/program/presentation_detail.php?pid=1454
S4,4,483,Invited,From Water–Water Interfacial Stability to Functional All-Aqueous Gels,KyuHan Kim,Seoul National University of Science and Technology,2026-09-30,16:50,17:05,Room 106,Yoon-Ho HWANG,https://polymer.or.kr/conferenceintl/default/program/presentation_detail.php?pid=483
S4,4,1104,Invited,Soft Processing of Hard Ceramics: Viscoelastic h-BN Doughs for Complex Functional Modules,Eom Youngho,Hanyang University,2026-09-30,17:05,17:20,Room 106,Yoon-Ho HWANG,https://polymer.or.kr/conferenceintl/default/program/presentation_detail.php?pid=1104
S4,4,809,Invited,Dynamic Nanostructures through Assembly of Nanoparticles and Functional Polymers,So-Jung Park,Ewha Womans University,2026-10-01,10:20,10:45,Room 106,Jae Bem YOU,https://polymer.or.kr/conferenceintl/default/program/presentation_detail.php?pid=809
S4,4,1692,Invited,Light-blocking poiymer films from colloidal templates,Vinothan Manoharan,Harvard University,2026-10-01,10:45,11:10,Room 106,Jae Bem YOU,https://polymer.or.kr/conferenceintl/default/program/presentation_detail.php?pid=1692
S4,4,395,Invited,"Control of the assembly structure in conjugated polymer nanoparticles, shifting from parallel to intersecting backbone stacking to enhance charge transferr",JU HYUN PARK,Chung-Ang University,2026-10-01,11:10,11:35,Room 106,Jae Bem YOU,https://polymer.or.kr/conferenceintl/default/program/presentation_detail.php?pid=395
S4,4,1110,Invited,Decoupling Injectability and Molecular Confinement via Jammed PEG Nanogels,Jungwook Kim,Seoul National University,2026-10-01,11:35,12:00,Room 106,Jae Bem YOU,https://polymer.or.kr/conferenceintl/default/program/presentation_detail.php?pid=1110
S4,4,1082,Invited,Polymer Corona Engineering for Programmable Emulsion Assembly of Gold Nanoparticles,Hongseok Yun,Hanyang University,2026-10-01,12:00,12:15,Room 106,Jae Bem YOU,https://polymer.or.kr/conferenceintl/default/program/presentation_detail.php?pid=1082
S4,4,792,Invited,Complexation-Mediated Diffusion-Limited Crystal Growth: A General Framework for Anisotropic Crystal Growth,Youngjong Kang,Hanyang University,2026-10-01,14:00,14:25,Room 106,Jungwook KIM,https://polymer.or.kr/conferenceintl/default/program/presentation_detail.php?pid=792
S4,4,1148,Keynote,Neuromorphic Displays with Self-assembled Polymers for Biomedical and Robotic Applications,Cheolmin Park,"Yonsei university, Materials Science and Engineering",2026-10-01,14:25,14:50,Room 106,Jungwook KIM,https://polymer.or.kr/conferenceintl/default/program/presentation_detail.php?pid=1148
S4,4,1447,Invited,Interfacial Self-Organization of Bottlebrush Amphiphiles Enables Stable Monodisperse Submicron Emulsion Droplets: Thermodynamic Insights,Dongpo Song,Tianjin University,2026-10-01,14:50,15:15,Room 106,Jungwook KIM,https://polymer.or.kr/conferenceintl/default/program/presentation_detail.php?pid=1447
S4,4,1336,Invited,AI-Resistant Physical Security through Deterministic Plasmonic Encoding,Tae Soup Shim,Ajou University,2026-10-01,15:15,15:30,Room 106,Jungwook KIM,https://polymer.or.kr/conferenceintl/default/program/presentation_detail.php?pid=1336
S4,4,1184,Invited,Hierarchical Chiral Supramolecular Assemblies from Amphiphilic Star-like Block Copolymers for Full-Color Circularly Polarized Luminescence,Dong Ha Kim,Ewha Womans University,2026-10-01,15:50,16:15,Room 106,Ji-Won KIM,https://polymer.or.kr/conferenceintl/default/program/presentation_detail.php?pid=1184
S4,4,140,Invited,Programming Optical Information and Dynamic Functions in Azopolymers through Photoalignment and Photo-Fluidization,Jiun Tai Chen,National Yang Ming Chiao Tung University,2026-10-01,16:15,16:40,Room 106,Ji-Won KIM,https://polymer.or.kr/conferenceintl/default/program/presentation_detail.php?pid=140
S4,4,731,Invited,Interfacial Dynamics Controlled Dispersion and Physical Properties of Polymer Nanocomposites,So Youn Kim,Seoul National Univ.,2026-10-01,16:40,17:05,Room 106,Ji-Won KIM,https://polymer.or.kr/conferenceintl/default/program/presentation_detail.php?pid=731
S4,4,1523,Invited,Probing the Structural Origins of Amorphous Stability through Colloids,Hyerim Hwang,Ewha Womans University,2026-10-01,17:05,17:20,Room 106,Ji-Won KIM,https://polymer.or.kr/conferenceintl/default/program/presentation_detail.php?pid=1523
S4,4,1700,Invited,Microbubble Elevator Induced Buoyancy Oscillations of Reacting Droplets,Xuehua Zhang,University of Alberta,0000-00-00,00:00,00:00,Room 106,,https://polymer.or.kr/conferenceintl/default/program/presentation_detail.php?pid=1700
S5,5,1698,Keynote,Charge transport and thermoelectric physics of conjugated polymers at ultrahigh charge densities,Henning Sirringhaus,University of Cambridge,2026-09-29,10:50,11:15,Room 205,Keehoon KANG,https://polymer.or.kr/conferenceintl/default/program/presentation_detail.php?pid=1698
S5,5,448,Invited,Programming Physical Anisotropy in Polymer Composites for Materials-Encoded Somatosensation in Soft Robotics,Minjeong Ha,Gwangju Institute of Science and Technology (GIST),2026-09-29,12:05,12:20,Room 205,Keehoon KANG,https://polymer.or.kr/conferenceintl/default/program/presentation_detail.php?pid=448
S5,5,1232,Keynote,Lessons from transient spectroscopy on how charge dynamics in organic semiconductor nanoparticles determine photocatalytic function,James Durrant,Oxford University,2026-09-29,15:00,15:25,Room 205,Yu Jun TAN,https://polymer.or.kr/conferenceintl/default/program/presentation_detail.php?pid=1232
S5,5,977,Keynote,Development of materials and devices for high performance perovskite-organic tandem solar cells,Hae Jung Son,KIST,2026-09-29,15:25,15:50,Room 205,Yu Jun TAN,https://polymer.or.kr/conferenceintl/default/program/presentation_detail.php?pid=977
S5,5,1372,Keynote,Chiral Optoelectronics for Next-Generation Displays and Photodetectors,Joon Hak Oh,Seoul National University,2026-09-29,15:50,16:15,Room 205,Yu Jun TAN,https://polymer.or.kr/conferenceintl/default/program/presentation_detail.php?pid=1372
S5,5,718,Invited,Long-Lived Charge Carriers as a Design Principle for Organic Photocatalysts,Hyojung Cha,Kyungpook National University,2026-09-29,16:15,16:30,Room 205,Yu Jun TAN,https://polymer.or.kr/conferenceintl/default/program/presentation_detail.php?pid=718
S5,5,1476,Keynote,Tin-Halide Perovskite Semiconductors for Near-Infrared Light-Emitting Sources,Annamaria Petrozza,Italian Institute of Tecnology,2026-09-29,16:40,17:05,Room 205,Bo Ram LEE,https://polymer.or.kr/conferenceintl/default/program/presentation_detail.php?pid=1476
S5,5,1142,Invited,Ionic Liquids as Molecular Design Tools for Soft Electronics and Light-Emitting Devices,Yu Jun Tan,National University of Singapore,2026-09-29,17:05,17:30,Room 205,Bo Ram LEE,https://polymer.or.kr/conferenceintl/default/program/presentation_detail.php?pid=1142
S5,5,1682,Keynote,Molecular Engineering for Efficient and Stable Perovskite Solar Cells,Jangwon Seo,Korea Advanced Institute of Science and Technology (KAIST),2026-09-29,17:05,17:30,Room 205,Keehoon KANG,https://polymer.or.kr/conferenceintl/default/program/presentation_detail.php?pid=1682
S5,5,1096,Invited,Ligand Engineering of Anisotropic Perovskite Nanoplatelets to Control Outcoupling and Polarised Light Emission,Robert Hoye,University of Oxford,2026-09-30,10:20,10:45,Room 205,Jiheong KANG,https://polymer.or.kr/conferenceintl/default/program/presentation_detail.php?pid=1096
S5,5,1206,Keynote,Hydrogel Elastomer-based Conductive Nanomembranes for Soft Bioelectronics,BongSoo Kim,Ulsan National Institute of Science and Technology (UNIST),2026-09-30,10:45,11:10,Room 205,Jiheong KANG,https://polymer.or.kr/conferenceintl/default/program/presentation_detail.php?pid=1206
S5,5,1832,Keynote,Manipulating Polarons in Organic Semiconductors: From Molecular Structure to Device Function,Ji Seon KIM,Oxford University,2026-09-30,11:10,11:35,Room 205,Jiheong KANG,https://polymer.or.kr/conferenceintl/default/program/presentation_detail.php?pid=1832
S5,5,741,Invited,Extending NDI-Based n-Type Electronic Polymers to Battery Cathodes through n-Doping Chemistry,Wonho Lee,Kumoh National Institute of Technology,2026-09-30,11:35,11:50,Room 205,Jiheong KANG,https://polymer.or.kr/conferenceintl/default/program/presentation_detail.php?pid=741
S5,5,1482,Invited,Turning Plastics into Metals: Molecular and Ionic Alchemy in Crystalline Polymers,Shun Watanabe,RIKEN CEMS,2026-09-30,11:50,12:05,Room 205,Jiheong KANG,https://polymer.or.kr/conferenceintl/default/program/presentation_detail.php?pid=1482
S5,5,118,Invited,Interfacial Engineering of Thin-Film Transistors for Multifunctional Electronics,Sooji Nam,ETRI,2026-09-30,12:05,12:20,Room 205,Jiheong KANG,https://polymer.or.kr/conferenceintl/default/program/presentation_detail.php?pid=118
S5,5,1286,Keynote,Controlling Electrochemical States in Emerging Electrochromic Architectures,Eunkyoung Kim,Yonsei University,2026-09-30,15:00,15:25,Room 205,Hyojung CHA,https://polymer.or.kr/conferenceintl/default/program/presentation_detail.php?pid=1286
S5,5,131,Invited,Organic Hydrogen Sensors for the Emerging Hydrogen Industries,Thomas Anthopoulos,University of Manchester,2026-09-30,15:25,15:50,Room 205,Hyojung CHA,https://polymer.or.kr/conferenceintl/default/program/presentation_detail.php?pid=131
S5,5,222,Keynote,Molecular Engineering of Polymeric Hole Transport Materials for Next-Generation QLEDs,Youngu Lee,DGIST,2026-09-30,15:50,16:15,Room 205,Hyojung CHA,https://polymer.or.kr/conferenceintl/default/program/presentation_detail.php?pid=222
S5,5,986,Keynote,Flexible/Stretchable Light-Emitting Devices for Intelligent Wearable Electronics,Tae-Woo Lee,Seoul National University,2026-09-30,16:25,16:50,Room 205,Keehoon KANG,https://polymer.or.kr/conferenceintl/default/program/presentation_detail.php?pid=986
S5,5,1168,Keynote,Light conversion for photocatalysis and photodynamic therapy using organic-inorganic hybrid materials,Taek Seung Lee,Chungnam National University,2026-09-30,16:25,16:50,Room 205,Thomas ANTHOPOULOS,https://polymer.or.kr/conferenceintl/default/program/presentation_detail.php?pid=1168
S5,5,1696,Invited,Soft Electronic Packaging,Yanhao Yu,Southern University of Science and Technology,2026-09-30,16:50,17:15,Room 205,Thomas ANTHOPOULOS,https://polymer.or.kr/conferenceintl/default/program/presentation_detail.php?pid=1696
S5,5,849,Keynote,Material Strategies for High-Performance Organic Optoelectronic Devices: From Photoactive Layers to Interlayers and Additives,Won Suk Shin,Korea Research Institute of Chemical Technology (KRICT),2026-09-30,17:15,17:40,Room 205,Thomas ANTHOPOULOS,https://polymer.or.kr/conferenceintl/default/program/presentation_detail.php?pid=849
S5,5,204,Keynote,Beyond Processability: Cleavable Side Chain Conjugated Polymers for Organic Electronics,Wei You,University of North Carolina at Chapel Hill,2026-10-01,10:20,10:45,Room 205,Jong Hyun KIM,https://polymer.or.kr/conferenceintl/default/program/presentation_detail.php?pid=204
S5,5,737,Keynote,Ultra-broadband Organic Terahertz Spectroscopy for Insulating and Semiconducting Materials,O-Pil Kwon,Ajou University,2026-10-01,10:45,11:10,Room 205,Jong Hyun KIM,https://polymer.or.kr/conferenceintl/default/program/presentation_detail.php?pid=737
S5,5,1481,Keynote,Ultraflexible organic electronics and photonics for wearable devices and soft robots,Kenjiro Fukuda,The University of Osaka,2026-10-01,11:10,11:35,Room 205,Jong Hyun KIM,https://polymer.or.kr/conferenceintl/default/program/presentation_detail.php?pid=1481
S5,5,1457,Invited,Impact of Encapsulation on the Long-Term Stability of Perovskite Solar Cells,Ji-Youn Seo,Pusan National University,2026-10-01,11:35,11:50,Room 205,Jong Hyun KIM,https://polymer.or.kr/conferenceintl/default/program/presentation_detail.php?pid=1457
S5,5,1247,Invited,Perovskite Ink Engineering for Scalable Process Based Solar Cells,Seok-In Na,"Professional GraduateSchool of Flexible and Printable Electronics, Department of Flexible and Printable Electronics, Jeonbuk National University",2026-10-01,11:50,12:05,Room 205,Jong Hyun KIM,https://polymer.or.kr/conferenceintl/default/program/presentation_detail.php?pid=1247
S5,5,493,Invited,Unperceivable on-skin wearable electronics,Naoji Matsuhisa,"Research Center for Advanced Science and Technology, The University of Tokyo",2026-10-01,12:05,12:20,Room 205,Jong Hyun KIM,https://polymer.or.kr/conferenceintl/default/program/presentation_detail.php?pid=493
S5,5,1591,Keynote,Development of high-performance p-type Sn perovskite transistors,Yong-Young Noh,POSTECH,2026-10-01,14:00,14:25,Room 205,Ji-Youn SEO,https://polymer.or.kr/conferenceintl/default/program/presentation_detail.php?pid=1591
S5,5,1134,Invited,Metallosupramolecular polymers with electrochromic properties,Masayoshi Higuchi,National Institute for Materials Science (NIMS),2026-10-01,14:25,14:50,Room 205,Ji-Youn SEO,https://polymer.or.kr/conferenceintl/default/program/presentation_detail.php?pid=1134
S5,5,1724,Invited,Facilitated Mixed-Annihilation Electrochemically-Generated Chemiluminescence,Moon Sung Kang,Sogang University,2026-10-01,14:50,15:15,Room 205,Ji-Youn SEO,https://polymer.or.kr/conferenceintl/default/program/presentation_detail.php?pid=1724
S5,5,1217,Invited,Tailored Organic Ligands for Electroluminescent Quantum Dots,Dong Ryeol WHANG,Hoseo University,2026-10-01,15:15,15:30,Room 205,Ji-Youn SEO,https://polymer.or.kr/conferenceintl/default/program/presentation_detail.php?pid=1217
S5,5,232,Keynote,Organic Photocatalysts and Photoelectrochemical Cells for Sustainable Hydrogen Production,Han Young Woo,Korea University,2026-10-01,15:50,16:15,Room 205,Naoji MATSUHISA,https://polymer.or.kr/conferenceintl/default/program/presentation_detail.php?pid=232
S5,5,1762,Invited,Efficient and Low-Power Consumption Organic Light-Emitting Transistors,Zhongbin Wu,Northwestern Polytechnical University,2026-10-01,16:15,16:40,Room 205,Naoji MATSUHISA,https://polymer.or.kr/conferenceintl/default/program/presentation_detail.php?pid=1762
S5,5,1744,Keynote,From Ion Transport to Ion State: Monolithic Synapses for Neuromorphic Physical AI,Do Hwan Kim,Hanyang University,2026-10-01,16:40,17:05,Room 205,Naoji MATSUHISA,https://polymer.or.kr/conferenceintl/default/program/presentation_detail.php?pid=1744
S5,5,1685,Invited,Tailoring Perovskite Surfaces and Interfaces through Interfacial Molecular Interactions for Multifunctional Optoelectronics,Min Kim,University of Seoul,2026-10-01,17:05,17:20,Room 205,Naoji MATSUHISA,https://polymer.or.kr/conferenceintl/default/program/presentation_detail.php?pid=1685
S6,6,1177,Keynote,Chemical stability enhancement of polymer electrolyte membranes for fuel cell,Dukjoon kim,Sungkyunkwan University,2026-09-29,10:50,11:15,Room 311 & 312,,https://polymer.or.kr/conferenceintl/default/program/presentation_detail.php?pid=1177
S6,6,1271,Keynote,"Ion-Conducting Polymers: Synthesis, Properties, and Applications for Clean Energy Technologies",Chulsung Bae,RPI,2026-09-29,11:15,11:40,Room 311 & 312,,https://polymer.or.kr/conferenceintl/default/program/presentation_detail.php?pid=1271
S6,6,1264,Invited,Supporting Electrolytes Govern Catalyst–Ionomer Interfaces in Pure-Water-Fed Anion Exchange Membrane Water Electrolysis,Yu Seung Kim,Los Alamos National Laboratory,2026-09-29,11:40,12:05,Room 311 & 312,,https://polymer.or.kr/conferenceintl/default/program/presentation_detail.php?pid=1264
S6,6,1338,Oral,Development of Poly(fluorene)-Based Anion-Conductive Polymers for High-Performance Anion Exchange Membrane Water Electrolysis,Manabu Tanaka,Tokyo Metropolitan University,2026-09-29,12:05,12:20,Room 311 & 312,,https://polymer.or.kr/conferenceintl/default/program/presentation_detail.php?pid=1338
S6,6,1143,Keynote,Electrocatalyst Design and Interface Engineering Toward Efficient Energy Conversion and Storage,Jinwoo Lee,KAIST,2026-09-29,14:50,15:15,Room 311 & 312,,https://polymer.or.kr/conferenceintl/default/program/presentation_detail.php?pid=1143
S6,6,348,Invited,Structural Modification of Poly(p-phenylene) Ionomers for Alcohol-Processable and Tough Hydrocarbon Membranes,Soonyong So,Korea Research Institute of Chemical Technology,2026-09-29,15:40,16:05,Room 311 & 312,,https://polymer.or.kr/conferenceintl/default/program/presentation_detail.php?pid=348
S6,6,235,Oral,Ion-containing Polymers for Modulating Interfaces in CO2 Electrolysis,Jai Hyun Koh,Korea Institute of Science and Technology,2026-09-29,16:15,16:30,Room 311 & 312,,https://polymer.or.kr/conferenceintl/default/program/presentation_detail.php?pid=235
S6,6,285,Oral,Conducting Polymer-Enabled Interfacial Engineering of BiVO₄ Photoanodes for Enhanced Solar Water Splitting,Amaranatha Reddy Devulapalli,"Department of Sciences, Indian Institute of Information Technology Design and Manufacturing Kurnool, Andhra Pradesh 518008, India",2026-09-29,17:05,17:20,Room 311 & 312,,https://polymer.or.kr/conferenceintl/default/program/presentation_detail.php?pid=285
S6,6,554,Keynote,Pyridinium-based electrophores as model systems for understanding and designing negative electrodes for anion-ion rechargeable batteries,Philippe POIZOT,Nantes Université - IMN,2026-09-30,10:20,10:45,Room 311 & 312,,https://polymer.or.kr/conferenceintl/default/program/presentation_detail.php?pid=554
S6,6,1618,Keynote,Beyond PEO: Redesigning Polymer Electrolytes for Scalable All-Solid-State Batteries,SANG-YOUNG LEE,Yonsei University,2026-09-30,10:45,11:10,Room 311 & 312,,https://polymer.or.kr/conferenceintl/default/program/presentation_detail.php?pid=1618
S6,6,182,Invited,Uncover the Myth of Two-electron Storage in Radical Polymer Batteries,Zhongfan Jia,Flinders University,2026-09-30,11:10,11:35,Room 311 & 312,,https://polymer.or.kr/conferenceintl/default/program/presentation_detail.php?pid=182
S6,6,98,Oral,Engineering Single-Ion Conducting Poly(ionic liquids) via Novel Ionic Monomers and Polymer Architectures for Solid-State Batteries and Piezoionic Sensors,Alexander Shaplov,"Functional Polymeric and Particulate Materials Unit, Luxembourg Institute of Science and Technology (LIST)",2026-09-30,11:35,11:50,Room 311 & 312,,https://polymer.or.kr/conferenceintl/default/program/presentation_detail.php?pid=98
S6,6,387,Oral,Diallylammonium-cyclopolymerized anion exchange membranes for high-performance water electrolysis,Juyeon Choi,Korea University,2026-09-30,11:35,11:50,Room 311 & 312,,https://polymer.or.kr/conferenceintl/default/program/presentation_detail.php?pid=387
S6,6,268,Oral,Functional Primer Design Formulating Energy-dense Battery Electrodes,Jaegeon Ryu,Sogang University,2026-09-30,11:50,12:05,Room 311 & 312,,https://polymer.or.kr/conferenceintl/default/program/presentation_detail.php?pid=268
S6,6,1062,Oral,High-Performance Free-Standing Polyaniline Copolymer Film for Symmetric Supercapacitors,Salimgerey Adilov,"Department of Chemistry, School of Sciences and Humanities, Nazarbayev University",2026-09-30,12:05,12:20,Room 311 & 312,,https://polymer.or.kr/conferenceintl/default/program/presentation_detail.php?pid=1062
S6,6,517,Keynote,Next-generation Organic Redox Flow Batteries for Grid Integration,Kenichi Oyaizu,Waseda University,2026-09-30,15:00,15:25,Room 311 & 312,,https://polymer.or.kr/conferenceintl/default/program/presentation_detail.php?pid=517
S6,6,473,Keynote,Supramolecular Functionalization Strategy for High Performance Secondary Batteries,Pil Jin Yoo,Sungkyunkwan Univ. (SKKU),2026-09-30,15:25,15:50,Room 311 & 312,,https://polymer.or.kr/conferenceintl/default/program/presentation_detail.php?pid=473
S6,6,1090,Invited,Stretchable Conducting Polymer Systems for Wearable Thermoelectrics and Batteries,Nara Kim,Linköping University,2026-09-30,15:50,16:15,Room 311 & 312,,https://polymer.or.kr/conferenceintl/default/program/presentation_detail.php?pid=1090
S6,6,1157,Invited,Molecular Engineering in Energy Storage Systems,Pan Wang,Westlake University,2026-09-30,16:25,16:50,Room 311 & 312,,https://polymer.or.kr/conferenceintl/default/program/presentation_detail.php?pid=1157
S6,6,310,Invited,Excellent Li+ ion conductivity of anion-immobilized single-ion solid-state electrolytes using covalent organic frameworks,Hye Ryung Byon,KAIST,2026-09-30,16:50,17:15,Room 311 & 312,,https://polymer.or.kr/conferenceintl/default/program/presentation_detail.php?pid=310
S6,6,205,Invited,Artificial Intelligence Design of Lithium Battery Electrolytes,Xiang Chen,Tsinghua University,2026-10-01,10:20,10:45,Room 311 & 312,,https://polymer.or.kr/conferenceintl/default/program/presentation_detail.php?pid=205
S6,6,1789,Invited,Zwitterionic Polymer Electrolytes for Lithium Metal Batteries,Chentsyr Lo,National Taiwan University of Science and Technology,2026-10-01,11:10,11:35,Room 311 & 312,,https://polymer.or.kr/conferenceintl/default/program/presentation_detail.php?pid=1789
S6,6,1031,Keynote,Triboelectric Medicine: Nanogenerator-Driven Breakthroughs in Self-Powered Biomedical Innovation,Sang-Woo Kim,Yonsei University,2026-10-01,14:00,14:25,Room 311 & 312,,https://polymer.or.kr/conferenceintl/default/program/presentation_detail.php?pid=1031
S6,6,523,Invited,Dual AC/DC Modes in Ionic Conductor-Based Triboelectric Nanogenerators,JU-HYUCK LEE,Daegu Gyeongbuk Institute of Science and Technology,2026-10-01,15:50,16:15,Room 311 & 312,,https://polymer.or.kr/conferenceintl/default/program/presentation_detail.php?pid=523
S6,6,199,Invited,Dynamic Hydroxo Complexation Induced Stable Mixed Ionic-Electronic Thermoelectric Films,Byeonggwan Kim,Chungnam National University,2026-10-01,16:15,16:40,Room 311 & 312,,https://polymer.or.kr/conferenceintl/default/program/presentation_detail.php?pid=199
S6,6,320,Invited,Enhancing Thermoelectric Figure-of-Merit in Highly-Doped Conjugated Polymers,Daegun Kim,Gachon Univeristy,2026-10-01,16:40,17:05,Room 311 & 312,,https://polymer.or.kr/conferenceintl/default/program/presentation_detail.php?pid=320
S6,6,302,Invited,"Contact electrification with ionomers to boost ionic inter-material charge transfer, and its application for a smart sensor",Dongmyeong Shin,The University of Hong Kong,0000-00-00,00:00,00:00,Room 311 & 312,,https://polymer.or.kr/conferenceintl/default/program/presentation_detail.php?pid=302
S6,6,337,Invited,Polymer-Based Wettability Engineering for Gas Management in Water Electrolyzers,Jungki Ryu,Ulsan National Institute of Science and Technology,0000-00-00,00:00,00:00,Room 311 & 312,,https://polymer.or.kr/conferenceintl/default/program/presentation_detail.php?pid=337
S6,6,454,Invited,Elastomeric Electrolytes and Protective Layers for Lithium Metal Batteries,Bumjoon Kim,KAIST,0000-00-00,00:00,00:00,Room 311 & 312,,https://polymer.or.kr/conferenceintl/default/program/presentation_detail.php?pid=454
S6,6,802,Invited,Polymer and Hybrid Materials for Flexible Thermal Energy Harvesting,Jaeyoung Jang,Hanyang University,0000-00-00,00:00,00:00,Room 311 & 312,,https://polymer.or.kr/conferenceintl/default/program/presentation_detail.php?pid=802
S6,6,1737,Invited,"Printable Thermoelectric Ink for Self-Healing, Thermally Responsive Soft Devices",Han Kim,Tech University of Korea,0000-00-00,00:00,00:00,Room 311 & 312,,https://polymer.or.kr/conferenceintl/default/program/presentation_detail.php?pid=1737
S6,6,1803,Invited,Polybenzimidazole-based Membranes for Sustainable Hydrogen Production and Gas Separation,Jong Geun Seong,Korea Institute of Science and Technology (KIST),0000-00-00,00:00,00:00,Room 311 & 312,,https://polymer.or.kr/conferenceintl/default/program/presentation_detail.php?pid=1803
S7,7,1773,Keynote,Research Progress on Herb Plastic Composites（HPC）,Jin Zhu,"Ningbo Institute of Materials Technology and Engineering, Chinese Academy of Sciences",2026-09-29,10:50,11:15,Room 107,,https://polymer.or.kr/conferenceintl/default/program/presentation_detail.php?pid=1773
S7,7,1046,Keynote,Development of Precursor Polymeric Fibers Enabling a New Carbon Fiber Manufacturing Process,Irisawa Toshihira,Gifu University,2026-09-29,11:15,11:40,Room 107,,https://polymer.or.kr/conferenceintl/default/program/presentation_detail.php?pid=1046
S7,7,1434,Keynote,129Xe-NMR Spectroscopy: A New Pore Structure Analysis Method for Nanoporous Materials,Jin Miyawaki,Kyushu University,2026-09-29,11:40,12:05,Room 107,,https://polymer.or.kr/conferenceintl/default/program/presentation_detail.php?pid=1434
S7,7,264,Oral,Multifunctional Two-Dimensional Nanosheets Engineered through Supramolecular Polymer-Mediated Exfoliation for Diverse Applications,Chih-Chia Cheng,"Graduate Institute of Applied Science and Technology, National Taiwan University of Science and Technology",2026-09-29,12:05,12:20,Room 107,,https://polymer.or.kr/conferenceintl/default/program/presentation_detail.php?pid=264
S7,7,1778,Invited,Chiral Catalytic Interfaces for Emergent Composite Complexity,Ji Young Kim,Rensselaer Polytechnic Institute,2026-09-29,15:00,15:25,Room 106,,https://polymer.or.kr/conferenceintl/default/program/presentation_detail.php?pid=1778
S7,7,1648,Invited,Materials and Process Engineering for Advanced Semiconductor Packaging in the AI Era,Chang Min Yoon,Inha University,2026-09-29,15:25,15:50,Room 107,,https://polymer.or.kr/conferenceintl/default/program/presentation_detail.php?pid=1648
S7,7,326,Invited,Layer-by-Layer Self-Assembly of Graphene Oxide Nanocomposite Thin Films for Li-Metal Anode Interfaces,Bongjun Yeom,Hanyang University,2026-09-29,15:50,16:15,Room 107,,https://polymer.or.kr/conferenceintl/default/program/presentation_detail.php?pid=326
S7,7,1693,Oral,"Hierarchical Engineering of SWCNT/Conjugated Polymer Composites for Flexible EMI Shielding: Doping, Crosslinking, and Impedance Modulation",Minseon Kim,Konkuk University,2026-09-29,16:15,16:30,Room 107,,https://polymer.or.kr/conferenceintl/default/program/presentation_detail.php?pid=1693
S7,7,1858,Invited,Post-annealing-driven advancement in injection-molded CFRTPs: Simultaneous enhancement of mechanical properties and electromagnetic interference shielding,Jaewoo Kim,KIST,2026-09-29,16:40,17:05,Room 107,,https://polymer.or.kr/conferenceintl/default/program/presentation_detail.php?pid=1858
S7,7,1197,Invited,Tailoring Liquid Metal Interfaces: From Fundamental Surface Mechanics to Advanced Thermal Applications,Jeong Gon Son,Korea Institute of Science & Technology,2026-09-29,17:05,17:30,Room 107,,https://polymer.or.kr/conferenceintl/default/program/presentation_detail.php?pid=1197
S7,7,211,Keynote,Boron Nitride Nanotube (BNNT) and BNNT Composites for Extreme Aerospace Environments,Cheol Park,NASA Langley Research Center,2026-09-30,10:20,10:45,Room 107,,https://polymer.or.kr/conferenceintl/default/program/presentation_detail.php?pid=211
S7,7,125,Invited,Covalent Organic Frameworks for Next-Generation Batteries: Design and Applications,Yoonseob Kim,HKUST,2026-09-30,10:45,11:10,Room 107,,https://polymer.or.kr/conferenceintl/default/program/presentation_detail.php?pid=125
S7,7,1841,Invited,Biomimetic Structures and Functions for Soft Sensors,Hyunhyub Ko,UNIST,2026-09-30,11:10,11:35,Room 107,,https://polymer.or.kr/conferenceintl/default/program/presentation_detail.php?pid=1841
S7,7,456,Oral,Sulfur-Driven Reactive Processing of Carbon Fiber Reinforced Polyether Ether Ketone Composites,Amir Asadi,Texas A&M University,2026-09-30,11:35,11:50,Room 107,,https://polymer.or.kr/conferenceintl/default/program/presentation_detail.php?pid=456
S7,7,1235,Oral,Effect of Temperature Test on the Strain Rate Behaviour of Shape Memory Thermoplastic and Thermoset Composites Reinforced with Basalt Fabric,Mohamad Alsaadi,University College Dublin (UCD),2026-09-30,11:50,12:05,Room 107,,https://polymer.or.kr/conferenceintl/default/program/presentation_detail.php?pid=1235
S7,7,1464,Oral,Bio-Based resin bio-composites reinforced with biochar/hydrochar for Sustainable Facade Applications,Luis Cutz,TU Delft,2026-09-30,12:05,12:20,Room 107,,https://polymer.or.kr/conferenceintl/default/program/presentation_detail.php?pid=1464
S7,7,175,Invited,Tailorable Nanoparticle-based Bonds for Designing Polymer Networks,S. Eileen Seo,Arizona State University,2026-09-30,15:00,15:25,Room 107,,https://polymer.or.kr/conferenceintl/default/program/presentation_detail.php?pid=175
S7,7,185,Invited,Stable Open-Shell Radical Polymers as Multifunctional Platforms for Electronic Memory and Analyte Sensing,Yongho Joo,Korea Institute of Science and Technology,2026-09-30,15:25,15:50,Room 107,,https://polymer.or.kr/conferenceintl/default/program/presentation_detail.php?pid=185
S7,7,1807,Invited,Development of Next-Generation Ultra-Lightweight CNT Fiber-Reinforced Composite Materials,Taehoon Kim,Korea Institute of Materials Science,2026-09-30,15:50,16:15,Room 107,,https://polymer.or.kr/conferenceintl/default/program/presentation_detail.php?pid=1807
S7,7,1127,Invited,Leveraging Polymer Conformational Entropy for Directed Self-Assembly of Colloids,Sangwoo Lee,Rensselaer Polytechnic Institute,2026-09-30,16:25,16:50,Room 107,,https://polymer.or.kr/conferenceintl/default/program/presentation_detail.php?pid=1127
S7,7,1039,Invited,Dispersion-Free Layer-by-Layer Assembly Enabled by Continuous As-Synthesized CNT Nanofilms,Seung Jae Yang,Inha university,2026-09-30,16:50,17:15,Room 107,,https://polymer.or.kr/conferenceintl/default/program/presentation_detail.php?pid=1039
S7,7,496,Invited,Bio-Inspired Cellulose-Based Chiral Photonic Composites with On-Demand Optical Functionality,Saewon Kang,Korea Research Institute of Chemical Technology,2026-09-30,17:15,17:40,Room 107,,https://polymer.or.kr/conferenceintl/default/program/presentation_detail.php?pid=496
S7,7,1471,Oral,"""Development of Low-Damping Nanocomposite Adhesives for High-Precision Resonators: The Role of Filler Loading and Network Stoichiometry",krishna Enni,ISRO Inertial Systems Unit,2026-09-30,17:40,17:55,Room 107,,https://polymer.or.kr/conferenceintl/default/program/presentation_detail.php?pid=1471
S7,7,1839,Keynote,Recent Advances and Future Perspectives of Polymer Composites for Defense Applications,Yusong Choi,Agency for Defense Development,2026-10-01,10:20,10:45,Room 107,,https://polymer.or.kr/conferenceintl/default/program/presentation_detail.php?pid=1839
S7,7,1139,Invited,Dynamic Bonding Strategies for Sustainable Manufacturing of Organic and Hybrid Polymer Materials,Sungjin Kim,University of New Mexico,2026-10-01,10:45,11:10,Room 107,,https://polymer.or.kr/conferenceintl/default/program/presentation_detail.php?pid=1139
S7,7,347,Invited,Breaking the Performance–Processability Trade-Off in Thermosetting Polyimides for Fiber-Reinforced Plastics,Ki-Ho Nam,Kyungpook National University,2026-10-01,11:10,11:35,Room 107,,https://polymer.or.kr/conferenceintl/default/program/presentation_detail.php?pid=347
S7,7,1021,Invited,High strength carbon nanotube fibers,Yeonsu Jung,Korea Institute of Materials Science,2026-10-01,14:00,14:25,Room 107,,https://polymer.or.kr/conferenceintl/default/program/presentation_detail.php?pid=1021
S7,7,349,Invited,Liquid Crystalline Thermosets for Advanced Functional Composites,Hyeonuk Yeo,Kyungpook National University,2026-10-01,14:25,14:50,Room 107,,https://polymer.or.kr/conferenceintl/default/program/presentation_detail.php?pid=349
S7,7,180,Invited,"Ion Gels: Versatile Polymeric Composites for Functional, Deformable Ionotronics",Hong Chul Moon,KAIST,2026-10-01,14:50,15:15,Room 107,,https://polymer.or.kr/conferenceintl/default/program/presentation_detail.php?pid=180
S7,7,1680,Oral,Fabrication of Poly(ethylene furanoate)/Poly(L-lactic acid) (PEF/PLLA) and Active Agent Nanocomposites with Improved Physical and Antimicrobial Properties,Hikmatun Nimah,"Department of Chemical Engineering, Institut Teknologi Sepuluh Nopember (ITS), Surabaya",2026-10-01,15:15,15:30,Room 107,,https://polymer.or.kr/conferenceintl/default/program/presentation_detail.php?pid=1680
S7,7,581,Invited,Block Copolymer Photonic Microparticles as Modular Optical Units Beyond the Lattice,Kang Hee Ku,UNIST,2026-10-01,16:15,16:40,Room 107,,https://polymer.or.kr/conferenceintl/default/program/presentation_detail.php?pid=581
S7,7,192,Invited,Polarization-Engineered Dielectric Polymer Composites for Responsive and High-Performance Triboelectric Applications,Minsoo Kim,Sunchon National University,2026-10-01,16:40,17:05,Room 107,,https://polymer.or.kr/conferenceintl/default/program/presentation_detail.php?pid=192
S8,8,344,Oral,Body absorbable Multilayer Micro-needle Systems for Controlled Drug Delivery,Suyeon Kim,Pontificia Universidad Católica del Perú,2026-09-29,11:45,12:00,Room 108,,https://polymer.or.kr/conferenceintl/default/program/presentation_detail.php?pid=344
S8,8,1823,Invited,Engineering Synthetic Viral Vectors: Sparking the Gene Therapy with AI,Bonnie Danqing ZHU,Hong Kong University of Science and Technology,2026-09-29,12:00,12:15,Room 108,,https://polymer.or.kr/conferenceintl/default/program/presentation_detail.php?pid=1823
S8,8,1819,Invited,"Functionalized Cellulose Hydrogel with Adhesive, Antioxidant and Ionically Conductive Properties",Jiashing Yu,National Taiwan University,2026-09-29,15:40,15:55,Room 108,,https://polymer.or.kr/conferenceintl/default/program/presentation_detail.php?pid=1819
S8,8,1810,Invited,Engineering Cell Density with Nanoparticles for Superior Stem Cell Engraftment,Suk Ho Bhang,Sungkyunkwan University,2026-09-29,17:10,17:25,Room 108,,https://polymer.or.kr/conferenceintl/default/program/presentation_detail.php?pid=1810
S8,8,1809,Invited,Injectable vascular organoid form perfusable blood vessels to treat ischemia,Kai Wang,Peking Univeristy,2026-09-30,11:45,12:00,Room 108,,https://polymer.or.kr/conferenceintl/default/program/presentation_detail.php?pid=1809
S8,8,1167,Oral,Dual-Functional Nanofiber Vascular Graft Combining Early Cannulation and Long-Term Thrombosis Resistance for Hemodialysis Access,Tooru Ooya,Kobe University,2026-09-30,12:00,12:15,Room 108,,https://polymer.or.kr/conferenceintl/default/program/presentation_detail.php?pid=1167
S8,8,130,Keynote,Organic Mixed Conductors for Optoelectronic Bio-Interfaces,Sahika Inal,KAUST,2026-09-30,15:25,15:50,Room 108,,https://polymer.or.kr/conferenceintl/default/program/presentation_detail.php?pid=130
S8,8,1706,Invited,Glycocalyx-mimicking nanoparticles for cell and tissue-selective drug delivery,Sangyong Jon,Korea Advanced Institute of Science and Technology (KAIST),2026-09-30,15:40,15:55,Room 108,,https://polymer.or.kr/conferenceintl/default/program/presentation_detail.php?pid=1706
S8,8,1865,Invited,Taurine-Functionalized Photocrosslinkable Bioinks for 3D Bioprinting of Skeletal Muscle Tissue,Keekyoung Kim,University of Calgary,2026-10-01,11:30,11:45,Room 108,,https://polymer.or.kr/conferenceintl/default/program/presentation_detail.php?pid=1865
S8,8,1856,Oral,Engineering Biomaterial Microenvironments for Functional Tissue Regeneration,Yoonhee Jin,Yonsei University,2026-10-01,11:45,12:00,Room 301 (Grand Ballroom),,https://polymer.or.kr/conferenceintl/default/program/presentation_detail.php?pid=1856
S8,8,132,Oral,Mucin‐Inspired Filamentous Amphiphilic Copolymers Effectively Inhibit Human Respiratory Syncytial Virus (hRSV) Infectivity,Raju Bej,"Assistant Professor, JBM School of Health Sciences and Technology, Indian Institute of Technology Guwahati, India",2026-10-01,12:00,12:15,Room 108,,https://polymer.or.kr/conferenceintl/default/program/presentation_detail.php?pid=132
S8,8,1818,Invited,"LIGHT-DRIVEN POLYMERIZATION TO AFFORD FUNCTIONAL HYDROPHILIC POLYMERS WITH ANTIFOULING PROPERTY, PROGRAMMABLE DEGRADATION AND THERMORESPONSIVENESS",Chia-Chih Chang,National Yang Ming Chiao Tung University,2026-10-01,14:25,14:40,Room 108,,https://polymer.or.kr/conferenceintl/default/program/presentation_detail.php?pid=1818
S8,8,1679,Oral,Recognition-Element Engineering of Ionizable Lipids for Enhanced mRNA Vaccine Protection,Yoonkyung Kim,Korea Research Institute of Bioscience and Biotechnology (KRIBB),2026-10-01,14:40,14:55,Room 108,,https://polymer.or.kr/conferenceintl/default/program/presentation_detail.php?pid=1679
S8,8,171,Oral,Sustainable Engineering of Polymer Nanoparticles for RNAi-Mediated Crop Protection and DNA Delivery in Gene Therapies,Fernando Carlos Giacomelli,Federal University of ABC - UFABC,2026-10-01,15:10,15:25,Room 108,,https://polymer.or.kr/conferenceintl/default/program/presentation_detail.php?pid=171
S8,8,522,Invited,Tailoring Acetal Pendant Hydrolysis in Soft Matters: From Programmable Hydrogels to 2D Nanodiscs,Byeong-Su Kim,Yonsei University,0000-00-00,00:00,00:00,Room 108,,https://polymer.or.kr/conferenceintl/default/program/presentation_detail.php?pid=522
S8,8,645,Invited,Thermoresponsive Chitosan-Based Hydrogel Coatings for Blood-Contacting Medical Devices,Ik Sung Cho,Kyushu University,0000-00-00,00:00,00:00,Room 108,,https://polymer.or.kr/conferenceintl/default/program/presentation_detail.php?pid=645
S8,8,664,Invited,Harnessing oxidized alginate microgels for rapid and self-assembling 3D tissue organogenesis In vitro and In vivo,Sangjin Lee,University of Hong Kong,0000-00-00,00:00,00:00,Room 108,,https://polymer.or.kr/conferenceintl/default/program/presentation_detail.php?pid=664
S8,8,740,Invited,Polyelectrolyte Thin Films and Hydrogel Composites for Adaptive Biosensing and Bone Tissue Engineering,Sung Yun Yang,Chungnam Natl. Univ.,0000-00-00,00:00,00:00,Room 108,,https://polymer.or.kr/conferenceintl/default/program/presentation_detail.php?pid=740
S8,8,927,Invited,Development of Artificial Nucleic Acids Targeting Non-Coding DNA,Asako Yamayoshi,Institute of Science Tokyo,0000-00-00,00:00,00:00,Room 108,,https://polymer.or.kr/conferenceintl/default/program/presentation_detail.php?pid=927
S8,8,1220,Invited,Polymeric Membrane Engager Engineering in Natural Killer Cell-mediated Adoptive Cell Therapy for Glioblastoma Treatment,Kyobum Kim,Dongguk University,0000-00-00,00:00,00:00,Room 108,,https://polymer.or.kr/conferenceintl/default/program/presentation_detail.php?pid=1220
S8,8,1236,Invited,iCVD polymer films for biomedical device applications,Sung Gap Im,KAIST,0000-00-00,00:00,00:00,Room 108,,https://polymer.or.kr/conferenceintl/default/program/presentation_detail.php?pid=1236
S8,8,1314,Invited,Micropatterned Nanofibrous Scaffolds for Tissue Engineering and Regenerative Medicine,Won-Gun Koh,Yonsei University,0000-00-00,00:00,00:00,Room 108,,https://polymer.or.kr/conferenceintl/default/program/presentation_detail.php?pid=1314
S8,8,1315,Invited,Biopolymer based-cloaking nanoparticles for cancer therapy,Ja-Hyoung Ryu,UNIST,0000-00-00,00:00,00:00,Room 108,,https://polymer.or.kr/conferenceintl/default/program/presentation_detail.php?pid=1315
S8,8,1317,Invited,Designing Bioactive Hydrogels for In Situ Tissue Regeneration,Kyung Min Park,Incheon National University,0000-00-00,00:00,00:00,Room 108,,https://polymer.or.kr/conferenceintl/default/program/presentation_detail.php?pid=1317
S8,8,1323,Invited,Biomedical Polymer-Based Exosome Delivery Systems for the Treatment of Intractable Diseases,Jae Hyung Park,Sungkyunkwan University,0000-00-00,00:00,00:00,Room 108,,https://polymer.or.kr/conferenceintl/default/program/presentation_detail.php?pid=1323
S8,8,1414,Invited,Immune-compatible Polypyrrole-based Implantable Bioelectrodes via Topographical and Antioxidant Engineering for Modulated Tissue Responses,Jae Young Lee,Gwangju Institute of Science and Technology,0000-00-00,00:00,00:00,Room 108,,https://polymer.or.kr/conferenceintl/default/program/presentation_detail.php?pid=1414
S8,8,1652,Invited,Nanoparticle-based Drug and Gene Delivery for Anti-Cancer Therapy,Won Jong Kim,POSTECH,0000-00-00,00:00,00:00,Room 108,,https://polymer.or.kr/conferenceintl/default/program/presentation_detail.php?pid=1652
S8,8,1688,Invited,Leveraging Biopolymers to Orchestrate Stem Cell Fate Toward Personalized Therapeutic Applications,Soo-Hong Lee,Dongguk University,0000-00-00,00:00,00:00,Room 108,,https://polymer.or.kr/conferenceintl/default/program/presentation_detail.php?pid=1688
S8,8,1707,Invited,Cell-engineered human extracellular matrix in jaw and face repair and regeneration applications,ERIC XIAO,"Beijing Maybio-pharmaceutical Biotech Development Co., Ltd.",0000-00-00,00:00,00:00,Room 108,,https://polymer.or.kr/conferenceintl/default/program/presentation_detail.php?pid=1707
S8,8,1714,Invited,Immune Modulation Strategies for Improved Tumor Control and Therapy,Ji Hoon Jeong,Sungkyunkwan University,0000-00-00,00:00,00:00,Room 108,,https://polymer.or.kr/conferenceintl/default/program/presentation_detail.php?pid=1714
S8,8,1715,Invited,Multifunctional nanocomposite biomaterials based on magnetoelectric nanomaterials for advanced biomedical applications,Chaenyung Cha,UNIST,0000-00-00,00:00,00:00,Room 108,,https://polymer.or.kr/conferenceintl/default/program/presentation_detail.php?pid=1715
S8,8,1801,Invited,Multiplexed Live Cell Profiling,Jina Ko,UPenn,0000-00-00,00:00,00:00,Room 108,,https://polymer.or.kr/conferenceintl/default/program/presentation_detail.php?pid=1801
S8,8,136,Keynote,Supramolecularly cooperative dual-targeting strategy to improve specificity of CRISPR-based tools,Dongsheng Liu,The Hong Kong Polytechnic University,0000-00-00,00:00,00:00,Room 108,,https://polymer.or.kr/conferenceintl/default/program/presentation_detail.php?pid=136
S8,8,1111,Keynote,Application of dynamic covalent chemistry in cell-encapsulating microspheres and injectable hydrogels,Igor Lacik,Polymer Institute of the Slovak Academy of Sciences,0000-00-00,00:00,00:00,Room 108,,https://polymer.or.kr/conferenceintl/default/program/presentation_detail.php?pid=1111
S8,8,1216,Keynote,Thermogelling polymers as a 3D cell culture scaffold,Byeongmoon Jeong,Ewha Womans Univ.,0000-00-00,00:00,00:00,Room 108,,https://polymer.or.kr/conferenceintl/default/program/presentation_detail.php?pid=1216
S8,8,1234,Keynote,"Engineering Self-Propelled Antibiofilm Microrobots (SLAM) for Fouled Devices, Implants, and Infected Wounds",Hyunjoon KONG,University of Illinois at Urbana-Champaign,0000-00-00,00:00,00:00,Room 108,,https://polymer.or.kr/conferenceintl/default/program/presentation_detail.php?pid=1234
S8,8,1736,Keynote,Polymer Mechanochemistry enables the Activation of Drugs and Biologicals by Biocompatible Ultrasound,Andreas Herrmann,RWTH Aachen University,0000-00-00,00:00,00:00,Room 108,,https://polymer.or.kr/conferenceintl/default/program/presentation_detail.php?pid=1736
S8,8,1775,Keynote,Polymeric Composite Materials for Interventional Oncology Image-Guided Medicine in Hepatocellular Carcinoma,Dong Hyun Kim,Northwestern University,0000-00-00,00:00,00:00,Room 108,,https://polymer.or.kr/conferenceintl/default/program/presentation_detail.php?pid=1775
S9,9,176,Keynote,Development of High-performance Biodegradable Biomass Plastics and their Marine Biodegradability,Tadahisa Iwata,The University of Tokyo,2026-09-29,10:50,11:15,Room 313,,https://polymer.or.kr/conferenceintl/default/program/presentation_detail.php?pid=176
S9,9,338,Invited,Learning from Proteins: Circular Polymer Design from Gluten Leather to Silk-Inspired Marine-Degradable Poly(Ester Amide)s,Dongyeop Oh,Korea University,2026-09-29,11:15,11:40,Room 313,,https://polymer.or.kr/conferenceintl/default/program/presentation_detail.php?pid=338
S9,9,1510,Invited,Circular photo 3D printing enabled by dynamic covalent chemistry,Ning Zheng,Zhejiang University,2026-09-29,11:40,12:05,Room 313,,https://polymer.or.kr/conferenceintl/default/program/presentation_detail.php?pid=1510
S9,9,106,Oral,Green Bio-Based Acrylate Hydrogels for Efficient Dye Removal from Aqueous Systems,Alaa Abdelaziz,Researcher at EPRI,2026-09-29,12:05,12:20,Room 313,,https://polymer.or.kr/conferenceintl/default/program/presentation_detail.php?pid=106
S9,9,141,Keynote,Improving Materials Sustainability – Linking Polymer Science and Life-Cycle Analysis,Thomas Epps,University of Delaware,2026-09-29,15:00,15:25,Room 313,,https://polymer.or.kr/conferenceintl/default/program/presentation_detail.php?pid=141
S9,9,178,Invited,"Hydrogen-Bond-Mediated Polymers: Mechanical Properties, Sustainability, and Functionality",Xiaokong Liu,Jilin University,2026-09-29,15:25,15:50,Room 313,,https://polymer.or.kr/conferenceintl/default/program/presentation_detail.php?pid=178
S9,9,360,Invited,"An Integrated, Zero-Waste Strategy for High-Efficiency Chemical Recycling of PET and Glycol-Modified Polyesters via Closed-Loop Valorization",Hyun Min JUNG,Kumoh National Institute of Technology,2026-09-29,15:50,16:15,Room 313,,https://polymer.or.kr/conferenceintl/default/program/presentation_detail.php?pid=360
S9,9,1072,Invited,Molecularly Designed Heterocyclic Additives for Mechanically Reinforced Biodegradable Nanocomposites,Sung Woo Hong,Korea Institute of Industrial Technology (KITECH),2026-09-29,16:40,17:05,Room 313,,https://polymer.or.kr/conferenceintl/default/program/presentation_detail.php?pid=1072
S9,9,184,Invited,ROOM-TEMPERATURE SELF-HEALING GLASSY THERMOSETTING POLYMERS VIA DEFECTIVE NETWORK DESIGN,Jinrong Wu,Sichuan University,2026-09-29,17:05,17:30,Room 313,,https://polymer.or.kr/conferenceintl/default/program/presentation_detail.php?pid=184
S9,9,1025,Invited,﻿Towards the Extrinsic Combined Aerobic and Anaerobic Biodegradability of Plastics in the Marine Environment,Sangyong Kim,Unddiversity Science and Technology,2026-09-29,17:30,17:55,Room 313,,https://polymer.or.kr/conferenceintl/default/program/presentation_detail.php?pid=1025
S9,9,1475,Keynote,Enhancing Degradation of Polylactide: From Comonomers to Masked Acid Additives,Chris Ellison,University of Minnesota,2026-09-30,10:20,10:45,Room 313,,https://polymer.or.kr/conferenceintl/default/program/presentation_detail.php?pid=1475
S9,9,507,Invited,A Tale of Two Additives: Mitigating Leaching While Improving Performance,Guilhem De Hoe,University of Florida,2026-09-30,10:45,11:10,Room 313,,https://polymer.or.kr/conferenceintl/default/program/presentation_detail.php?pid=507
S9,9,843,Invited,Sustainable Plasticizers and Toughening Agents for Poly(lactide),JIHOON SHIN,Korea Research Institute of Chemical Technology (KRICT),2026-09-30,11:10,11:35,Room 313,,https://polymer.or.kr/conferenceintl/default/program/presentation_detail.php?pid=843
S9,9,299,Oral,"Kerr’s Catalyst Immobilized on CO₂-Switchable Dendrimers: Synthesis, Recovery, & Recyclability Studies",Ross Jansen van Vuuren,University of Ljubljana,2026-09-30,11:35,11:50,Room 313,,https://polymer.or.kr/conferenceintl/default/program/presentation_detail.php?pid=299
S9,9,1660,Keynote,Enabling Polyolefin Circularity through Melt Functionalization and Upcycling,Megan Robertson,University of Houston,2026-09-30,15:00,15:25,Room 313,,https://polymer.or.kr/conferenceintl/default/program/presentation_detail.php?pid=1660
S9,9,220,Invited,Chemically Recyclable Functional Polymers via Olefin Metathesis: Conformation-Driven Reversibility Control for Circular Materials,Soon Hyeok Hong,KAIST,2026-09-30,15:25,15:50,Room 313,,https://polymer.or.kr/conferenceintl/default/program/presentation_detail.php?pid=220
S9,9,225,Invited,Oxidative Upcycling of Polyolefins,Shimei Xu,Sichuan University,2026-09-30,15:50,16:15,Room 313,,https://polymer.or.kr/conferenceintl/default/program/presentation_detail.php?pid=225
S9,9,1086,Invited,"Advancing the Sustainability of Biodegradable Plastics: Accelerated Degradation, Resource Recovery (Biogasification), and Ecotoxicological Assessment",Dongku Kang,Incheon National University,2026-09-30,16:25,16:50,Room 313,,https://polymer.or.kr/conferenceintl/default/program/presentation_detail.php?pid=1086
S9,9,445,Invited,Advanced Synthesis and Structural Design of High Performance Biodegradable Polymers Utilizing Furandicarboxylic Acid and Citric Acid,Jun Mo Koo,Chungnam National University,2026-09-30,16:50,17:15,Room 313,,https://polymer.or.kr/conferenceintl/default/program/presentation_detail.php?pid=445
S9,9,1820,Invited,Application of Bio-based and Natural Polymer Materials for Automotive Interior Parts,CHANWOOK PARK,"Interior Materials Development Team, Materials Research and Engineering Center, Hyundai Motor Company",2026-09-30,17:15,17:40,Room 313,,https://polymer.or.kr/conferenceintl/default/program/presentation_detail.php?pid=1820
S9,9,1749,Keynote,Slide-Ring Vitrimer and Biodegradable Nylon 6/66,KOHZO ITO,The University of Tokyo,2026-10-01,10:20,10:45,Room 313,,https://polymer.or.kr/conferenceintl/default/program/presentation_detail.php?pid=1749
S9,9,156,Invited,Visualizing strain and warning of damage from proteins to metals,Joshua Grolman,Technion,2026-10-01,10:45,11:10,Room 313,,https://polymer.or.kr/conferenceintl/default/program/presentation_detail.php?pid=156
S9,9,1212,Invited,Integrated Design Enabling High‑Performance and Marine‑Degradable Bioplastics,Yui Hsu,The University of Osaka,2026-10-01,11:10,11:35,Room 313,,https://polymer.or.kr/conferenceintl/default/program/presentation_detail.php?pid=1212
S9,9,138,Oral,"Advanced Bio-Based Photopolymers for Additive Manufacturing, Energy Harvesting, and Soft Actuation",Sergejs Gaidukovs,RTU,2026-10-01,11:35,11:50,Room 313,,https://polymer.or.kr/conferenceintl/default/program/presentation_detail.php?pid=138
S9,9,258,Oral,Green Photoinitiators for Advanced Manufacturing and Functional Polymers,Pu Xiao,Chinese Academy of Sciences,2026-10-01,11:50,12:05,Room 313,,https://polymer.or.kr/conferenceintl/default/program/presentation_detail.php?pid=258
S9,9,1857,Keynote,From Component in Rubber Seeds to Functional Polymeric Materials,SUWABUN CHIRACHANCHAI,Chulalongkorn University,2026-10-01,14:00,14:25,Room 313,,https://polymer.or.kr/conferenceintl/default/program/presentation_detail.php?pid=1857
S9,9,1122,Invited,Toward Closed-Loop Materials: Circular Design Strategies for Bio-Based Plastics and Functional Degradation Systems,Sung Yeon Hwang,Kyung Hee University,2026-10-01,14:25,14:50,Room 313,,https://polymer.or.kr/conferenceintl/default/program/presentation_detail.php?pid=1122
S9,9,190,Oral,Reprocessing Active Polypropylene Packaging: Performance Retention and Migration Challenges,Eliezer Velasquez,University of Santiago of Chile,2026-10-01,14:50,15:05,Room 313,,https://polymer.or.kr/conferenceintl/default/program/presentation_detail.php?pid=190
S9,9,840,Oral,Brewing Sustainable Polyurethane Foams from Spent Grounds via Polyol Liquefaction,Yi Chun Chen,"Department of Forestry, National Chung Hsing University",0000-00-00,00:00,00:00,Room 313,,https://polymer.or.kr/conferenceintl/default/program/presentation_detail.php?pid=840
S9,9,1164,Oral,Catalytic recycling of silicones into chlorosilanes,Lucie Riviere,"Universite Claude Bernard Lyon 1, CNRS, CPE Lyon, UMR 5128, Laboratory of Catalysis, Polymerization, Processes and Materials (CP2M), 43 Bd du 11 Nov. 1918, Villeurbanne, France",0000-00-00,00:00,00:00,Room 313,,https://polymer.or.kr/conferenceintl/default/program/presentation_detail.php?pid=1164
S9,9,1175,Oral,"Two piles of waste, many solutions: From landfill to value added materials",Christian Schmitt,Karlsruhe Institute of Technology,0000-00-00,00:00,00:00,Room 313,,https://polymer.or.kr/conferenceintl/default/program/presentation_detail.php?pid=1175
S10,10,160,Keynote,Onsager Principle in Soft Matter Physics,Masao Doi,Nagoya University,2026-09-29,10:50,11:15,Room 109,,https://polymer.or.kr/conferenceintl/default/program/presentation_detail.php?pid=160
S10,10,543,Keynote,Design and Simulation of Polymeric Nanomaterials: Gyroidal Engineering,junhan cho,Dankook Univ.,2026-09-29,11:15,11:40,Room 109,,https://polymer.or.kr/conferenceintl/default/program/presentation_detail.php?pid=543
S10,10,503,Invited,Charge-Driven Phase Behavior of Particle-Polyelectrolyte Coacervates,Charles Sing,University of Illinois Urbana-Champaign,2026-09-29,11:40,12:05,Room 109,,https://polymer.or.kr/conferenceintl/default/program/presentation_detail.php?pid=503
S10,10,1795,Keynote,Sustainable plastics design and characterization in the era of machine learning,Juan de Pablo,New York University,2026-09-29,14:50,15:15,Room 313,,https://polymer.or.kr/conferenceintl/default/program/presentation_detail.php?pid=1795
S10,10,1123,Keynote,"PEDOT:PSS Stretchability Enhancement Induced by Hard-Cation-Soft-Anion Ionic Liquids: Simulated Mixing, Drying, Pulling, and Scale Bridging",Yun Hee JANG,DGIST,2026-09-29,15:15,15:40,Room 109,,https://polymer.or.kr/conferenceintl/default/program/presentation_detail.php?pid=1123
S10,10,1812,Invited,Understanding Gas Sensing through Multiscale Simulations of Impurity-Modulated Charge Transport,Kun Han Lin,"Department of Chemical Engineering, National Tsing Hua University",2026-09-29,15:40,16:05,Room 109,,https://polymer.or.kr/conferenceintl/default/program/presentation_detail.php?pid=1812
S10,10,1873,Invited,Ionization of Weak Polyelectrolytes,Guang CHEN,Peking University,2026-09-29,16:40,17:05,Room 109,,https://polymer.or.kr/conferenceintl/default/program/presentation_detail.php?pid=1873
S10,10,587,Invited,Design of protein nanocages using programmed symmetry breaking,Sangmin Lee,Pohang University of Science and Technology (POSTECH),2026-09-29,17:05,17:30,Room 109,,https://polymer.or.kr/conferenceintl/default/program/presentation_detail.php?pid=587
S10,10,449,Keynote,Using Simulations to Relate Morphology and Dynamics in Hydrated Ion-Conducting Polymers,Amalie Frischknecht,Sandia National Laboratories,2026-09-30,10:20,10:45,Room 109,,https://polymer.or.kr/conferenceintl/default/program/presentation_detail.php?pid=449
S10,10,597,Invited,Exploring the Ion Conduction Mechanism of Glass Solid-State Electrolytes,Bong June Sung,Sogang University,2026-09-30,10:45,11:10,Room 109,,https://polymer.or.kr/conferenceintl/default/program/presentation_detail.php?pid=597
S10,10,1129,Invited,Semi-Generic Coarse-Grained Modeling of Ion Transport in Solid Polymer Electrolytes,Lisa Hall,The Ohio State University,2026-09-30,11:10,11:35,Room 109,,https://polymer.or.kr/conferenceintl/default/program/presentation_detail.php?pid=1129
S10,10,1868,Oral,Molecular Origin of the Star-Polymer-Like Repulsion between Glycans,Sucheol Shin,Sungshin Women's University,2026-09-30,11:35,11:50,Room 109,,https://polymer.or.kr/conferenceintl/default/program/presentation_detail.php?pid=1868
S10,10,1165,Keynote,Embracing Polydispersity: Engineering Polymer Brushes and Self-Assembled Nanostructures Through Molecular Diversity,Friederike Schmid,"Institute of Physics, Johannes Gutenberg University Mainz",2026-09-30,15:00,15:25,Room 109,,https://polymer.or.kr/conferenceintl/default/program/presentation_detail.php?pid=1165
S10,10,1115,Invited,Computational Framework for Analyzing Electrostatic and Electrokinetic Properties of Polyelectrolyte Solutions in Brush-Grafted Microchannels,Myung-Suk Chun,KIST & UST,2026-09-30,15:25,15:50,Room 109,,https://polymer.or.kr/conferenceintl/default/program/presentation_detail.php?pid=1115
S10,10,488,Invited,Tricriticality in AnBn Star Polymers Controlled by Arm Number,Jaeup Kim,"Department of Physics, UNIST",2026-09-30,15:50,16:15,Room 109,,https://polymer.or.kr/conferenceintl/default/program/presentation_detail.php?pid=488
S10,10,566,Invited,MLIP Toward Complex Fluid Systems: From Training Strategies to Reaction Dynamics in Aqueous and Supercritical Environments,Won Bo Lee,Seoul National University,2026-09-30,16:50,17:15,Room 109,,https://polymer.or.kr/conferenceintl/default/program/presentation_detail.php?pid=566
S10,10,1745,Invited,AI-assisted design framework for data-scarce thermosetting materials,Jian Jiang,Laboratory of Polymer Physics and Chemistry,2026-09-30,17:15,17:40,Room 109,,https://polymer.or.kr/conferenceintl/default/program/presentation_detail.php?pid=1745
S10,10,100,Oral,Molecular modeling of biomaterials used as bioadhesives and for tissue regeneration applications,Dafna Knani,Braude College of Engineering,2026-09-30,23:50,12:05,Room 109,,https://polymer.or.kr/conferenceintl/default/program/presentation_detail.php?pid=100
S10,10,452,Keynote,Topology-Controlled Self-Assembly of Unit-Matched AB Block Copolymers,June Huh,Korea University,2026-10-01,10:20,10:45,Room 109,,https://polymer.or.kr/conferenceintl/default/program/presentation_detail.php?pid=452
S10,10,485,Invited,Efficient Modeling of Stochastic Reaction–Diffusion Processes Using the Linear Noise Approximation,Kenji Yoshimoto,Kanazawa University,2026-10-01,10:45,11:10,Room 109,,https://polymer.or.kr/conferenceintl/default/program/presentation_detail.php?pid=485
S10,10,137,Invited,Multi-fidelity active learning for cost-aware planning of of directed self-assembly simulations,Min Young Ha,Kyung Hee University,2026-10-01,11:10,11:35,Room 109,,https://polymer.or.kr/conferenceintl/default/program/presentation_detail.php?pid=137
S10,10,1552,Oral,Validation of Universal Neural Network Potentials for Bulk and Thermodynamic Properties of Polymers,Akihiro Nagoya,Matlantis Corporation,2026-10-01,11:35,11:50,Room 109,,https://polymer.or.kr/conferenceintl/default/program/presentation_detail.php?pid=1552
S10,10,1701,Oral,H-Bond State Spectroscopy: A Bitstring Framework for Characterizing Noncovalent Interaction Networks in Polymers,Amrit Sarmah,RIKEN CCS,2026-10-01,11:50,12:05,Room 109,,https://polymer.or.kr/conferenceintl/default/program/presentation_detail.php?pid=1701
S10,10,303,Invited,Computational Insights into Microtopology–Property Relationships in Crosslinked Polymer Networks,Sohdam Jeong,Dong-Eui University,2026-10-01,14:00,14:25,Room 109,,https://polymer.or.kr/conferenceintl/default/program/presentation_detail.php?pid=303
S10,10,546,Invited,Interaction-Dependent Sampling of Dynamic Heterogeneity by Molecular Probes in Polymer Melts,Kwon Taejin,"Department of Chemistry and Cosmetics, Jeju National University",2026-10-01,14:25,14:50,Room 109,,https://polymer.or.kr/conferenceintl/default/program/presentation_detail.php?pid=546
S10,10,1656,Invited,Molecular Simulations of Polymeric Materials for Energy Applications,Tae Kyung Lee,Hanyang University,2026-10-01,14:50,15:15,Room 109,,https://polymer.or.kr/conferenceintl/default/program/presentation_detail.php?pid=1656
S11,19,207,Keynote,Bio-Inspired Functional Materials via Hierarchical Assembly,Vladimir Tsukruk,Georgia Instutte of Technology,2026-09-29,10:50,11:15,Room 110,,https://polymer.or.kr/conferenceintl/default/program/presentation_detail.php?pid=207
S11,19,701,Invited,Molecular Design of Fluorene-Derived High-Refractive-Index Polymers via Densely Packed Cardo Architectures,Changsik Song,Sungkyunkwan University,2026-09-29,11:15,11:40,Room 110,,https://polymer.or.kr/conferenceintl/default/program/presentation_detail.php?pid=701
S11,19,421,Invited,From Topology to Function: Thermomechanical and Multifunctional Vitrimer Nanocomposites,Dhriti Nepal,"Air Force Research Lab, Wright Patterson AFB, OH",2026-09-29,11:40,12:05,Room 110,,https://polymer.or.kr/conferenceintl/default/program/presentation_detail.php?pid=421
S11,19,1128,Invited,Measurement and Materials Platforms for Enabling Next Generation Semiconductor Packaging Technologies,Christopher Soles,National Institute of Standards and Technology,2026-09-29,15:00,15:25,Room 110,,https://polymer.or.kr/conferenceintl/default/program/presentation_detail.php?pid=1128
S11,19,250,Invited,Materials and Design of the Advanced Bioelectronics: from Sensitivity to Selectivity,Tae-il Kim,Sungkyunkwan University,2026-09-29,15:25,15:50,Room 110,,https://polymer.or.kr/conferenceintl/default/program/presentation_detail.php?pid=250
S11,19,221,Invited,"Creating Bright, Stable, and Patterned Perovskite Nanocrystals with Polymer Ligands",Todd Emrick,University of Massachusetts Amherst,2026-09-29,15:50,16:15,Room 110,,https://polymer.or.kr/conferenceintl/default/program/presentation_detail.php?pid=221
S11,19,1101,Invited,Adaptive Sharkskin-Inspired Microstructured Surfaces through Magnetic Programming and Dynamic Network Reconfiguration,Jeong Jae (JJ) Wie,Hanyang University,2026-09-29,16:15,16:30,Room 110,,https://polymer.or.kr/conferenceintl/default/program/presentation_detail.php?pid=1101
S11,19,1112,Invited,Measurements of CO2 Capture in Hyperbranched PEI Thin Films,Christopher M Stafford,National Institute of Standards and Technology,2026-09-29,16:40,17:05,Room 110,,https://polymer.or.kr/conferenceintl/default/program/presentation_detail.php?pid=1112
S11,19,1137,Invited,Electromechanically Robust Gallium-Based Elastomeric Composites for Soft Machine Engineering,Gun-Hee Lee,UNIST,2026-09-29,17:05,17:30,Room 110,,https://polymer.or.kr/conferenceintl/default/program/presentation_detail.php?pid=1137
S11,19,712,Invited,Sustainable Strategies for the Functional Upcycling of Polystyrene Using Ball-Mill Grinding,Gregory Peterson,Incheon National University,2026-09-30,10:45,11:10,Room 110,,https://polymer.or.kr/conferenceintl/default/program/presentation_detail.php?pid=712
S11,19,450,Invited,Ion and Water Transport in Weak Polyelectrolyte Membranes,Hee Jeung Oh,Penn State University,2026-09-30,11:10,11:35,Room 110,,https://polymer.or.kr/conferenceintl/default/program/presentation_detail.php?pid=450
S11,19,1805,Oral,Anti-Adhesive 3D-Printed Photopolymer Molds for Hydrogel Microneedle Fabrication,CHAN HO PARK,Gachon University,2026-09-30,11:35,11:50,Room 110,,https://polymer.or.kr/conferenceintl/default/program/presentation_detail.php?pid=1805
S11,19,1113,Invited,Biopolymer-Encapsulated Plasmonic Nanoparticles: A Scalable Platform for Advanced Engineering Applications,Kyoungweon Park,AFRL/Aerovironment,2026-09-30,15:00,15:25,Room 110,,https://polymer.or.kr/conferenceintl/default/program/presentation_detail.php?pid=1113
S11,19,1180,Invited,Assembly of Colloidal Polymer Fibril to Ultrastrong Fibers,TAE HEE HAN,Hanyang University,2026-09-30,15:25,15:50,Room 110,,https://polymer.or.kr/conferenceintl/default/program/presentation_detail.php?pid=1180
S11,19,1061,Invited,Development of Fully Recyclable Flame-Retardant Self-Reinforced Composites via Multifunctional mPAO Additive,Ji-Eun Jeong,KRICT (Korea Research Institute of Chemical Technology),2026-09-30,15:50,16:15,Room 110,,https://polymer.or.kr/conferenceintl/default/program/presentation_detail.php?pid=1061
S11,19,959,Keynote,Three-Dimensionally Continuous Polyurea Network Membrane Nanoreactors for Selective Chemo- and Biocatalysis under Confined Flow,JI-Woong Park,Gwangju Institute of Science and Technology,2026-10-01,10:20,10:45,Room 110,,https://polymer.or.kr/conferenceintl/default/program/presentation_detail.php?pid=959
S11,19,1705,Invited,Physical Problem Solving by Expressing Form and Property,Jiyun Kim,UNIST,2026-10-01,10:45,11:10,Room 110,,https://polymer.or.kr/conferenceintl/default/program/presentation_detail.php?pid=1705
S11,19,538,Invited,“You Can’t 3D Print That” as an Inspiration for New Technologies,AJ Boydston,University of Wisconsin,2026-10-01,11:10,11:35,Room 110,,https://polymer.or.kr/conferenceintl/default/program/presentation_detail.php?pid=538
S11,19,1009,Invited,Bridging Mechanochemistry and Wave Physics: High Strain Rate Stress Wave Dissipation via Dynamic Networks and Structurally Programmed Patterning,Jaejun Lee,Pusan National University,2026-10-01,14:50,15:15,Room 110,,https://polymer.or.kr/conferenceintl/default/program/presentation_detail.php?pid=1009
S11,19,1699,Invited,Harnessing advanced methods for the synthesis of oligosiloxane-based covalent adaptable networks,Luke Baldwin,Air Force Research Laboratory - USA,0000-00-00,00:00,00:00,Room 110,,https://polymer.or.kr/conferenceintl/default/program/presentation_detail.php?pid=1699
S11,19,541,Oral,Molecular Design of Bottlebrush Copolymers for Hierarchical Macromolecular Assemblies,Jaeman Shin,Soongsil University,0000-00-00,00:00,00:00,Room 110,,https://polymer.or.kr/conferenceintl/default/program/presentation_detail.php?pid=541
S12,20,1774,Keynote,"Women in Science and Engineering Research and Education: Looking Back, Racing Forward",Zakya Hussein Kafafi,Lehigh University,2026-09-30,10:20,10:45,Room 204,,https://polymer.or.kr/conferenceintl/default/program/presentation_detail.php?pid=1774
S12,20,1802,Invited,Development of Organic Semiconducting Materials for Solar Cell,Yun-Hi Kim,Gyeongsang National University,2026-09-30,10:45,11:10,Room 204,,https://polymer.or.kr/conferenceintl/default/program/presentation_detail.php?pid=1802
S12,20,102,Invited,Vitamins and spices for healthy organic solar cells,Vida Engmann,University of Southern Denmark,2026-09-30,11:10,11:35,Room 204,,https://polymer.or.kr/conferenceintl/default/program/presentation_detail.php?pid=102
S12,20,1808,Invited,Eluciating Electronic and Ionic transport in Organic semiconducting Polymers,Hyunjung Lee,Kookmin Univ.,2026-09-30,11:35,12:00,Room 204,,https://polymer.or.kr/conferenceintl/default/program/presentation_detail.php?pid=1808
S12,20,1816,Invited,Sustainable Electronic Biosensors through Advanced Materials Engineering,Anna Maria PAPPA,Khalifa University,2026-09-30,12:00,12:15,Room 204,,https://polymer.or.kr/conferenceintl/default/program/presentation_detail.php?pid=1816
S12,20,1817,Invited,Bio-Derived Conducting Polymer Composites for Sustainable Bioelectronics,Serpil TEKOGLU,Johannes Kepler Universität Linz,2026-09-30,12:15,12:20,Room 204,,https://polymer.or.kr/conferenceintl/default/program/presentation_detail.php?pid=1817
S12,20,351,Keynote,Atom-efficient synthesis of indacenodithiophene (IDT)-based polymers and their charge transport properties,Christine Luscombe,Okinawa Institute of Science and Technology,2026-09-30,15:00,15:25,Room 204,,https://polymer.or.kr/conferenceintl/default/program/presentation_detail.php?pid=351
S12,20,1859,Keynote,Polymeric Mixed Conductors for Bioelectronic Sensors,Sahika Inal,KAUST,2026-09-30,15:50,16:15,Room 204,,https://polymer.or.kr/conferenceintl/default/program/presentation_detail.php?pid=1859
S12,20,1713,Invited,Chiral Self-Assembled Soft Materials as Physically Unclonable Functions for Sustainable Secure Electronics,Eunji Lee,Gwangju Institute of Science and Technology,2026-09-30,17:15,17:40,Room 204,,https://polymer.or.kr/conferenceintl/default/program/presentation_detail.php?pid=1713
S13,21,1028,Keynote,Building Bridges in Polymer Science: Achievements and Future Perspectives of Korea–Germany Cooperation,Kwang-Sup Lee,Hannam University,2026-09-29,11:05,11:30,Room 203,,https://polymer.or.kr/conferenceintl/default/program/presentation_detail.php?pid=1028
S13,21,1747,Keynote,Development of Quantum Dot (QD)-Polymer Hybrids Towards High-Performance QD Light-Emitting diode Displays,Changhee Lee,Samsung Display Co.,2026-09-29,11:55,12:20,Room 203,,https://polymer.or.kr/conferenceintl/default/program/presentation_detail.php?pid=1747
S13,21,340,Invited,From molecular actuation to microscopic motion,Svetlana Santer,"University of Potsdam, Institute of Physics and Astronomy, Karl-Liebcknecht Str. 24",2026-09-29,15:15,15:40,Room 203,,https://polymer.or.kr/conferenceintl/default/program/presentation_detail.php?pid=340
S13,21,1214,Invited,Engineering Ionic–Electronic Carrier Balance for High Thermoelectric Performance in Polymeric Mixed Conductors,Eunkyoung Kim,Yonsei University,2026-09-29,15:40,16:05,Room 203,,https://polymer.or.kr/conferenceintl/default/program/presentation_detail.php?pid=1214
S13,21,1763,Invited,Impact of Structural and Energetic Disorder on Charge Transport and Generation in Chemically Doped Conjugated Polymers,Kilwon Cho,Pohang University of Science and Technology,2026-09-29,17:05,17:30,Room 203,,https://polymer.or.kr/conferenceintl/default/program/presentation_detail.php?pid=1763
S13,21,1179,Invited,Precision glycopolymers to develop dynamic glycocalyx models and study infections,Laura Hartmann,University Freiburg,2026-09-29,17:30,17:55,Room 203,,https://polymer.or.kr/conferenceintl/default/program/presentation_detail.php?pid=1179
S13,21,1147,Invited,"2D Materials for Post-AI Era: Smart Fibers, Soft Robotics & Single Atom Catalysts",Sang Ouk Kim,KAIST,2026-09-30,10:20,10:45,Room 203,,https://polymer.or.kr/conferenceintl/default/program/presentation_detail.php?pid=1147
S13,21,1187,Invited,Functional paper – where tradition meets innovation,Markus Biesalski,Technical University of Darmstadt,2026-09-30,10:45,11:10,Room 203,,https://polymer.or.kr/conferenceintl/default/program/presentation_detail.php?pid=1187
S13,21,216,Invited,Hybrid Photocatalyst Based on Polymer Dots and Pt-Decorated TiO2 Nanofibers for Solar-Driven NADH Regeneration and Enzymatic CO2 Reduction,Taek Seung Lee,Chungnam National University,2026-09-30,11:10,11:35,Room 203,,https://polymer.or.kr/conferenceintl/default/program/presentation_detail.php?pid=216
S13,21,1135,Invited,Polymer materials for lithium metal batteries,Andre Groeschel,University of Bayreuth,2026-09-30,11:35,12:00,Room 203,,https://polymer.or.kr/conferenceintl/default/program/presentation_detail.php?pid=1135
S13,21,1145,Invited,Smart Healthcare Materials and Wearable Devices for Theranostic Applications,Sei Kwang Hahn,POSTECH,2026-09-30,12:00,12:25,Room 203,,https://polymer.or.kr/conferenceintl/default/program/presentation_detail.php?pid=1145
S13,21,1174,Invited,Bio-Inspired Polymer Materials – Engineering Emergent Function through Molecular Assembly,Stephen Schrettl,Technical University of Munich,2026-09-30,15:00,15:25,Room 203,,https://polymer.or.kr/conferenceintl/default/program/presentation_detail.php?pid=1174
S13,21,1312,Invited,Controlling Dynamic Bio-Interfaces via Supramolecular Photoswitching and Living Therapeutics for Precision Medicine,SEHOON KIM,Korea Institute of Science and Technology,2026-09-30,15:25,15:50,Room 203,,https://polymer.or.kr/conferenceintl/default/program/presentation_detail.php?pid=1312
S13,21,1006,Invited,Polymerization-induced microphase separation for higher-χ systems,Myungeun Seo,KAIST,2026-09-30,16:35,17:00,Room 203,,https://polymer.or.kr/conferenceintl/default/program/presentation_detail.php?pid=1006
S13,21,1352,Invited,PEDOT:PEC Photo-thermal Hydrogel for Solar-Driven Interfacial Evaporation,Tae-Dong Kim,Hannam University,2026-09-30,17:50,18:15,Room 203,,https://polymer.or.kr/conferenceintl/default/program/presentation_detail.php?pid=1352
S13,21,1144,Keynote,Joint work in Polymer Science within the IRTG (Germany - Korea) From Materials to Life Science,Rudolf Zentel,University of Mainz,0000-00-00,00:00,00:00,Room 203,,https://polymer.or.kr/conferenceintl/default/program/presentation_detail.php?pid=1144
GS1,23,672,Oral,Eco-Friendly Recyclable Pressure-Sensitive Adhesive Coatings for Microplastic Capture via Polarity-Switchable Maleic Anhydride Copolymers,YUN YEONG CHOI,Pusan National University,2026-09-28,14:00,14:12,Room 101,,https://polymer.or.kr/conferenceintl/default/program/presentation_detail.php?pid=672
GS1,23,663,Oral,Silane-Assisted Surface Modification of Solder Bump Interfaces for Reliable Underfill Adhesion,Hui seong EOM,Inha university,2026-09-28,14:12,14:24,Room 101,,https://polymer.or.kr/conferenceintl/default/program/presentation_detail.php?pid=663
GS1,23,1326,Oral,Modulation of Antifouling Properties and pH Responsiveness by Carboxyl Group Position in Ethylenediamine-Derived Polymer Betaines,Hiina Danno,Kyoto Prefectural University of Medicine,2026-09-28,14:24,14:36,Room 101,,https://polymer.or.kr/conferenceintl/default/program/presentation_detail.php?pid=1326
GS1,23,631,Oral,Colloidal cubic diamonds from binary Laves phases,Jong-Hoon Kim,Pohang University of Science and Technology (POSTECH),2026-09-28,14:36,14:48,Room 101,,https://polymer.or.kr/conferenceintl/default/program/presentation_detail.php?pid=631
GS1,23,432,Oral,Time-Domain Multi-color Optical Encryption Using Photopatterned Photochromic Polymer Matrices,Hyun Joon Chun,POSTECH,2026-09-28,14:48,15:00,Room 101,,https://polymer.or.kr/conferenceintl/default/program/presentation_detail.php?pid=432
GS1,23,565,Oral,Red-Light-Absorbing Donor–Acceptor Conjugated Polymer Nanoparticles Enable Efficient and Biocompatible Photobiocatalysis,Huan Dang,Max Planck Institute for Polymer Research,2026-09-28,15:00,15:12,Room 101,,https://polymer.or.kr/conferenceintl/default/program/presentation_detail.php?pid=565
GS1,23,1032,Oral,Revisiting PEG Oxidation Chemistry for the Design of Oxygen-Scavenging Nano- and Microgels,Uijung Hwang,Seoul national university,2026-09-28,15:12,15:24,Room 101,,https://polymer.or.kr/conferenceintl/default/program/presentation_detail.php?pid=1032
GS1,23,404,Oral,Controlling Conjugated Polymer Assembly from Parallel to Intersecting Backbone Stacking for Enhanced Charge Separation and Efficient Photodynamic Therapy,Min Gyeongseon,Chung-Ang University,2026-09-28,15:24,15:36,Room 101,,https://polymer.or.kr/conferenceintl/default/program/presentation_detail.php?pid=404
GS1,23,505,Oral,Effect of Adherent Surface Chemistry on Interfacial Conformation and Adhesion Property of Epoxy Resins,Koyu Eto,Kyushu University,2026-09-28,15:36,15:48,Room 101,,https://polymer.or.kr/conferenceintl/default/program/presentation_detail.php?pid=505
GS1,23,1519,Oral,Surface Passivating Dynamic Imine Networks with Enhanced Water Resistance,Ji Min Lee,Chung-Ang University,2026-09-28,15:48,16:00,Room 101,,https://polymer.or.kr/conferenceintl/default/program/presentation_detail.php?pid=1519
GS1,23,691,Oral,Spatially Programmed Water Condensation for Dynamic Retroreflective Color Graphics,Hyejin Roh,KAIST,2026-09-28,16:00,16:12,Room 101,,https://polymer.or.kr/conferenceintl/default/program/presentation_detail.php?pid=691
GS1,23,1636,Oral,Interfacial Supramolecular Ionic Polymerization,Xingjian Sun,The University of Tokyo,2026-09-28,16:12,16:24,Room 101,,https://polymer.or.kr/conferenceintl/default/program/presentation_detail.php?pid=1636
GS1,23,710,Oral,Charge-Transfer-Induced Crystallization Nanoassemly of Conjugated Polymer Elucidated by Cryogenic TEM,JunYeon Yoon,"Department of Materials Science and Engineering, Gwangju Institute of Science and Technology, Buk-gu, Gwangju, Korea (the Republic of)",2026-09-28,16:24,16:36,Room 101,,https://polymer.or.kr/conferenceintl/default/program/presentation_detail.php?pid=710
GS1,23,335,Oral,Molecular Dynamics Investigation of PVdF-Based Binder Adsorption on Graphite Anode and NMC Cathode Surfaces Using OPLS-AA and Machine Learning Interatomic Potentials,Wooseop HWANG,KOREA Univ,2026-09-28,16:36,16:48,Room 101,,https://polymer.or.kr/conferenceintl/default/program/presentation_detail.php?pid=335
GS1,23,1146,Oral,Hydrolysis-Activated Bottlebrush Polymer Surfactants with Architecture-Dependent Interfacial Activity,Kyoungwon Lee,University of Massachusetts Amherst,2026-09-28,16:48,17:00,Room 101,,https://polymer.or.kr/conferenceintl/default/program/presentation_detail.php?pid=1146
GS2,25,341,Oral,NIR-responsive Hyaluronic Acid-Based Nanoplatforms for Synergistic Cancer Treatment,Subin Lee,Hanyang University,2026-09-28,14:00,14:12,Room 102,,https://polymer.or.kr/conferenceintl/default/program/presentation_detail.php?pid=341
GS2,25,957,Oral,Fatty Acid–Integrated Gas-Generating Polymeric Nanoparticles for Enhancing Anti–PD-L1 Therapy in Melanoma,In young LEE,Hanyang University,2026-09-28,14:12,14:24,Room 102,,https://polymer.or.kr/conferenceintl/default/program/presentation_detail.php?pid=957
GS2,25,616,Oral,Polymeric Nanoparticles as a Versatile Platform for Fluorescent Cell-Imaging and Electrochemical Sensing,Jio Kang,Pukyong National University,2026-09-28,14:24,14:36,Room 102,,https://polymer.or.kr/conferenceintl/default/program/presentation_detail.php?pid=616
GS2,25,103,Oral,Two-Dimensional Bottlebrush Polymer Nanodiscs as Shape-Tunable Nanocarriers for Biological Functions,Ping Zeng,The University of Sydney,2026-09-28,14:36,14:48,Room 102,,https://polymer.or.kr/conferenceintl/default/program/presentation_detail.php?pid=103
GS2,25,1484,Oral,Programmable Assembly of Multiple AAV Vectors for Expanded Gene Delivery,yonghwan Kim,Pohang University of Science and Technology(POSTECH),2026-09-28,14:48,15:00,Room 102,,https://polymer.or.kr/conferenceintl/default/program/presentation_detail.php?pid=1484
GS2,25,1668,Oral,An Oral Bioactive Nanoparticle Platform for Restoring Intestinal Homeostasis in Colitis through Dual Regulation of Nitrosative Stress and Butyrate Availability,Jieun Kim,POSTECH,2026-09-28,15:00,15:12,Room 102,,https://polymer.or.kr/conferenceintl/default/program/presentation_detail.php?pid=1668
GS2,25,88,Oral,Investigations into Biodistribution of Nanoparticles using Microfluidic in 3D Vitro Models,Zeyan Xu,University of New South Wales,2026-09-28,15:12,15:24,Room 102,,https://polymer.or.kr/conferenceintl/default/program/presentation_detail.php?pid=88
GS2,25,1094,Oral,Mechanically Programmed Janus Hydrogel Patch for Hydration-Triggered Gastrointestinal Sealing,David Seog,Kyungpook National University,2026-09-28,15:24,15:36,Room 102,,https://polymer.or.kr/conferenceintl/default/program/presentation_detail.php?pid=1094
GS2,25,1348,Oral,Painless Fe(III)-Specific GelMA Hydrogel Microneedle Patch for Remote Management of Transfusion-induced Iron Overload,Byulhana Kim,Seoul National University,2026-09-28,15:36,15:48,Room 102,,https://polymer.or.kr/conferenceintl/default/program/presentation_detail.php?pid=1348
GS2,25,795,Oral,From Polymer-based Cryoprotectants to Photocurable Cryoprotective gels : Engineering Hyperbranched Polyglycerol for Enhanced Cell Cryopreservation,Dayoung Kim,Inha Univ.,2026-09-28,15:48,16:00,Room 102,,https://polymer.or.kr/conferenceintl/default/program/presentation_detail.php?pid=795
GS2,25,562,Oral,Maskless Projection Lithography of Protein Gradients on Tunable Antifouling Polymeric Coatings,Hanyan Lyu,"University of Freiburg, Faculty of Engineering",2026-09-28,16:00,16:12,Room 102,,https://polymer.or.kr/conferenceintl/default/program/presentation_detail.php?pid=562
GS2,25,572,Oral,iCVD-deposited ultrathin adhesive copolymer film for tissue interfaces,Yunyoung Choi,KAIST/KIST,2026-09-28,16:12,16:24,Room 102,,https://polymer.or.kr/conferenceintl/default/program/presentation_detail.php?pid=572
GS2,25,629,Oral,Microstructured Organic Sunscreen Emulsions with Enhanced SPF and Reduced Skin Penetration,Jaeyeong Kwon,Pohang University of Science and Technology (POSTECH),2026-09-28,16:24,16:36,Room 102,,https://polymer.or.kr/conferenceintl/default/program/presentation_detail.php?pid=629
GS2,25,1654,Oral,Targeted Degradation of NRF2 Using an Oligonucleotide-PROTAC Overcomes Cancer Drug Resistance,yejin lee,Seoul National University,2026-09-28,16:36,16:48,Room 102,,https://polymer.or.kr/conferenceintl/default/program/presentation_detail.php?pid=1654
GS2,25,1470,Oral,Making Chitin Thermal-Processable: A Model Case of Chitin Nanowhisker-Based Vitrimeric Materials Enabled by Dynamic Boronic Ester Networks,Patakorn Pilasen,"Center of Excellence in Bioresources to Advanced Materials (B2A-CE), The Petroleum and Petrochemical College, Chulalongkorn University, Bangkok 10330, Thailand",2026-09-28,16:48,17:00,Room 102,,https://polymer.or.kr/conferenceintl/default/program/presentation_detail.php?pid=1470
GS3,24,396,Oral,Reconfigurable Anisotropic Thermal Composites Enabled by Borosiloxane Covalent Adaptable Networks,Seungjae Shin,Pusan National University,2026-09-28,14:00,14:12,Room 103,,https://polymer.or.kr/conferenceintl/default/program/presentation_detail.php?pid=396
GS3,24,1238,Oral,Control of Frank–Kasper Mesocrystals in Dendron Assemblies through Core Interactions and Shell Constraints,Junsu Kim,Yonsei University,2026-09-28,14:12,14:24,Room 103,,https://polymer.or.kr/conferenceintl/default/program/presentation_detail.php?pid=1238
GS3,24,413,Oral,Stiffness-Patterned Physically Intelligent Liquid Crystal Polymers for  Self-Guided and Light-Fueled Multimodal Jumping,Min Jeong Hahm,Hanyang University,2026-09-28,14:24,14:36,Room 103,,https://polymer.or.kr/conferenceintl/default/program/presentation_detail.php?pid=413
GS3,24,1667,Oral,Directing Chain Alignment with Plasticizers for Ultra-Low Strain Mechanophoric Epoxy Coatings,Sana Ashqar,"Department of Materials Science and Engineering, Technion – Israel Institute of Technology",2026-09-28,14:36,14:48,Room 103,,https://polymer.or.kr/conferenceintl/default/program/presentation_detail.php?pid=1667
GS3,24,1053,Oral,"Scalable, Low-Energy Processing of Functionally Graded Polymer Composites for Advanced Engineering Applications",Yugyeong Kang,Seoul National University,2026-09-28,14:48,15:00,Room 103,,https://polymer.or.kr/conferenceintl/default/program/presentation_detail.php?pid=1053
GS3,24,652,Oral,Development of Passerini-Iterative Exponential Growth (P-IEG): From Sequence-Defined Monodisperse Polymers to Bottlebrush Architectures and Molecular Data Storage,Su Bin Park,Seoul National University,2026-09-28,15:00,15:12,Room 103,,https://polymer.or.kr/conferenceintl/default/program/presentation_detail.php?pid=652
GS3,24,352,Oral,High-Throughput LNP Production Using a 3D-Printed Continuous Mixing-Extrusion Platform,Leekang Jeon,Pohang University of Science and Technology(POSTECH),2026-09-28,15:12,15:24,Room 103,,https://polymer.or.kr/conferenceintl/default/program/presentation_detail.php?pid=352
GS3,24,1444,Oral,Molecular Friction as a Quantitative Design Parameter for Predicting Mechanical Responses of Model Network Elastomers,Qiyue Cui,The University of Tokyo,2026-09-28,15:24,15:36,Room 103,,https://polymer.or.kr/conferenceintl/default/program/presentation_detail.php?pid=1444
GS3,24,1181,Oral,Bicontinuous PMMA/SiO2 Nanonetworks with Reinforced Interfacial Strength as Mechanical Metamaterials from Block Copolymer-Templated Syntheses,Ke Hsin Yin,National Tsing Hua University,2026-09-28,15:36,15:48,Room 103,,https://polymer.or.kr/conferenceintl/default/program/presentation_detail.php?pid=1181
GS3,24,115,Oral,Microscopic Origins for Solid-State Vibrational Circular Dichroism of Chiral Polylactide Crystals,Sheng Wei Shao,National Tsing Hua University,2026-09-28,15:48,16:00,Room 103,,https://polymer.or.kr/conferenceintl/default/program/presentation_detail.php?pid=115
GS3,24,798,Oral,"Tunable Structure, Relaxation, and Printability of Complex Coacervate Core Hydrogels via Charged-Block Length Asymmetry",Moon-Chul Ryu,Hongik University,2026-09-28,16:00,16:12,Room 103,,https://polymer.or.kr/conferenceintl/default/program/presentation_detail.php?pid=798
GS3,24,1224,Oral,Thermomechanical properties of free-standing polymer thin films on an ionic liquid surface at low temperatures via a novel direct testing method,Eun Sung Oh,KAIST,2026-09-28,16:12,16:24,Room 103,,https://polymer.or.kr/conferenceintl/default/program/presentation_detail.php?pid=1224
GS3,24,1509,Oral,Self-Healing Glass Constructed from Oligo(thiourea) Macrocycles,Yulong Ji,RIKEN,2026-09-28,16:24,16:36,Room 103,,https://polymer.or.kr/conferenceintl/default/program/presentation_detail.php?pid=1509
GS3,24,97,Oral,Cooperative reactivity in polymer mechanochemistry,Vittal Bhat,Stanford University,2026-09-28,16:36,16:48,Room 103,,https://polymer.or.kr/conferenceintl/default/program/presentation_detail.php?pid=97
GS3,24,932,Oral,Molecular Dynamics Study of Terminal Chain Length Effects on Phase Structure of Bent-Core Liquid Crystals in the B4 Phase,HyeonJun Kim,Korea University,2026-09-28,16:48,17:00,Room 103,,https://polymer.or.kr/conferenceintl/default/program/presentation_detail.php?pid=932
GS4,26,179,Oral,From Charge Collection Narrowing to Photomultiplication: Unconventional Strategies to Enhance NIR/SWIR Detection in Organic Photodetectors,Matilde Brunetta,Imperial College London,2026-09-28,15:48,16:00,Room 104,,https://polymer.or.kr/conferenceintl/default/program/presentation_detail.php?pid=179
GS4,26,201,Oral,Carbonyl-Driven Dual-Mode Electrostatic Doping of High-Conductivity Polymers for Advanced Electronic and Optoelectronic Electrodes,Seungju Kang,SKKU Advanced Institute of Nanotechnology (Sungkyunkwan University),2026-09-28,15:48,16:00,Room 104,,https://polymer.or.kr/conferenceintl/default/program/presentation_detail.php?pid=201
GS4,26,269,Oral,Effect of Interfacial Complexation of Two Oppositely Charged Polyelectrolytes for Low-Voltage Reversible Electroadhesion,Seungju Lee,Sogang university,2026-09-28,15:48,16:00,Room 104,,https://polymer.or.kr/conferenceintl/default/program/presentation_detail.php?pid=269
GS4,26,364,Oral,Engineering Charge Transport and Polarity through Heavy Doping-Induced Structural Transformations in Conjugated Polymers,Eunsol Ok,POSTECH,2026-09-28,15:48,16:00,Room 104,,https://polymer.or.kr/conferenceintl/default/program/presentation_detail.php?pid=364
GS4,26,662,Oral,Development Intrinsically Stretchable Organic Photodetectors Exhibiting Strain-Induced Detectivity Enhancement,Hyesu Jeon,Korea Advanced Institute of Science and Technology,2026-09-28,15:48,16:00,Room 104,,https://polymer.or.kr/conferenceintl/default/program/presentation_detail.php?pid=662
GS4,26,782,Oral,Inter-chain distance governs the electron transport process of donor-acceptor polymer melts,Yesung Hong,sogang university,2026-09-28,15:48,16:00,Room 104,,https://polymer.or.kr/conferenceintl/default/program/presentation_detail.php?pid=782
GS4,26,830,Oral,Precision-Guided Formation of Uniform MAPbBr₃ Cuboid Crystals for Stable Light Amplification via Block Copolymer Self-Assembly,Hyun Jeong Lee,EWHA Womans university,2026-09-28,15:48,16:00,Room 104,,https://polymer.or.kr/conferenceintl/default/program/presentation_detail.php?pid=830
GS4,26,842,Oral,Counterion-Regulated Electrolyte-Gated Synaptic Transistors for Reservoir Computing,Myeongjin An,Seoul National University of Science and Technology,2026-09-28,15:48,16:00,Room 104,,https://polymer.or.kr/conferenceintl/default/program/presentation_detail.php?pid=842
GS4,26,1097,Oral,Cumulative sensing of low-level chemical analytes based on dual-mode organic electrochemical platform,Elvis K. Boahen,Hanyang University,2026-09-28,15:48,16:00,Room 104,,https://polymer.or.kr/conferenceintl/default/program/presentation_detail.php?pid=1097
GS4,26,1310,Oral,Suppressing Hysteresis in Vapor-Deposited Tin Perovskite Transistors via Additive Engineering,Hyeyeon Jung,POSTECH,2026-09-28,15:48,16:00,Room 104,,https://polymer.or.kr/conferenceintl/default/program/presentation_detail.php?pid=1310
GS4,26,1349,Oral,Monolithically Integrated Fiber Organic Electrochemical Transistors for In-Plant Glucose Monitoring,Jonghyun Won,Ajou university,2026-09-28,15:48,16:00,Room 104,,https://polymer.or.kr/conferenceintl/default/program/presentation_detail.php?pid=1349
GS4,26,1463,Oral,Depth-Programmable Self-Embedded Multilayer Printing Platform in a Monolithic Elastomer Matrix for Ultra-Deformable Three-Dimensional Electronics,Chang Hyun Park,Sungkyunkwan University,2026-09-28,15:48,16:00,Room 104,,https://polymer.or.kr/conferenceintl/default/program/presentation_detail.php?pid=1463
GS4,26,1539,Oral,Alkali Ion-Incorporated HfO2 Dielectrics for Reconfigurable Neuromorphic Computing,Seung Yeon Ki,"Department of Chemical and Biomolecular Engineering, Yonsei University, Seoul",2026-09-28,15:48,16:00,Room 104,,https://polymer.or.kr/conferenceintl/default/program/presentation_detail.php?pid=1539
GS4,26,1619,Oral,Tamper-Responsive Physical Unclonable Functions via Graphene-Interlayered Block Copolymer Random Structures,GYU HUI JO,Chungnam national university,2026-09-28,15:48,16:00,Room 104,,https://polymer.or.kr/conferenceintl/default/program/presentation_detail.php?pid=1619
GS4,26,1639,Oral,Self-Healable Conductive Glassy Polymer Composites for Bluetooth Antenna Applications,KAIYUAN HE,"The University of Tokyo, Riken",2026-09-28,16:00,16:12,Room 104,,https://polymer.or.kr/conferenceintl/default/program/presentation_detail.php?pid=1639
GS5,27,595,Oral,Pulsed millifluidic extraction process for battery metal recovery,Sunghun Cho,POSTECH,2026-09-28,00:00,00:00,Room 105,,https://polymer.or.kr/conferenceintl/default/program/presentation_detail.php?pid=595
GS5,27,695,Oral,From Waste to Value: Catalyst-assisted Thermomechanical Strategy for Polypropylene Valorisation and Polyolefin Compatibilization,Moon Paul,Deakin University,2026-09-28,00:00,00:00,Room 105,,https://polymer.or.kr/conferenceintl/default/program/presentation_detail.php?pid=695
GS5,27,777,Oral,Molecular Design for Reversible Deformation beyond Elastic Recovery,SOYOUNG JEON,Chungnam National university,2026-09-28,00:00,00:00,Room 105,,https://polymer.or.kr/conferenceintl/default/program/presentation_detail.php?pid=777
GS5,27,988,Oral,Recyclable Dynamic Polymers for Sustainable Electronics Applications,Kyeongmin Hong,"Korea Advanced Institute of Science & Technology (KAIST), Korea Institute of Science and Technology (KIST)",2026-09-28,00:00,00:00,Room 105,,https://polymer.or.kr/conferenceintl/default/program/presentation_detail.php?pid=988
GS5,27,1095,Oral,Elucidating the Role of Lignin Structure in Thermoplastic Polyurethane Composites: Effects of Source and Extraction Method on Interfacial Interactions and Mechanical Performance,Seoku Lee,Hanyang University,2026-09-28,00:00,00:00,Room 105,,https://polymer.or.kr/conferenceintl/default/program/presentation_detail.php?pid=1095
GS5,27,1252,Oral,All-polysaccharide thin-film composite (TFC) membranes for sustainable aqueous and organic solvent nanofiltration,Jieun Kang,KyungHee University,2026-09-28,00:00,00:00,Room 105,,https://polymer.or.kr/conferenceintl/default/program/presentation_detail.php?pid=1252
GS5,27,1269,Oral,Upcycling Cotton–PET Textiles into Hydrogel Adsorbent Sheets for Water Pollutant Removal,Guanglong HUANG,Nagoya University,2026-09-28,00:00,00:00,Room 105,,https://polymer.or.kr/conferenceintl/default/program/presentation_detail.php?pid=1269
GS5,27,716,Oral,Off-Stoichiometric Design of Disulfide-Linked Epoxy-Based CAN Structural Adhesives with Reusability for Elevated-Temperature Applications,Jae Hong Park,Pusan national university,2026-09-28,14:24,14:36,Room 105,,https://polymer.or.kr/conferenceintl/default/program/presentation_detail.php?pid=716
GS5,27,1511,Oral,Advanced Adhesives by Supramolecular Ionic Polymerization,Hanyu Liang,The University of Tokyo,2026-09-28,14:36,14:48,Room 105,,https://polymer.or.kr/conferenceintl/default/program/presentation_detail.php?pid=1511
GS5,27,422,Oral,Engineered Gluten-Based Biofibers for Sustainable Down-Alternative with Superior Thermal Insulation,Soyeon Kim,"BK21 FOUR Department of Materials Science and Engineering, Korea University, Seoul, 02841, Republic of Korea",2026-09-28,14:48,15:00,Room 105,,https://polymer.or.kr/conferenceintl/default/program/presentation_detail.php?pid=422
GS5,27,529,Oral,Eco-friendly materials for food packaging applications,Justyna Jakubska,Silesian University of Technology,2026-09-28,15:00,15:12,Room 105,,https://polymer.or.kr/conferenceintl/default/program/presentation_detail.php?pid=529
GS5,27,1628,Oral,Machine Learning-Based Optimization and Experimental Validation of Maleic Anhydride Compatibilizer Composition in PP/HDPE PCR Blends,Sungwoong Choi,KITECH,2026-09-28,15:12,15:24,Room 105,,https://polymer.or.kr/conferenceintl/default/program/presentation_detail.php?pid=1628
GS5,27,226,Oral,The tunable reactivity of carbamate and urea groups in waste polyurethanes based on Zn catalysis,Lei Yan,"College of Chemistry, Sichuan University",2026-09-28,15:48,16:00,Room 105,,https://polymer.or.kr/conferenceintl/default/program/presentation_detail.php?pid=226
GS5,27,439,Oral,Glycolysis of polyesterimides for sustainable recycling and upcycling of high value monomers,Po Yi Lu,National Taiwan University,2026-09-28,16:12,16:24,Room 105,,https://polymer.or.kr/conferenceintl/default/program/presentation_detail.php?pid=439
GS5,27,400,Oral,Processing and Characterization of Biopolyol-Based Smart Polyurethane,Wonjin Lee,Seoul National University,2026-09-28,16:36,16:48,Room 105,,https://polymer.or.kr/conferenceintl/default/program/presentation_detail.php?pid=400
IDS1,30,1131,Invited,In Situ Cross-linked 3D Composite Polymer Electrolytes Utilizing Ferroelectric Nanoparticle-Incorporated Nanowebs for Advanced Solid-State Lithium Batteries,Yongku Kang,Korea Research Institute of Chemical Technology,2026-09-30,00:00,00:00,Room 105,,https://polymer.or.kr/conferenceintl/default/program/presentation_detail.php?pid=1131
IDS1,30,1133,Invited,Wrinkle-Engineered Parylene Thin Films for Optical and Security Applications,Hyunjin Park,Korea Research Institute of Chemical Technology,2026-09-30,00:00,00:00,Room 105,,https://polymer.or.kr/conferenceintl/default/program/presentation_detail.php?pid=1133
IDS1,30,1221,Invited,Perovskite Solar Module Researches in KRICT: Progresses and perspectives,Young Yun Kim,KRICT (Korea Research Institute of Chemical Technology),2026-09-30,00:00,00:00,Room 105,,https://polymer.or.kr/conferenceintl/default/program/presentation_detail.php?pid=1221
IDS1,30,1262,Invited,Printed Metallic Electrodes with High Conductivity and Mechanical Compliance for Flexible and Stretchable Electronics,Su Yeon Lee,Korea Research Institute of Chemical Technology,2026-09-30,00:00,00:00,Room 105,,https://polymer.or.kr/conferenceintl/default/program/presentation_detail.php?pid=1262
IDS1,30,1410,Invited,Designing Liquid Crystal Elastomers for Soft Robotic Actuators,Hyun Kim,Korea Research Institute of Chemical Technology (KRICT),2026-09-30,00:00,00:00,Room 105,,https://polymer.or.kr/conferenceintl/default/program/presentation_detail.php?pid=1410
IDS1,30,1459,Invited,"Fluorochemical Materials: The Past, Present, and Future",Eun-Ho Sohn,Korea Research Institute of Chemical Technology,2026-09-30,00:00,00:00,Room 105,,https://polymer.or.kr/conferenceintl/default/program/presentation_detail.php?pid=1459
IDS1,30,1609,Invited,Design of Polymer-Inorganic Hybrid Interphases for Interfacial Stability in Lithium Metal Batteries,Jungdon Suk,KRICT,2026-09-30,00:00,00:00,Room 105,,https://polymer.or.kr/conferenceintl/default/program/presentation_detail.php?pid=1609
IDS2,31,1694,Invited,Enzyme-regulated extended swelling of hydrogels for dehiscence-less tissue expansions,Jeong-Yun Sun,Seoul National University,0000-00-00,00:00,00:00,Room 102,,https://polymer.or.kr/conferenceintl/default/program/presentation_detail.php?pid=1694
IDS2,31,1750,Invited,Development of a Stratum Corneum Lipid Membrane Model for Assessing Liposomal Transdermal Delivery,Jae Jung Kim,Hongik University,0000-00-00,00:00,00:00,Room 102,,https://polymer.or.kr/conferenceintl/default/program/presentation_detail.php?pid=1750
IDS2,31,1752,Invited,Ceramide-Enhanced Piezoelectricity in Self-Assembled Multilayer Liquid-Crystalline Emulsions,Byoung-Ki Cho,Dankook University,0000-00-00,00:00,00:00,Room 102,,https://polymer.or.kr/conferenceintl/default/program/presentation_detail.php?pid=1752
IDS2,31,1756,Invited,Charge-Conversion Chemistry for Effective Delivery of Keratin-Rebonding Materials into Hair Shafts,Yan Lee,Seoul National University,0000-00-00,00:00,00:00,Room 102,,https://polymer.or.kr/conferenceintl/default/program/presentation_detail.php?pid=1756
IDS2,31,1767,Invited,Complementary Roles of Ceramide Subclasses in the Stratum Corneum Barrier: A Molecular Dynamics Study,Yoonsung Nam,KAIST,0000-00-00,00:00,00:00,Room 102,,https://polymer.or.kr/conferenceintl/default/program/presentation_detail.php?pid=1767
IDS2,31,1739,Invited,Unveiling Physical Phenomena in Hydrated Soft Materials: Liquid-Phase AFM for Advanced Cosmetic Formulations,Hyosung An,Hanyang University,0000-00-00,00:00,00:00,Room 102,,https://polymer.or.kr/conferenceintl/default/program/presentation_detail.php?pid=1739
IDS2,31,1771,Invited,"Quantifying the effects of repeated dyeing: Morphological, mechanical, and chemical changes in human hair fibers",Kyung Sook Kim,Kyung Hee University,0000-00-00,00:00,00:00,Room 102,,https://polymer.or.kr/conferenceintl/default/program/presentation_detail.php?pid=1771
IDS2,31,1779,Invited,Influence of Hyaluronic Acid Molecular Weight on the Transdermal Transport of Liposomal Cargo,hyuksang yoo,kangwon national university,0000-00-00,00:00,00:00,Room 102,,https://polymer.or.kr/conferenceintl/default/program/presentation_detail.php?pid=1779
IDS2,31,1782,Invited,Decoding Inorganic Sunscreen efficacy through Rheology-Holography analysis,Gi-Ra Yi,POSTECH,0000-00-00,00:00,00:00,Room 102,,https://polymer.or.kr/conferenceintl/default/program/presentation_detail.php?pid=1782
IDS2,31,1784,Invited,Advanced Photonic Nanomaterials for Light-Mediated Skin Regeneration,Hyemin Kim,Konkuk University,0000-00-00,00:00,00:00,Room 102,,https://polymer.or.kr/conferenceintl/default/program/presentation_detail.php?pid=1784
IDS2,31,1793,Invited,Microencapsulation of Alcohol Solvents and High-Content Actives for Efficient Transdermal Delivery,Yoon-Ho Hwang,Pukyong National University,0000-00-00,00:00,00:00,Room 102,,https://polymer.or.kr/conferenceintl/default/program/presentation_detail.php?pid=1793
IDS2,31,1869,Invited,Manufacturable Exosomes: Milk-Derived Vesicles as a Cosmetic Soft Material,Sun Hwa Kim,Korea Institute of Science and Technology,0000-00-00,00:00,00:00,Room 102,,https://polymer.or.kr/conferenceintl/default/program/presentation_detail.php?pid=1869
IDS2,31,1872,Invited,Premium Lipstick Formulations Achieving Uniform Coloration and Smooth Application through 3D Microstructural Analysis and Rheological Analysis,Min-Ho Kang,The Catholic university of Korea,0000-00-00,00:00,00:00,Room 102,,https://polymer.or.kr/conferenceintl/default/program/presentation_detail.php?pid=1872
IDS2,31,1753,Invited,Wrinkle-Induced Marangoni Flow Enables Dynamic Homogenization of Inorganic UV Filters in Sunscreen Films,Jun Dong Park,Sookmyung Women's University,0000-00-00,00:00,00:00,Room 102,,https://polymer.or.kr/conferenceintl/default/program/presentation_detail.php?pid=1753
IDS2,31,1760,Invited,Robust Seawater-Resistant O/W Sunscreen Formulation via Alginate-Cation Crosslinking,Daehwan Park,Jeju National University,0000-00-00,00:00,00:00,Room 102,,https://polymer.or.kr/conferenceintl/default/program/presentation_detail.php?pid=1760
IDS2,31,1751,Invited,Multiscale Engineering of Plasmonic Nanocubes for Tunable Light–Matter Interactions,Jeong Eun Park,GIST,0000-00-00,00:00,00:00,Room 102,,https://polymer.or.kr/conferenceintl/default/program/presentation_detail.php?pid=1751
IDS2,31,1781,Keynote,Antimicrobial metal-phenolic nanocoatings for anti-odor textiles and novel skin formulations,Joseph J. Richardson,RMIT University,0000-00-00,00:00,00:00,Room 102,,https://polymer.or.kr/conferenceintl/default/program/presentation_detail.php?pid=1781
IDS2,31,1798,Keynote,Next-Generation Functional Hollow Spheres for Advanced Cosmetic Applications,To Ngai,The Chinese University of Hong Kong,0000-00-00,00:00,00:00,Room 102,,https://polymer.or.kr/conferenceintl/default/program/presentation_detail.php?pid=1798
IDS3,32,1776,Invited,From Molecular Simulations to Artificial Intelligence  for Advanced Patterning Materials Designs,Su-Mi Hur,Daegu Gyeongbuk Institute of Science & Technology,0000-00-00,00:00,00:00,Room 314,,https://polymer.or.kr/conferenceintl/default/program/presentation_detail.php?pid=1776
IDS4,33,1870,Keynote,Interfacial Evolution and Engineering in High-Energy All-Solid-State Batteries,Yoon Seok Jung,Yonsei University,2026-09-29,10:50,11:15,Room 315,,https://polymer.or.kr/conferenceintl/default/program/presentation_detail.php?pid=1870
IDS4,33,1860,Keynote,Surface-Enhanced Ultra High-Nickel Layered Cathodes,Jae Chul Kim,Stevens Institute of Technology,2026-09-29,11:15,11:35,Room 315,,https://polymer.or.kr/conferenceintl/default/program/presentation_detail.php?pid=1860
IDS4,33,1843,Invited,Pore-network homogeneity for mechanically reliable solid-electrolyte separators in all-solid-state batteries,Sung Kyun Jung,Seoul National University,2026-09-29,11:40,12:05,Room 315,,https://polymer.or.kr/conferenceintl/default/program/presentation_detail.php?pid=1843
IDS4,33,1838,Invited,Tailoring Particle Morphology and Crystal Structure of Ni-Rich Cathodes for Next-Generation Lithium and All-Solid-State Batteries,Nam-Yung Park,Inha University,2026-09-29,16:10,16:30,Room 315,,https://polymer.or.kr/conferenceintl/default/program/presentation_detail.php?pid=1838
IDS4,33,1845,Invited,Interface Engineering of Layered Cathodes for High-Energy Lithium-Ion Batteries,Junyoung Mun,Sungkyunkwan University,2026-09-29,16:40,17:05,Room 315,,https://polymer.or.kr/conferenceintl/default/program/presentation_detail.php?pid=1845
IDS4,33,1861,Invited,"Seeing Structure, Enabling Discovery: Neutron and X-ray Diffraction for Next-Generation Batteries",Wei Kong Pang,University of Wollongong,2026-09-29,17:05,17:30,Room 315,,https://polymer.or.kr/conferenceintl/default/program/presentation_detail.php?pid=1861
IDS4,33,1871,Invited,Mechanistic Insights into the Design of Advanced Electrode Materials for Rechargeable Batteries,Seung-Ho Yu,Korea University,2026-09-29,17:30,17:50,Room 315,,https://polymer.or.kr/conferenceintl/default/program/presentation_detail.php?pid=1871
IDS4,33,1824,Invited,Pit-Controllable Lithium Metal Protection in Lithium–Sulfur Batteries,Hongkyung LEE,"Yonsei University, Korea",2026-09-29,17:50,18:10,Room 315,,https://polymer.or.kr/conferenceintl/default/program/presentation_detail.php?pid=1824
IDS5,35,1874,Invited,PVA and Natural Rubber Latex for Sustainable Pavement Materials,Suksun Horpibulsuk,National Science and Technology Development Agency (NSTDA),2026-09-29,10:50,11:15,Room 105,Youn Soo KIM,https://polymer.or.kr/conferenceintl/default/program/presentation_detail.php?pid=1874
IDS5,35,1880,Invited,Organic Electrochemical Transistors: Current Debates and Open Questions,Dae Sung Chung,POSTECH,2026-09-29,11:15,11:40,Room 105,Youn Soo KIM,https://polymer.or.kr/conferenceintl/default/program/presentation_detail.php?pid=1880
IDS5,35,1877,Invited,SuFEx-Enabled Synthesis of Fluorescent Conjugated Polymers for Rapid Explosives Detection,Hanyong Bae,Sungkyunkwan University,2026-09-29,11:40,12:05,Room 105,Youn Soo KIM,https://polymer.or.kr/conferenceintl/default/program/presentation_detail.php?pid=1877
IDS5,35,1887,Invited,Toward Predictive Modeling of Ion Dynamics and Electron Transport in Polymer Electrolytes and Conducting Polymers,Chang Yun Son,Seoul National University,2026-09-29,12:05,12:30,Room 105,Youn Soo KIM,https://polymer.or.kr/conferenceintl/default/program/presentation_detail.php?pid=1887
IDS5,35,1883,Invited,Polymer and Carbon Materials Engineering for Extreme Fast-Charging Lithium-Ion Batteries,Agus Purwanto,Sebelas Maret University,2026-09-29,15:00,15:25,Room 105,Kang Hee Ku,https://polymer.or.kr/conferenceintl/default/program/presentation_detail.php?pid=1883
IDS5,35,1876,Invited,REMP Grubbs Catalysts for Cyclic Polymer Synthesis,Eunsung Lee,Seoul National University,2026-09-29,15:25,15:50,Room 105,Kang Hee Ku,https://polymer.or.kr/conferenceintl/default/program/presentation_detail.php?pid=1876
IDS5,35,1889,Invited,Defect Engineering of Metal-Halide Perovskites for Next-Generation Optoelectronics,Hobeom Kim,Gwangju Institute of Science and Technology (GIST),2026-09-29,15:50,16:10,Room 105,Kang Hee Ku,https://polymer.or.kr/conferenceintl/default/program/presentation_detail.php?pid=1889
IDS5,35,1878,Invited,Beyond Binding: From Adhesive to Architect,Jaegeon Ryu,Sogang University,2026-09-29,16:10,16:30,Room 105,Kang Hee Ku,https://polymer.or.kr/conferenceintl/default/program/presentation_detail.php?pid=1878
IDS5,35,1875,Invited,The Power of Helicity Memory for Helical Polymer Synthesis and Applications,Eiji Yashima,National Tsing Hua University,2026-09-29,16:30,16:55,Room 105,Kang Hee Ku,https://polymer.or.kr/conferenceintl/default/program/presentation_detail.php?pid=1875
